canonical_document_id,sha256,company_name,company_slug,fiscal_year,technical_document_family,official_doc_type,official_doc_type_label,doc_type_stratum,doc_subtype,period_type,regulatory_status,parent_doc_id,status,taxonomy_notes,source_document_path,taxonomy_document_path,taxonomy_manifest_path,taxonomy_references_path,error_type,error_message
canonical_ec70a18fbe4a81e3fc2a2fe0,0040b3612bd5f18caffe67f994f1dbc5c1d8aa4889bd9a12ce5a9bf444886722,LVMH,lvmh,2024,agm_document,16_agm_minutes_resolutions,AGM minutes / resolutions,governance,agm_document,annual_or_ad_hoc,regulated_or_official,,already_exists,[],C:\Users\hp\Desktop\ESG\ESGCorpus\lvmh\2024\agm-document\canonical-ec70a18fbe4a81e3fc2a2fe0\document.pdf,C:\Users\hp\Desktop\ESG\ESGCorpusTaxonomy\lvmh\2024\16_agm_minutes_resolutions\canonical-ec70a18fbe4a81e3fc2a2fe0\document.pdf,C:\Users\hp\Desktop\ESG\ESGCorpusTaxonomy\lvmh\2024\16_agm_minutes_resolutions\canonical-ec70a18fbe4a81e3fc2a2fe0\manifest.json,C:\Users\hp\Desktop\ESG\ESGCorpusTaxonomy\lvmh\2024\16_agm_minutes_resolutions\canonical-ec70a18fbe4a81e3fc2a2fe0\references.json,,
canonical_171a1addeffde29603b04286,0159dd14ce81db2c7a0aeec6848a5ca2d2766ed858d8a7681641a8947d2f0331,TotalEnergies,totalenergies,2024,assurance_report,19_third_party_assurance_report,Third-party assurance report,assurance,assurance_report,annual_or_ad_hoc,regulated_or_voluntary,,already_exists,[],C:\Users\hp\Desktop\ESG\ESGCorpus\totalenergies\2024\assurance-report\canonical-171a1addeffde29603b04286\document.pdf,C:\Users\hp\Desktop\ESG\ESGCorpusTaxonomy\totalenergies\2024\19_third_party_assurance_report\canonical-171a1addeffde29603b04286\document.pdf,C:\Users\hp\Desktop\ESG\ESGCorpusTaxonomy\totalenergies\2024\19_third_party_assurance_report\canonical-171a1addeffde29603b04286\manifest.json,C:\Users\hp\Desktop\ESG\ESGCorpusTaxonomy\totalenergies\2024\19_third_party_assurance_report\canonical-171a1addeffde29603b04286\references.json,,
canonical_553c953e529a900651b9932e,01eadada823c66bf9ded62511dc44a9796cd9cd1d333fbe105889bab075b09b8,LVMH,lvmh,2024,corporate_policy,,,,corporate_policy_needs_review,perpetual,policy,,needs_review,"[""corporate_policy_needs_review""]",C:\Users\hp\Desktop\ESG\ESGCorpus\lvmh\2024\corporate-policy\canonical-553c953e529a900651b9932e\document.pdf,,,,,
canonical_27bcf6d5f801e4f91d73efd8,02226e1cf5328810510451e1e524e966389750963175a41474de835e18d5aaab,Schneider Electric,schneider-electric,2024,sustainability_report,02_sustainability_statement_csrd_esrs,Sustainability statement / CSRD / ESRS,core_sustainability,sustainability_report,annual,regulated_or_emerging_regulated,,already_exists,[],C:\Users\hp\Desktop\ESG\ESGCorpus\schneider-electric\2024\sustainability-report\canonical-27bcf6d5f801e4f91d73efd8\document.pdf,C:\Users\hp\Desktop\ESG\ESGCorpusTaxonomy\schneider-electric\2024\02_sustainability_statement_csrd_esrs\canonical-27bcf6d5f801e4f91d73efd8\document.pdf,C:\Users\hp\Desktop\ESG\ESGCorpusTaxonomy\schneider-electric\2024\02_sustainability_statement_csrd_esrs\canonical-27bcf6d5f801e4f91d73efd8\manifest.json,C:\Users\hp\Desktop\ESG\ESGCorpusTaxonomy\schneider-electric\2024\02_sustainability_statement_csrd_esrs\canonical-27bcf6d5f801e4f91d73efd8\references.json,,
canonical_6433e2342f80e4ea22b33d6d,043619c4055d75c576e48cd8b5df9178cf7b0ce5b769899d2d48c33e5ff60567,LVMH,lvmh,2024,cdp_response,17_cdp_response,CDP response,external_questionnaire,cdp_response,annual,voluntary,,already_exists,[],C:\Users\hp\Desktop\ESG\ESGCorpus\lvmh\2024\cdp-response\canonical-6433e2342f80e4ea22b33d6d\document.pdf,C:\Users\hp\Desktop\ESG\ESGCorpusTaxonomy\lvmh\2024\17_cdp_response\canonical-6433e2342f80e4ea22b33d6d\document.pdf,C:\Users\hp\Desktop\ESG\ESGCorpusTaxonomy\lvmh\2024\17_cdp_response\canonical-6433e2342f80e4ea22b33d6d\manifest.json,C:\Users\hp\Desktop\ESG\ESGCorpusTaxonomy\lvmh\2024\17_cdp_response\canonical-6433e2342f80e4ea22b33d6d\references.json,,
canonical_148904e2bf67d05bd3d3d5d4,047837ccb89b3da4a94ced2d32fa126014ac9f75da2933a2a3412338b7902df4,TotalEnergies,totalenergies,2024,climate_report,03_climate_report_tcfd_transition_plan,Climate report / TCFD / transition plan,climate,climate_report,annual_or_ad_hoc,voluntary_or_regulated,,already_exists,[],C:\Users\hp\Desktop\ESG\ESGCorpus\totalenergies\2024\climate-report\canonical-148904e2bf67d05bd3d3d5d4\document.pdf,C:\Users\hp\Desktop\ESG\ESGCorpusTaxonomy\totalenergies\2024\03_climate_report_tcfd_transition_plan\canonical-148904e2bf67d05bd3d3d5d4\document.pdf,C:\Users\hp\Desktop\ESG\ESGCorpusTaxonomy\totalenergies\2024\03_climate_report_tcfd_transition_plan\canonical-148904e2bf67d05bd3d3d5d4\manifest.json,C:\Users\hp\Desktop\ESG\ESGCorpusTaxonomy\totalenergies\2024\03_climate_report_tcfd_transition_plan\canonical-148904e2bf67d05bd3d3d5d4\references.json,,
canonical_86b365d4340d7b93ec336a98,048987d13ce989072355bb30d69acf3afb94c62abc738378c40487b02ba9832b,LVMH,lvmh,2024,sbti_commitment,18_sbti_validation,SBTi validation,external_validation,sbti_commitment,ad_hoc,voluntary,,already_exists,[],C:\Users\hp\Desktop\ESG\ESGCorpus\lvmh\2024\sbti-commitment\canonical-86b365d4340d7b93ec336a98\document.pdf,C:\Users\hp\Desktop\ESG\ESGCorpusTaxonomy\lvmh\2024\18_sbti_validation\canonical-86b365d4340d7b93ec336a98\document.pdf,C:\Users\hp\Desktop\ESG\ESGCorpusTaxonomy\lvmh\2024\18_sbti_validation\canonical-86b365d4340d7b93ec336a98\manifest.json,C:\Users\hp\Desktop\ESG\ESGCorpusTaxonomy\lvmh\2024\18_sbti_validation\canonical-86b365d4340d7b93ec336a98\references.json,,
canonical_39c606c4306b914724d28cb6,04dc4f267e6a04b911f2c6bf1e4cdd7a083af01968e9151349ae080876807a91,LVMH,lvmh,2024,corporate_policy,,,,corporate_policy_needs_review,perpetual,policy,,needs_review,"[""corporate_policy_needs_review""]",C:\Users\hp\Desktop\ESG\ESGCorpus\lvmh\2024\corporate-policy\canonical-39c606c4306b914724d28cb6\document.pdf,,,,,
canonical_24fca5a2e18659766618497d,056adaaccb90133ea20b8ebf9599267dd8831f900ac267efc92bbd0486c9ea59,LVMH,lvmh,2024,corporate_policy,,,,corporate_policy_needs_review,perpetual,policy,,needs_review,"[""corporate_policy_needs_review""]",C:\Users\hp\Desktop\ESG\ESGCorpus\lvmh\2024\corporate-policy\canonical-24fca5a2e18659766618497d\document.pdf,,,,,
canonical_18e95f0bd80c47c1841c51ad,06ae7c56a149067b2a614758bf2688e41c698e9b666f5292fca58cd31c9739d9,LVMH,lvmh,2024,corporate_policy,,,,corporate_policy_needs_review,perpetual,policy,,needs_review,"[""corporate_policy_needs_review""]",C:\Users\hp\Desktop\ESG\ESGCorpus\lvmh\2024\corporate-policy\canonical-18e95f0bd80c47c1841c51ad\document.pdf,,,,,
canonical_07f3b0071b9aa9ab82562071,06cc343bbe92b12c7e2a413d3673bafb99515be1140741b0072f396dcdc64d48,LVMH,lvmh,2024,agm_document,16_agm_minutes_resolutions,AGM minutes / resolutions,governance,agm_document,annual_or_ad_hoc,regulated_or_official,,already_exists,[],C:\Users\hp\Desktop\ESG\ESGCorpus\lvmh\2024\agm-document\canonical-07f3b0071b9aa9ab82562071\document.pdf,C:\Users\hp\Desktop\ESG\ESGCorpusTaxonomy\lvmh\2024\16_agm_minutes_resolutions\canonical-07f3b0071b9aa9ab82562071\document.pdf,C:\Users\hp\Desktop\ESG\ESGCorpusTaxonomy\lvmh\2024\16_agm_minutes_resolutions\canonical-07f3b0071b9aa9ab82562071\manifest.json,C:\Users\hp\Desktop\ESG\ESGCorpusTaxonomy\lvmh\2024\16_agm_minutes_resolutions\canonical-07f3b0071b9aa9ab82562071\references.json,,
canonical_5e299d6d8559efb9519acff5,0c72c0d2b39dfc9cc10e677853ae8bd74ad92b4cd23a9dd77741d14a3f7da01b,LVMH,lvmh,2024,sbti_commitment,18_sbti_validation,SBTi validation,external_validation,sbti_commitment,ad_hoc,voluntary,,already_exists,[],C:\Users\hp\Desktop\ESG\ESGCorpus\lvmh\2024\sbti-commitment\canonical-5e299d6d8559efb9519acff5\document.pdf,C:\Users\hp\Desktop\ESG\ESGCorpusTaxonomy\lvmh\2024\18_sbti_validation\canonical-5e299d6d8559efb9519acff5\document.pdf,C:\Users\hp\Desktop\ESG\ESGCorpusTaxonomy\lvmh\2024\18_sbti_validation\canonical-5e299d6d8559efb9519acff5\manifest.json,C:\Users\hp\Desktop\ESG\ESGCorpusTaxonomy\lvmh\2024\18_sbti_validation\canonical-5e299d6d8559efb9519acff5\references.json,,
canonical_487d6f4c7e78994b1baeee15,0e1fad746c06f32c697627f6dfbdcee2fb198a0ef95eb58520a569e9ff85fd42,LVMH,lvmh,2024,agm_document,16_agm_minutes_resolutions,AGM minutes / resolutions,governance,agm_document,annual_or_ad_hoc,regulated_or_official,,already_exists,[],C:\Users\hp\Desktop\ESG\ESGCorpus\lvmh\2024\agm-document\canonical-487d6f4c7e78994b1baeee15\document.pdf,C:\Users\hp\Desktop\ESG\ESGCorpusTaxonomy\lvmh\2024\16_agm_minutes_resolutions\canonical-487d6f4c7e78994b1baeee15\document.pdf,C:\Users\hp\Desktop\ESG\ESGCorpusTaxonomy\lvmh\2024\16_agm_minutes_resolutions\canonical-487d6f4c7e78994b1baeee15\manifest.json,C:\Users\hp\Desktop\ESG\ESGCorpusTaxonomy\lvmh\2024\16_agm_minutes_resolutions\canonical-487d6f4c7e78994b1baeee15\references.json,,
canonical_db3cccf9254818b900f045ba,0f019457e993d0a078f19b99aa7088198008eeecab7c079df58c48852e70ef37,Schneider Electric,schneider-electric,2024,cdp_response,17_cdp_response,CDP response,external_questionnaire,cdp_response,annual,voluntary,,already_exists,[],C:\Users\hp\Desktop\ESG\ESGCorpus\schneider-electric\2024\cdp-response\canonical-db3cccf9254818b900f045ba\document.pdf,C:\Users\hp\Desktop\ESG\ESGCorpusTaxonomy\schneider-electric\2024\17_cdp_response\canonical-db3cccf9254818b900f045ba\document.pdf,C:\Users\hp\Desktop\ESG\ESGCorpusTaxonomy\schneider-electric\2024\17_cdp_response\canonical-db3cccf9254818b900f045ba\manifest.json,C:\Users\hp\Desktop\ESG\ESGCorpusTaxonomy\schneider-electric\2024\17_cdp_response\canonical-db3cccf9254818b900f045ba\references.json,,
canonical_3b191371bd44dcf578287c81,0fb226d9e14deed392d430f10942b75175949e165ec062a5f12b4a03a04948e6,LVMH,lvmh,2024,corporate_policy,,,,corporate_policy_needs_review,perpetual,policy,,needs_review,"[""corporate_policy_needs_review""]",C:\Users\hp\Desktop\ESG\ESGCorpus\lvmh\2024\corporate-policy\canonical-3b191371bd44dcf578287c81\document.pdf,,,,,
canonical_1f77243bf5ceb497fc2e3ce8,1142a92a3b42efeffb6be2c8177c92845be1958c6aea2c065822cd65eb2358c4,LVMH,lvmh,2024,agm_document,16_agm_minutes_resolutions,AGM minutes / resolutions,governance,agm_document,annual_or_ad_hoc,regulated_or_official,,already_exists,[],C:\Users\hp\Desktop\ESG\ESGCorpus\lvmh\2024\agm-document\canonical-1f77243bf5ceb497fc2e3ce8\document.pdf,C:\Users\hp\Desktop\ESG\ESGCorpusTaxonomy\lvmh\2024\16_agm_minutes_resolutions\canonical-1f77243bf5ceb497fc2e3ce8\document.pdf,C:\Users\hp\Desktop\ESG\ESGCorpusTaxonomy\lvmh\2024\16_agm_minutes_resolutions\canonical-1f77243bf5ceb497fc2e3ce8\manifest.json,C:\Users\hp\Desktop\ESG\ESGCorpusTaxonomy\lvmh\2024\16_agm_minutes_resolutions\canonical-1f77243bf5ceb497fc2e3ce8\references.json,,
canonical_540541c1e84290ac1fafda68,116aaaa46d983f8317ff3094f584903ae4527ceb19948ffcbb003458c6c41d85,LVMH,lvmh,2024,agm_document,16_agm_minutes_resolutions,AGM minutes / resolutions,governance,agm_document,annual_or_ad_hoc,regulated_or_official,,already_exists,[],C:\Users\hp\Desktop\ESG\ESGCorpus\lvmh\2024\agm-document\canonical-540541c1e84290ac1fafda68\document.pdf,C:\Users\hp\Desktop\ESG\ESGCorpusTaxonomy\lvmh\2024\16_agm_minutes_resolutions\canonical-540541c1e84290ac1fafda68\document.pdf,C:\Users\hp\Desktop\ESG\ESGCorpusTaxonomy\lvmh\2024\16_agm_minutes_resolutions\canonical-540541c1e84290ac1fafda68\manifest.json,C:\Users\hp\Desktop\ESG\ESGCorpusTaxonomy\lvmh\2024\16_agm_minutes_resolutions\canonical-540541c1e84290ac1fafda68\references.json,,
canonical_fa26c20290ad231f7b861848,131b5cb67ac57064003566934c1b3e3cb594d81cb6e284a726356eda547f24d2,LVMH,lvmh,2024,agm_document,16_agm_minutes_resolutions,AGM minutes / resolutions,governance,agm_document,annual_or_ad_hoc,regulated_or_official,,already_exists,[],C:\Users\hp\Desktop\ESG\ESGCorpus\lvmh\2024\agm-document\canonical-fa26c20290ad231f7b861848\document.pdf,C:\Users\hp\Desktop\ESG\ESGCorpusTaxonomy\lvmh\2024\16_agm_minutes_resolutions\canonical-fa26c20290ad231f7b861848\document.pdf,C:\Users\hp\Desktop\ESG\ESGCorpusTaxonomy\lvmh\2024\16_agm_minutes_resolutions\canonical-fa26c20290ad231f7b861848\manifest.json,C:\Users\hp\Desktop\ESG\ESGCorpusTaxonomy\lvmh\2024\16_agm_minutes_resolutions\canonical-fa26c20290ad231f7b861848\references.json,,
canonical_504262908ded40cd78167b50,15b2d3b6f4d83d8479b194956b662e8f9e2dccdfb901e501b55a5e36321528c5,LVMH,lvmh,2024,corporate_policy,,,,corporate_policy_needs_review,perpetual,policy,,needs_review,"[""corporate_policy_needs_review""]",C:\Users\hp\Desktop\ESG\ESGCorpus\lvmh\2024\corporate-policy\canonical-504262908ded40cd78167b50\document.pdf,,,,,
canonical_f46d125fb74124f364c0dcf5,15b7ef28e9526712546179e458071ba2ad64287ad663031eecf1e8b41c76aef8,TotalEnergies,totalenergies,2024,agm_document,16_agm_minutes_resolutions,AGM minutes / resolutions,governance,agm_document,annual_or_ad_hoc,regulated_or_official,,already_exists,[],C:\Users\hp\Desktop\ESG\ESGCorpus\totalenergies\2024\agm-document\canonical-f46d125fb74124f364c0dcf5\document.pdf,C:\Users\hp\Desktop\ESG\ESGCorpusTaxonomy\totalenergies\2024\16_agm_minutes_resolutions\canonical-f46d125fb74124f364c0dcf5\document.pdf,C:\Users\hp\Desktop\ESG\ESGCorpusTaxonomy\totalenergies\2024\16_agm_minutes_resolutions\canonical-f46d125fb74124f364c0dcf5\manifest.json,C:\Users\hp\Desktop\ESG\ESGCorpusTaxonomy\totalenergies\2024\16_agm_minutes_resolutions\canonical-f46d125fb74124f364c0dcf5\references.json,,
canonical_f857dcf3c77c7abe62b520cb,18684af94be4a399aaa39a1e03cfc6da14dc9e7bac47bfa8538f605438509760,LVMH,lvmh,2024,cdp_response,17_cdp_response,CDP response,external_questionnaire,cdp_response,annual,voluntary,,already_exists,[],C:\Users\hp\Desktop\ESG\ESGCorpus\lvmh\2024\cdp-response\canonical-f857dcf3c77c7abe62b520cb\document.pdf,C:\Users\hp\Desktop\ESG\ESGCorpusTaxonomy\lvmh\2024\17_cdp_response\canonical-f857dcf3c77c7abe62b520cb\document.pdf,C:\Users\hp\Desktop\ESG\ESGCorpusTaxonomy\lvmh\2024\17_cdp_response\canonical-f857dcf3c77c7abe62b520cb\manifest.json,C:\Users\hp\Desktop\ESG\ESGCorpusTaxonomy\lvmh\2024\17_cdp_response\canonical-f857dcf3c77c7abe62b520cb\references.json,,
canonical_522e69c63a2502d73e785619,1cd15932407bb13b1f2fa2c8f757191801e8d363ac099b50c69c7ffb5ff152d8,LVMH,lvmh,2024,cdp_response,17_cdp_response,CDP response,external_questionnaire,cdp_response,annual,voluntary,,already_exists,[],C:\Users\hp\Desktop\ESG\ESGCorpus\lvmh\2024\cdp-response\canonical-522e69c63a2502d73e785619\document.pdf,C:\Users\hp\Desktop\ESG\ESGCorpusTaxonomy\lvmh\2024\17_cdp_response\canonical-522e69c63a2502d73e785619\document.pdf,C:\Users\hp\Desktop\ESG\ESGCorpusTaxonomy\lvmh\2024\17_cdp_response\canonical-522e69c63a2502d73e785619\manifest.json,C:\Users\hp\Desktop\ESG\ESGCorpusTaxonomy\lvmh\2024\17_cdp_response\canonical-522e69c63a2502d73e785619\references.json,,
canonical_b49d67d5650bdbec368e8308,1ded281f7ef3c4927bf462a3e30a71d245903ecb43072c406371d76d4bbbf2c6,Schneider Electric,schneider-electric,2024,assurance_report,19_third_party_assurance_report,Third-party assurance report,assurance,assurance_report,annual_or_ad_hoc,regulated_or_voluntary,,already_exists,[],C:\Users\hp\Desktop\ESG\ESGCorpus\schneider-electric\2024\assurance-report\canonical-b49d67d5650bdbec368e8308\document.pdf,C:\Users\hp\Desktop\ESG\ESGCorpusTaxonomy\schneider-electric\2024\19_third_party_assurance_report\canonical-b49d67d5650bdbec368e8308\document.pdf,C:\Users\hp\Desktop\ESG\ESGCorpusTaxonomy\schneider-electric\2024\19_third_party_assurance_report\canonical-b49d67d5650bdbec368e8308\manifest.json,C:\Users\hp\Desktop\ESG\ESGCorpusTaxonomy\schneider-electric\2024\19_third_party_assurance_report\canonical-b49d67d5650bdbec368e8308\references.json,,
canonical_d5fc8c5b3d24b3e1f29c46ca,1ec38e1550cabcef2fa46624f789ce5503098fada7acf55d0208f214f5ab1c74,LVMH,lvmh,2024,sbti_commitment,18_sbti_validation,SBTi validation,external_validation,sbti_commitment,ad_hoc,voluntary,,already_exists,[],C:\Users\hp\Desktop\ESG\ESGCorpus\lvmh\2024\sbti-commitment\canonical-d5fc8c5b3d24b3e1f29c46ca\document.pdf,C:\Users\hp\Desktop\ESG\ESGCorpusTaxonomy\lvmh\2024\18_sbti_validation\canonical-d5fc8c5b3d24b3e1f29c46ca\document.pdf,C:\Users\hp\Desktop\ESG\ESGCorpusTaxonomy\lvmh\2024\18_sbti_validation\canonical-d5fc8c5b3d24b3e1f29c46ca\manifest.json,C:\Users\hp\Desktop\ESG\ESGCorpusTaxonomy\lvmh\2024\18_sbti_validation\canonical-d5fc8c5b3d24b3e1f29c46ca\references.json,,
canonical_21b88b77a7daf1ed63d6a77e,1f4111ee003aef7b9f0cd4a9f193a20b85a8a6c8820385019af22d1b0573ccc8,Schneider Electric,schneider-electric,2024,agm_document,16_agm_minutes_resolutions,AGM minutes / resolutions,governance,agm_document,annual_or_ad_hoc,regulated_or_official,,already_exists,[],C:\Users\hp\Desktop\ESG\ESGCorpus\schneider-electric\2024\agm-document\canonical-21b88b77a7daf1ed63d6a77e\document.pdf,C:\Users\hp\Desktop\ESG\ESGCorpusTaxonomy\schneider-electric\2024\16_agm_minutes_resolutions\canonical-21b88b77a7daf1ed63d6a77e\document.pdf,C:\Users\hp\Desktop\ESG\ESGCorpusTaxonomy\schneider-electric\2024\16_agm_minutes_resolutions\canonical-21b88b77a7daf1ed63d6a77e\manifest.json,C:\Users\hp\Desktop\ESG\ESGCorpusTaxonomy\schneider-electric\2024\16_agm_minutes_resolutions\canonical-21b88b77a7daf1ed63d6a77e\references.json,,
canonical_70030ed9076c47c252a34766,211e11ee38f4f48237e948220f33d99f9d81cf27c8d8a277049328a84d922901,LVMH,lvmh,2024,agm_document,16_agm_minutes_resolutions,AGM minutes / resolutions,governance,agm_document,annual_or_ad_hoc,regulated_or_official,,already_exists,[],C:\Users\hp\Desktop\ESG\ESGCorpus\lvmh\2024\agm-document\canonical-70030ed9076c47c252a34766\document.pdf,C:\Users\hp\Desktop\ESG\ESGCorpusTaxonomy\lvmh\2024\16_agm_minutes_resolutions\canonical-70030ed9076c47c252a34766\document.pdf,C:\Users\hp\Desktop\ESG\ESGCorpusTaxonomy\lvmh\2024\16_agm_minutes_resolutions\canonical-70030ed9076c47c252a34766\manifest.json,C:\Users\hp\Desktop\ESG\ESGCorpusTaxonomy\lvmh\2024\16_agm_minutes_resolutions\canonical-70030ed9076c47c252a34766\references.json,,
canonical_57760ae1d7a83787976185e7,2275703136143c027bb67f92a02d879a93d2d762ff4715afbee458f4598960d1,Schneider Electric,schneider-electric,2024,assurance_report,19_third_party_assurance_report,Third-party assurance report,assurance,assurance_report,annual_or_ad_hoc,regulated_or_voluntary,,already_exists,[],C:\Users\hp\Desktop\ESG\ESGCorpus\schneider-electric\2024\assurance-report\canonical-57760ae1d7a83787976185e7\document.pdf,C:\Users\hp\Desktop\ESG\ESGCorpusTaxonomy\schneider-electric\2024\19_third_party_assurance_report\canonical-57760ae1d7a83787976185e7\document.pdf,C:\Users\hp\Desktop\ESG\ESGCorpusTaxonomy\schneider-electric\2024\19_third_party_assurance_report\canonical-57760ae1d7a83787976185e7\manifest.json,C:\Users\hp\Desktop\ESG\ESGCorpusTaxonomy\schneider-electric\2024\19_third_party_assurance_report\canonical-57760ae1d7a83787976185e7\references.json,,
canonical_a25afab0df5d3b91b0d5a36b,2283b30b264346c33569ba5a425967a4700e7798e9b265ee2964c22c7e2eee6c,LVMH,lvmh,2024,agm_document,16_agm_minutes_resolutions,AGM minutes / resolutions,governance,agm_document,annual_or_ad_hoc,regulated_or_official,,already_exists,[],C:\Users\hp\Desktop\ESG\ESGCorpus\lvmh\2024\agm-document\canonical-a25afab0df5d3b91b0d5a36b\document.pdf,C:\Users\hp\Desktop\ESG\ESGCorpusTaxonomy\lvmh\2024\16_agm_minutes_resolutions\canonical-a25afab0df5d3b91b0d5a36b\document.pdf,C:\Users\hp\Desktop\ESG\ESGCorpusTaxonomy\lvmh\2024\16_agm_minutes_resolutions\canonical-a25afab0df5d3b91b0d5a36b\manifest.json,C:\Users\hp\Desktop\ESG\ESGCorpusTaxonomy\lvmh\2024\16_agm_minutes_resolutions\canonical-a25afab0df5d3b91b0d5a36b\references.json,,
canonical_a926eb0b05f78bcfa4a232f7,25b27a8258de98fe7d8f2d09a71fe9b6392067e2166a71092386d5b716ba8f02,LVMH,lvmh,2024,assurance_report,19_third_party_assurance_report,Third-party assurance report,assurance,assurance_report,annual_or_ad_hoc,regulated_or_voluntary,,already_exists,[],C:\Users\hp\Desktop\ESG\ESGCorpus\lvmh\2024\assurance-report\canonical-a926eb0b05f78bcfa4a232f7\document.pdf,C:\Users\hp\Desktop\ESG\ESGCorpusTaxonomy\lvmh\2024\19_third_party_assurance_report\canonical-a926eb0b05f78bcfa4a232f7\document.pdf,C:\Users\hp\Desktop\ESG\ESGCorpusTaxonomy\lvmh\2024\19_third_party_assurance_report\canonical-a926eb0b05f78bcfa4a232f7\manifest.json,C:\Users\hp\Desktop\ESG\ESGCorpusTaxonomy\lvmh\2024\19_third_party_assurance_report\canonical-a926eb0b05f78bcfa4a232f7\references.json,,
canonical_bc209621982ac719ff95c31c,26f06f6aaddf1d510f3bf1b4fe947c4d369b95aa50510153ec9f107a628858e5,Schneider Electric,schneider-electric,2024,investor_presentation,13_investor_presentations,Investor presentations,market_communication,investor_presentation,ad_hoc,voluntary,,already_exists,[],C:\Users\hp\Desktop\ESG\ESGCorpus\schneider-electric\2024\investor-presentation\canonical-bc209621982ac719ff95c31c\document.pdf,C:\Users\hp\Desktop\ESG\ESGCorpusTaxonomy\schneider-electric\2024\13_investor_presentations\canonical-bc209621982ac719ff95c31c\document.pdf,C:\Users\hp\Desktop\ESG\ESGCorpusTaxonomy\schneider-electric\2024\13_investor_presentations\canonical-bc209621982ac719ff95c31c\manifest.json,C:\Users\hp\Desktop\ESG\ESGCorpusTaxonomy\schneider-electric\2024\13_investor_presentations\canonical-bc209621982ac719ff95c31c\references.json,,
canonical_954844900cd35090c1570872,2827d430de5f8b1cc0e7deb6c9d193b225b8a45a34fcff1367c9022ff6c6cf07,LVMH,lvmh,2024,sustainability_report,02_sustainability_statement_csrd_esrs,Sustainability statement / CSRD / ESRS,core_sustainability,sustainability_report,annual,regulated_or_emerging_regulated,,already_exists,[],C:\Users\hp\Desktop\ESG\ESGCorpus\lvmh\2024\sustainability-report\canonical-954844900cd35090c1570872\document.pdf,C:\Users\hp\Desktop\ESG\ESGCorpusTaxonomy\lvmh\2024\02_sustainability_statement_csrd_esrs\canonical-954844900cd35090c1570872\document.pdf,C:\Users\hp\Desktop\ESG\ESGCorpusTaxonomy\lvmh\2024\02_sustainability_statement_csrd_esrs\canonical-954844900cd35090c1570872\manifest.json,C:\Users\hp\Desktop\ESG\ESGCorpusTaxonomy\lvmh\2024\02_sustainability_statement_csrd_esrs\canonical-954844900cd35090c1570872\references.json,,
canonical_9d1d919dc445c7d38d662de1,290509b3593aebcea58b06a8b6370ee1e62f4a3fe647b914ece755c0d38b5938,LVMH,lvmh,2024,corporate_policy,,,,corporate_policy_needs_review,perpetual,policy,,needs_review,"[""corporate_policy_needs_review""]",C:\Users\hp\Desktop\ESG\ESGCorpus\lvmh\2024\corporate-policy\canonical-9d1d919dc445c7d38d662de1\document.pdf,,,,,
canonical_8400c4e5be67249604b786e1,2d8daae3c9f81be34bd568c751cc0e45269f45e214c9ad323681b4b1dbc6b295,TotalEnergies,totalenergies,2024,remuneration_report,,,,remuneration_report_needs_review,,,,needs_review,"[""may_be_section_of_urd"", ""official_doc_type_needs_review""]",C:\Users\hp\Desktop\ESG\ESGCorpus\totalenergies\2024\remuneration-report\canonical-8400c4e5be67249604b786e1\document.pdf,,,,,
canonical_4188dd859ca235e6ee5e513b,2e67a9172bcfc91a8b00282de61fa9c73674b99bbe6587871a534032c5ea608d,LVMH,lvmh,2024,sbti_commitment,18_sbti_validation,SBTi validation,external_validation,sbti_commitment,ad_hoc,voluntary,,already_exists,[],C:\Users\hp\Desktop\ESG\ESGCorpus\lvmh\2024\sbti-commitment\canonical-4188dd859ca235e6ee5e513b\document.pdf,C:\Users\hp\Desktop\ESG\ESGCorpusTaxonomy\lvmh\2024\18_sbti_validation\canonical-4188dd859ca235e6ee5e513b\document.pdf,C:\Users\hp\Desktop\ESG\ESGCorpusTaxonomy\lvmh\2024\18_sbti_validation\canonical-4188dd859ca235e6ee5e513b\manifest.json,C:\Users\hp\Desktop\ESG\ESGCorpusTaxonomy\lvmh\2024\18_sbti_validation\canonical-4188dd859ca235e6ee5e513b\references.json,,
canonical_d22c8be0012c665f95c0e9d8,2fbbff4b4bee00369a9069969525d2f2847e2ab36cbd0fa71f4bcc682ee28de2,LVMH,lvmh,2024,agm_document,16_agm_minutes_resolutions,AGM minutes / resolutions,governance,agm_document,annual_or_ad_hoc,regulated_or_official,,already_exists,[],C:\Users\hp\Desktop\ESG\ESGCorpus\lvmh\2024\agm-document\canonical-d22c8be0012c665f95c0e9d8\document.pdf,C:\Users\hp\Desktop\ESG\ESGCorpusTaxonomy\lvmh\2024\16_agm_minutes_resolutions\canonical-d22c8be0012c665f95c0e9d8\document.pdf,C:\Users\hp\Desktop\ESG\ESGCorpusTaxonomy\lvmh\2024\16_agm_minutes_resolutions\canonical-d22c8be0012c665f95c0e9d8\manifest.json,C:\Users\hp\Desktop\ESG\ESGCorpusTaxonomy\lvmh\2024\16_agm_minutes_resolutions\canonical-d22c8be0012c665f95c0e9d8\references.json,,
canonical_037f3dd4f6e5c030c950602f,3050d1a6365a5a6e15fd560b3deca7c3591542d0beec19af1d87f9559b7a373c,LVMH,lvmh,2024,sbti_commitment,18_sbti_validation,SBTi validation,external_validation,sbti_commitment,ad_hoc,voluntary,,already_exists,[],C:\Users\hp\Desktop\ESG\ESGCorpus\lvmh\2024\sbti-commitment\canonical-037f3dd4f6e5c030c950602f\document.pdf,C:\Users\hp\Desktop\ESG\ESGCorpusTaxonomy\lvmh\2024\18_sbti_validation\canonical-037f3dd4f6e5c030c950602f\document.pdf,C:\Users\hp\Desktop\ESG\ESGCorpusTaxonomy\lvmh\2024\18_sbti_validation\canonical-037f3dd4f6e5c030c950602f\manifest.json,C:\Users\hp\Desktop\ESG\ESGCorpusTaxonomy\lvmh\2024\18_sbti_validation\canonical-037f3dd4f6e5c030c950602f\references.json,,
canonical_01554c87aee0bb4ce7d2568d,30fb774f8c30ee16e1c52fd801855a7310c5ad6db3287af503fb6dc80b00d9e5,LVMH,lvmh,2024,corporate_policy,,,,corporate_policy_needs_review,perpetual,policy,,needs_review,"[""corporate_policy_needs_review""]",C:\Users\hp\Desktop\ESG\ESGCorpus\lvmh\2024\corporate-policy\canonical-01554c87aee0bb4ce7d2568d\document.pdf,,,,,
canonical_4ca689ee945ab02dfb8fff7b,31d9d9f548de430ee0fb6ab69789c98f8af913535c20833cc1923059cfdaef77,LVMH,lvmh,2024,sbti_commitment,18_sbti_validation,SBTi validation,external_validation,sbti_commitment,ad_hoc,voluntary,,already_exists,[],C:\Users\hp\Desktop\ESG\ESGCorpus\lvmh\2024\sbti-commitment\canonical-4ca689ee945ab02dfb8fff7b\document.pdf,C:\Users\hp\Desktop\ESG\ESGCorpusTaxonomy\lvmh\2024\18_sbti_validation\canonical-4ca689ee945ab02dfb8fff7b\document.pdf,C:\Users\hp\Desktop\ESG\ESGCorpusTaxonomy\lvmh\2024\18_sbti_validation\canonical-4ca689ee945ab02dfb8fff7b\manifest.json,C:\Users\hp\Desktop\ESG\ESGCorpusTaxonomy\lvmh\2024\18_sbti_validation\canonical-4ca689ee945ab02dfb8fff7b\references.json,,
canonical_bee9489ef46f5f56c9fcc4e6,33bb28232418e0ef1642de4cd28678b1b050f3ae9cb8418f65b74f19f5e4c864,LVMH,lvmh,2024,sbti_commitment,18_sbti_validation,SBTi validation,external_validation,sbti_commitment,ad_hoc,voluntary,,already_exists,[],C:\Users\hp\Desktop\ESG\ESGCorpus\lvmh\2024\sbti-commitment\canonical-bee9489ef46f5f56c9fcc4e6\document.pdf,C:\Users\hp\Desktop\ESG\ESGCorpusTaxonomy\lvmh\2024\18_sbti_validation\canonical-bee9489ef46f5f56c9fcc4e6\document.pdf,C:\Users\hp\Desktop\ESG\ESGCorpusTaxonomy\lvmh\2024\18_sbti_validation\canonical-bee9489ef46f5f56c9fcc4e6\manifest.json,C:\Users\hp\Desktop\ESG\ESGCorpusTaxonomy\lvmh\2024\18_sbti_validation\canonical-bee9489ef46f5f56c9fcc4e6\references.json,,
canonical_558da100622aa85dff194efe,344e51fa8b0fce588abb1fe44dba4eda378a840f9377c7b5a7b17cbfd33bef26,LVMH,lvmh,2024,annual_report,01_urd_annual_report,URD / annual report,core_reporting,annual_report,annual,regulated_or_standard_reporting,,already_exists,[],C:\Users\hp\Desktop\ESG\ESGCorpus\lvmh\2024\annual-report\canonical-558da100622aa85dff194efe\document.pdf,C:\Users\hp\Desktop\ESG\ESGCorpusTaxonomy\lvmh\2024\01_urd_annual_report\canonical-558da100622aa85dff194efe\document.pdf,C:\Users\hp\Desktop\ESG\ESGCorpusTaxonomy\lvmh\2024\01_urd_annual_report\canonical-558da100622aa85dff194efe\manifest.json,C:\Users\hp\Desktop\ESG\ESGCorpusTaxonomy\lvmh\2024\01_urd_annual_report\canonical-558da100622aa85dff194efe\references.json,,
canonical_0c5182a1c8ad247f00432a23,38930f6c5670ed40e781f47631881facca0e397bffca94942e3fcec16f94e25b,LVMH,lvmh,2024,cdp_response,17_cdp_response,CDP response,external_questionnaire,cdp_response,annual,voluntary,,already_exists,[],C:\Users\hp\Desktop\ESG\ESGCorpus\lvmh\2024\cdp-response\canonical-0c5182a1c8ad247f00432a23\document.pdf,C:\Users\hp\Desktop\ESG\ESGCorpusTaxonomy\lvmh\2024\17_cdp_response\canonical-0c5182a1c8ad247f00432a23\document.pdf,C:\Users\hp\Desktop\ESG\ESGCorpusTaxonomy\lvmh\2024\17_cdp_response\canonical-0c5182a1c8ad247f00432a23\manifest.json,C:\Users\hp\Desktop\ESG\ESGCorpusTaxonomy\lvmh\2024\17_cdp_response\canonical-0c5182a1c8ad247f00432a23\references.json,,
canonical_2697d5cebb7a5e0188eef73d,3b45fbf52fd6e8a26f2a413172d8e0ad51058aa97413282e0bd9a362d2614472,TotalEnergies,totalenergies,2024,corporate_policy,,,,corporate_policy_needs_review,perpetual,policy,,needs_review,"[""corporate_policy_needs_review""]",C:\Users\hp\Desktop\ESG\ESGCorpus\totalenergies\2024\corporate-policy\canonical-2697d5cebb7a5e0188eef73d\document.pdf,,,,,
canonical_e435ee5377e8273765e97e96,3c6d316b351cfd6d99499c0e400ae72a989aeb3a5b3ed42182c3b448da09669a,LVMH,lvmh,2024,corporate_policy,,,,corporate_policy_needs_review,perpetual,policy,,needs_review,"[""corporate_policy_needs_review""]",C:\Users\hp\Desktop\ESG\ESGCorpus\lvmh\2024\corporate-policy\canonical-e435ee5377e8273765e97e96\document.pdf,,,,,
canonical_dfeddcdfb54be14e2230ab70,3cc00dd7f31db7f369b6b158838b5424a90206554d95d9f1d64fe1c2ff98d80c,LVMH,lvmh,2024,sbti_commitment,18_sbti_validation,SBTi validation,external_validation,sbti_commitment,ad_hoc,voluntary,,already_exists,[],C:\Users\hp\Desktop\ESG\ESGCorpus\lvmh\2024\sbti-commitment\canonical-dfeddcdfb54be14e2230ab70\document.pdf,C:\Users\hp\Desktop\ESG\ESGCorpusTaxonomy\lvmh\2024\18_sbti_validation\canonical-dfeddcdfb54be14e2230ab70\document.pdf,C:\Users\hp\Desktop\ESG\ESGCorpusTaxonomy\lvmh\2024\18_sbti_validation\canonical-dfeddcdfb54be14e2230ab70\manifest.json,C:\Users\hp\Desktop\ESG\ESGCorpusTaxonomy\lvmh\2024\18_sbti_validation\canonical-dfeddcdfb54be14e2230ab70\references.json,,
canonical_96b31abac292503094850e44,3edeea9fa73aebeca0a5ebad5016bc7935c4bb6ddcdf3153906e89a27ed2d92f,Schneider Electric,schneider-electric,2024,sbti_commitment,18_sbti_validation,SBTi validation,external_validation,sbti_commitment,ad_hoc,voluntary,,already_exists,[],C:\Users\hp\Desktop\ESG\ESGCorpus\schneider-electric\2024\sbti-commitment\canonical-96b31abac292503094850e44\document.pdf,C:\Users\hp\Desktop\ESG\ESGCorpusTaxonomy\schneider-electric\2024\18_sbti_validation\canonical-96b31abac292503094850e44\document.pdf,C:\Users\hp\Desktop\ESG\ESGCorpusTaxonomy\schneider-electric\2024\18_sbti_validation\canonical-96b31abac292503094850e44\manifest.json,C:\Users\hp\Desktop\ESG\ESGCorpusTaxonomy\schneider-electric\2024\18_sbti_validation\canonical-96b31abac292503094850e44\references.json,,
canonical_8c739e374905aa73beaa3846,3f5be5a2ac3a8e2ff3b9e5f6a9a36791dc483072d9423b645735ec9e5fc0817d,LVMH,lvmh,2024,sbti_commitment,18_sbti_validation,SBTi validation,external_validation,sbti_commitment,ad_hoc,voluntary,,already_exists,[],C:\Users\hp\Desktop\ESG\ESGCorpus\lvmh\2024\sbti-commitment\canonical-8c739e374905aa73beaa3846\document.pdf,C:\Users\hp\Desktop\ESG\ESGCorpusTaxonomy\lvmh\2024\18_sbti_validation\canonical-8c739e374905aa73beaa3846\document.pdf,C:\Users\hp\Desktop\ESG\ESGCorpusTaxonomy\lvmh\2024\18_sbti_validation\canonical-8c739e374905aa73beaa3846\manifest.json,C:\Users\hp\Desktop\ESG\ESGCorpusTaxonomy\lvmh\2024\18_sbti_validation\canonical-8c739e374905aa73beaa3846\references.json,,
canonical_5c63b961a7599ad79af8f705,3f85323f9e78a6d573cf69d2c6c61ce8a8f9f6c4e97ffdd63fd900b8f5ff8897,LVMH,lvmh,2024,corporate_policy,,,,corporate_policy_needs_review,perpetual,policy,,needs_review,"[""corporate_policy_needs_review""]",C:\Users\hp\Desktop\ESG\ESGCorpus\lvmh\2024\corporate-policy\canonical-5c63b961a7599ad79af8f705\document.pdf,,,,,
canonical_d273adf57ea1326cafa5b122,401cf1249fc87c7789d1c4f5fcdb6fb3862b3b55729fe7b40b11204e43d13908,LVMH,lvmh,2024,sbti_commitment,18_sbti_validation,SBTi validation,external_validation,sbti_commitment,ad_hoc,voluntary,,already_exists,[],C:\Users\hp\Desktop\ESG\ESGCorpus\lvmh\2024\sbti-commitment\canonical-d273adf57ea1326cafa5b122\document.pdf,C:\Users\hp\Desktop\ESG\ESGCorpusTaxonomy\lvmh\2024\18_sbti_validation\canonical-d273adf57ea1326cafa5b122\document.pdf,C:\Users\hp\Desktop\ESG\ESGCorpusTaxonomy\lvmh\2024\18_sbti_validation\canonical-d273adf57ea1326cafa5b122\manifest.json,C:\Users\hp\Desktop\ESG\ESGCorpusTaxonomy\lvmh\2024\18_sbti_validation\canonical-d273adf57ea1326cafa5b122\references.json,,
canonical_f9c1287e886ad69faa6e9533,4020c6f831bf1ea8f07305115a1554044684bfa027ed2521e1a5a6e59c9bbb4e,Schneider Electric,schneider-electric,2024,sbti_commitment,18_sbti_validation,SBTi validation,external_validation,sbti_commitment,ad_hoc,voluntary,,already_exists,[],C:\Users\hp\Desktop\ESG\ESGCorpus\schneider-electric\2024\sbti-commitment\canonical-f9c1287e886ad69faa6e9533\document.pdf,C:\Users\hp\Desktop\ESG\ESGCorpusTaxonomy\schneider-electric\2024\18_sbti_validation\canonical-f9c1287e886ad69faa6e9533\document.pdf,C:\Users\hp\Desktop\ESG\ESGCorpusTaxonomy\schneider-electric\2024\18_sbti_validation\canonical-f9c1287e886ad69faa6e9533\manifest.json,C:\Users\hp\Desktop\ESG\ESGCorpusTaxonomy\schneider-electric\2024\18_sbti_validation\canonical-f9c1287e886ad69faa6e9533\references.json,,
canonical_78aa11ff26d288e3b0414476,40ab287bed8360c6d97086cfdd82c5ea7196fd888cd102aaa83fe87592567bc6,Schneider Electric,schneider-electric,2024,corporate_policy,08_anticorruption_policy,Anti-corruption policy,policy,anticorruption_policy,perpetual,policy,,already_exists,[],C:\Users\hp\Desktop\ESG\ESGCorpus\schneider-electric\2024\corporate-policy\canonical-78aa11ff26d288e3b0414476\document.pdf,C:\Users\hp\Desktop\ESG\ESGCorpusTaxonomy\schneider-electric\2024\08_anticorruption_policy\canonical-78aa11ff26d288e3b0414476\document.pdf,C:\Users\hp\Desktop\ESG\ESGCorpusTaxonomy\schneider-electric\2024\08_anticorruption_policy\canonical-78aa11ff26d288e3b0414476\manifest.json,C:\Users\hp\Desktop\ESG\ESGCorpusTaxonomy\schneider-electric\2024\08_anticorruption_policy\canonical-78aa11ff26d288e3b0414476\references.json,,
canonical_31235007707d743ab22c047b,41868edca2a7c74ff2aa4357854389072aaba8098edf6038c00eed85f2dac3ab,LVMH,lvmh,2024,sbti_commitment,18_sbti_validation,SBTi validation,external_validation,sbti_commitment,ad_hoc,voluntary,,already_exists,[],C:\Users\hp\Desktop\ESG\ESGCorpus\lvmh\2024\sbti-commitment\canonical-31235007707d743ab22c047b\document.pdf,C:\Users\hp\Desktop\ESG\ESGCorpusTaxonomy\lvmh\2024\18_sbti_validation\canonical-31235007707d743ab22c047b\document.pdf,C:\Users\hp\Desktop\ESG\ESGCorpusTaxonomy\lvmh\2024\18_sbti_validation\canonical-31235007707d743ab22c047b\manifest.json,C:\Users\hp\Desktop\ESG\ESGCorpusTaxonomy\lvmh\2024\18_sbti_validation\canonical-31235007707d743ab22c047b\references.json,,
canonical_0d3c8ce0c45869d05240f983,418cf4897a189227e058cfb1e74a1aafd1e9588d9b0c8dc246abb84b8078e7d3,LVMH,lvmh,2024,corporate_policy,,,,corporate_policy_needs_review,perpetual,policy,,needs_review,"[""corporate_policy_needs_review""]",C:\Users\hp\Desktop\ESG\ESGCorpus\lvmh\2024\corporate-policy\canonical-0d3c8ce0c45869d05240f983\document.pdf,,,,,
canonical_e0869f5c569cb771e1d68d38,41bd8ddfaf795c3a796238fdb134bd6a58309c4d500a6ab89450830a8bedd78c,Schneider Electric,schneider-electric,2024,agm_document,16_agm_minutes_resolutions,AGM minutes / resolutions,governance,agm_document,annual_or_ad_hoc,regulated_or_official,,already_exists,[],C:\Users\hp\Desktop\ESG\ESGCorpus\schneider-electric\2024\agm-document\canonical-e0869f5c569cb771e1d68d38\document.pdf,C:\Users\hp\Desktop\ESG\ESGCorpusTaxonomy\schneider-electric\2024\16_agm_minutes_resolutions\canonical-e0869f5c569cb771e1d68d38\document.pdf,C:\Users\hp\Desktop\ESG\ESGCorpusTaxonomy\schneider-electric\2024\16_agm_minutes_resolutions\canonical-e0869f5c569cb771e1d68d38\manifest.json,C:\Users\hp\Desktop\ESG\ESGCorpusTaxonomy\schneider-electric\2024\16_agm_minutes_resolutions\canonical-e0869f5c569cb771e1d68d38\references.json,,
canonical_2d6a2fa5ade81900e7c51308,428b8ca97da43ef9e3a64705d516adad84595840b36411d67dd5526e5b0ef295,LVMH,lvmh,2024,agm_document,16_agm_minutes_resolutions,AGM minutes / resolutions,governance,agm_document,annual_or_ad_hoc,regulated_or_official,,already_exists,[],C:\Users\hp\Desktop\ESG\ESGCorpus\lvmh\2024\agm-document\canonical-2d6a2fa5ade81900e7c51308\document.pdf,C:\Users\hp\Desktop\ESG\ESGCorpusTaxonomy\lvmh\2024\16_agm_minutes_resolutions\canonical-2d6a2fa5ade81900e7c51308\document.pdf,C:\Users\hp\Desktop\ESG\ESGCorpusTaxonomy\lvmh\2024\16_agm_minutes_resolutions\canonical-2d6a2fa5ade81900e7c51308\manifest.json,C:\Users\hp\Desktop\ESG\ESGCorpusTaxonomy\lvmh\2024\16_agm_minutes_resolutions\canonical-2d6a2fa5ade81900e7c51308\references.json,,
canonical_a34b94239955b0e10b15d596,42a29a967c1b6c0695e33ab5f1526812650e85d9bc3a12509dd44e43e97a8457,LVMH,lvmh,2024,sbti_commitment,18_sbti_validation,SBTi validation,external_validation,sbti_commitment,ad_hoc,voluntary,,already_exists,[],C:\Users\hp\Desktop\ESG\ESGCorpus\lvmh\2024\sbti-commitment\canonical-a34b94239955b0e10b15d596\document.pdf,C:\Users\hp\Desktop\ESG\ESGCorpusTaxonomy\lvmh\2024\18_sbti_validation\canonical-a34b94239955b0e10b15d596\document.pdf,C:\Users\hp\Desktop\ESG\ESGCorpusTaxonomy\lvmh\2024\18_sbti_validation\canonical-a34b94239955b0e10b15d596\manifest.json,C:\Users\hp\Desktop\ESG\ESGCorpusTaxonomy\lvmh\2024\18_sbti_validation\canonical-a34b94239955b0e10b15d596\references.json,,
canonical_f21439a7a0cae18fe84be0d3,42b0bd7ee3fd830bed5fd24e143a6c8587efa1d77ed4b82bf8f936da2ee2d844,LVMH,lvmh,2024,sbti_commitment,18_sbti_validation,SBTi validation,external_validation,sbti_commitment,ad_hoc,voluntary,,already_exists,[],C:\Users\hp\Desktop\ESG\ESGCorpus\lvmh\2024\sbti-commitment\canonical-f21439a7a0cae18fe84be0d3\document.pdf,C:\Users\hp\Desktop\ESG\ESGCorpusTaxonomy\lvmh\2024\18_sbti_validation\canonical-f21439a7a0cae18fe84be0d3\document.pdf,C:\Users\hp\Desktop\ESG\ESGCorpusTaxonomy\lvmh\2024\18_sbti_validation\canonical-f21439a7a0cae18fe84be0d3\manifest.json,C:\Users\hp\Desktop\ESG\ESGCorpusTaxonomy\lvmh\2024\18_sbti_validation\canonical-f21439a7a0cae18fe84be0d3\references.json,,
canonical_4348f033133985f7bca9ae0d,43e167d4fa066cf8d70c7face89ecb51059e2a0aee9da30674a12e2ae5676eb4,Schneider Electric,schneider-electric,2024,half_year_report,05_half_year_financial_report,Half-year financial report,financial_reporting,half_year_report,half_year,regulated,,already_exists,[],C:\Users\hp\Desktop\ESG\ESGCorpus\schneider-electric\2024\half-year-report\canonical-4348f033133985f7bca9ae0d\document.pdf,C:\Users\hp\Desktop\ESG\ESGCorpusTaxonomy\schneider-electric\2024\05_half_year_financial_report\canonical-4348f033133985f7bca9ae0d\document.pdf,C:\Users\hp\Desktop\ESG\ESGCorpusTaxonomy\schneider-electric\2024\05_half_year_financial_report\canonical-4348f033133985f7bca9ae0d\manifest.json,C:\Users\hp\Desktop\ESG\ESGCorpusTaxonomy\schneider-electric\2024\05_half_year_financial_report\canonical-4348f033133985f7bca9ae0d\references.json,,
canonical_2c5f6688b9f7477c2730ef08,4469eee6f9e049e6e09c71ed2e3fae7f7dae8c22df370ebd5121712ddf5acbf7,LVMH,lvmh,2024,agm_document,16_agm_minutes_resolutions,AGM minutes / resolutions,governance,agm_document,annual_or_ad_hoc,regulated_or_official,,already_exists,[],C:\Users\hp\Desktop\ESG\ESGCorpus\lvmh\2024\agm-document\canonical-2c5f6688b9f7477c2730ef08\document.pdf,C:\Users\hp\Desktop\ESG\ESGCorpusTaxonomy\lvmh\2024\16_agm_minutes_resolutions\canonical-2c5f6688b9f7477c2730ef08\document.pdf,C:\Users\hp\Desktop\ESG\ESGCorpusTaxonomy\lvmh\2024\16_agm_minutes_resolutions\canonical-2c5f6688b9f7477c2730ef08\manifest.json,C:\Users\hp\Desktop\ESG\ESGCorpusTaxonomy\lvmh\2024\16_agm_minutes_resolutions\canonical-2c5f6688b9f7477c2730ef08\references.json,,
canonical_47de06f925af68fdcacbbe19,463f616eab04d3e3a1ac1e9d5fbb3a1d52e3a32ae84df916dad56352ab3e8b44,LVMH,lvmh,2024,agm_document,16_agm_minutes_resolutions,AGM minutes / resolutions,governance,agm_document,annual_or_ad_hoc,regulated_or_official,,already_exists,[],C:\Users\hp\Desktop\ESG\ESGCorpus\lvmh\2024\agm-document\canonical-47de06f925af68fdcacbbe19\document.pdf,C:\Users\hp\Desktop\ESG\ESGCorpusTaxonomy\lvmh\2024\16_agm_minutes_resolutions\canonical-47de06f925af68fdcacbbe19\document.pdf,C:\Users\hp\Desktop\ESG\ESGCorpusTaxonomy\lvmh\2024\16_agm_minutes_resolutions\canonical-47de06f925af68fdcacbbe19\manifest.json,C:\Users\hp\Desktop\ESG\ESGCorpusTaxonomy\lvmh\2024\16_agm_minutes_resolutions\canonical-47de06f925af68fdcacbbe19\references.json,,
canonical_877449c466c67c56676ffc86,47dbbb28fdc43b5dcbd65f8d74b60db4a6847b70b6510106596c671e7ff65a57,LVMH,lvmh,2024,sbti_commitment,18_sbti_validation,SBTi validation,external_validation,sbti_commitment,ad_hoc,voluntary,,already_exists,[],C:\Users\hp\Desktop\ESG\ESGCorpus\lvmh\2024\sbti-commitment\canonical-877449c466c67c56676ffc86\document.pdf,C:\Users\hp\Desktop\ESG\ESGCorpusTaxonomy\lvmh\2024\18_sbti_validation\canonical-877449c466c67c56676ffc86\document.pdf,C:\Users\hp\Desktop\ESG\ESGCorpusTaxonomy\lvmh\2024\18_sbti_validation\canonical-877449c466c67c56676ffc86\manifest.json,C:\Users\hp\Desktop\ESG\ESGCorpusTaxonomy\lvmh\2024\18_sbti_validation\canonical-877449c466c67c56676ffc86\references.json,,
canonical_0d7001df3af113d8984dc8ad,47e80e9540a17891247b5edf451b2ffa6783fe5c196c2179c6ee037fee1a0eb4,LVMH,lvmh,2024,corporate_policy,,,,corporate_policy_needs_review,perpetual,policy,,needs_review,"[""corporate_policy_needs_review""]",C:\Users\hp\Desktop\ESG\ESGCorpus\lvmh\2024\corporate-policy\canonical-0d7001df3af113d8984dc8ad\document.pdf,,,,,
canonical_d16485177bf6ab4924dee636,488f12e9408f4cfdf26894f3dee374dc993adc3bd9fd69e21a30b5bcb12c9136,TotalEnergies,totalenergies,2024,agm_document,16_agm_minutes_resolutions,AGM minutes / resolutions,governance,agm_document,annual_or_ad_hoc,regulated_or_official,,already_exists,[],C:\Users\hp\Desktop\ESG\ESGCorpus\totalenergies\2024\agm-document\canonical-d16485177bf6ab4924dee636\document.pdf,C:\Users\hp\Desktop\ESG\ESGCorpusTaxonomy\totalenergies\2024\16_agm_minutes_resolutions\canonical-d16485177bf6ab4924dee636\document.pdf,C:\Users\hp\Desktop\ESG\ESGCorpusTaxonomy\totalenergies\2024\16_agm_minutes_resolutions\canonical-d16485177bf6ab4924dee636\manifest.json,C:\Users\hp\Desktop\ESG\ESGCorpusTaxonomy\totalenergies\2024\16_agm_minutes_resolutions\canonical-d16485177bf6ab4924dee636\references.json,,
canonical_41a695c0203fee302a33a6c2,4c39b5ec3815aeeff6a95ceae57ad633cf6c323853c63afd1fa4f403befe53d8,LVMH,lvmh,2024,corporate_policy,,,,corporate_policy_needs_review,perpetual,policy,,needs_review,"[""corporate_policy_needs_review""]",C:\Users\hp\Desktop\ESG\ESGCorpus\lvmh\2024\corporate-policy\canonical-41a695c0203fee302a33a6c2\document.pdf,,,,,
canonical_12b7ce1d94ea1637163f5d06,4c4fc3e26dff7c680f400552b4cf2a04bea6efd740efb4e9bddcde3b39581e76,LVMH,lvmh,2024,agm_document,16_agm_minutes_resolutions,AGM minutes / resolutions,governance,agm_document,annual_or_ad_hoc,regulated_or_official,,already_exists,[],C:\Users\hp\Desktop\ESG\ESGCorpus\lvmh\2024\agm-document\canonical-12b7ce1d94ea1637163f5d06\document.pdf,C:\Users\hp\Desktop\ESG\ESGCorpusTaxonomy\lvmh\2024\16_agm_minutes_resolutions\canonical-12b7ce1d94ea1637163f5d06\document.pdf,C:\Users\hp\Desktop\ESG\ESGCorpusTaxonomy\lvmh\2024\16_agm_minutes_resolutions\canonical-12b7ce1d94ea1637163f5d06\manifest.json,C:\Users\hp\Desktop\ESG\ESGCorpusTaxonomy\lvmh\2024\16_agm_minutes_resolutions\canonical-12b7ce1d94ea1637163f5d06\references.json,,
canonical_b8fba7197954a65f9876b0cd,4e056b1ef6453f7cf1ec1bd82df581b5bb08f5f550317ad668bc7d991267bfb8,TotalEnergies,totalenergies,2024,agm_document,16_agm_minutes_resolutions,AGM minutes / resolutions,governance,agm_document,annual_or_ad_hoc,regulated_or_official,,already_exists,[],C:\Users\hp\Desktop\ESG\ESGCorpus\totalenergies\2024\agm-document\canonical-b8fba7197954a65f9876b0cd\document.pdf,C:\Users\hp\Desktop\ESG\ESGCorpusTaxonomy\totalenergies\2024\16_agm_minutes_resolutions\canonical-b8fba7197954a65f9876b0cd\document.pdf,C:\Users\hp\Desktop\ESG\ESGCorpusTaxonomy\totalenergies\2024\16_agm_minutes_resolutions\canonical-b8fba7197954a65f9876b0cd\manifest.json,C:\Users\hp\Desktop\ESG\ESGCorpusTaxonomy\totalenergies\2024\16_agm_minutes_resolutions\canonical-b8fba7197954a65f9876b0cd\references.json,,
canonical_0d43bf3de8cca5d3a1145322,4e67ffaaae7f880fd24e837c30f10c08b0a087ca1b4314dade86e7b5d32c12cb,LVMH,lvmh,2024,annual_report,01_urd_annual_report,URD / annual report,core_reporting,annual_report,annual,regulated_or_standard_reporting,,already_exists,[],C:\Users\hp\Desktop\ESG\ESGCorpus\lvmh\2024\annual-report\canonical-0d43bf3de8cca5d3a1145322\document.pdf,C:\Users\hp\Desktop\ESG\ESGCorpusTaxonomy\lvmh\2024\01_urd_annual_report\canonical-0d43bf3de8cca5d3a1145322\document.pdf,C:\Users\hp\Desktop\ESG\ESGCorpusTaxonomy\lvmh\2024\01_urd_annual_report\canonical-0d43bf3de8cca5d3a1145322\manifest.json,C:\Users\hp\Desktop\ESG\ESGCorpusTaxonomy\lvmh\2024\01_urd_annual_report\canonical-0d43bf3de8cca5d3a1145322\references.json,,
canonical_0d43bf3de8cca5d3a1145322,4e67ffaaae7f880fd24e837c30f10c08b0a087ca1b4314dade86e7b5d32c12cb,LVMH,lvmh,2024,sustainability_report,02_sustainability_statement_csrd_esrs,Sustainability statement / CSRD / ESRS,core_sustainability,sustainability_report,annual,regulated_or_emerging_regulated,,already_exists,[],C:\Users\hp\Desktop\ESG\ESGCorpus\lvmh\2024\sustainability-report\canonical-0d43bf3de8cca5d3a1145322\document.pdf,C:\Users\hp\Desktop\ESG\ESGCorpusTaxonomy\lvmh\2024\02_sustainability_statement_csrd_esrs\canonical-0d43bf3de8cca5d3a1145322\document.pdf,C:\Users\hp\Desktop\ESG\ESGCorpusTaxonomy\lvmh\2024\02_sustainability_statement_csrd_esrs\canonical-0d43bf3de8cca5d3a1145322\manifest.json,C:\Users\hp\Desktop\ESG\ESGCorpusTaxonomy\lvmh\2024\02_sustainability_statement_csrd_esrs\canonical-0d43bf3de8cca5d3a1145322\references.json,,
canonical_0d43bf3de8cca5d3a1145322,4e67ffaaae7f880fd24e837c30f10c08b0a087ca1b4314dade86e7b5d32c12cb,LVMH,lvmh,2024,climate_report,03_climate_report_tcfd_transition_plan,Climate report / TCFD / transition plan,climate,climate_report,annual_or_ad_hoc,voluntary_or_regulated,,already_exists,[],C:\Users\hp\Desktop\ESG\ESGCorpus\lvmh\2024\climate-report\canonical-0d43bf3de8cca5d3a1145322\document.pdf,C:\Users\hp\Desktop\ESG\ESGCorpusTaxonomy\lvmh\2024\03_climate_report_tcfd_transition_plan\canonical-0d43bf3de8cca5d3a1145322\document.pdf,C:\Users\hp\Desktop\ESG\ESGCorpusTaxonomy\lvmh\2024\03_climate_report_tcfd_transition_plan\canonical-0d43bf3de8cca5d3a1145322\manifest.json,C:\Users\hp\Desktop\ESG\ESGCorpusTaxonomy\lvmh\2024\03_climate_report_tcfd_transition_plan\canonical-0d43bf3de8cca5d3a1145322\references.json,,
canonical_ff6b9287ddd45bf5051af594,4f0ecf1a668fa80cca0983a42f49f183912c23ac7636a3b4386614c1d5c108e6,Schneider Electric,schneider-electric,2024,sustainability_report,02_sustainability_statement_csrd_esrs,Sustainability statement / CSRD / ESRS,core_sustainability,sustainability_report,annual,regulated_or_emerging_regulated,,already_exists,[],C:\Users\hp\Desktop\ESG\ESGCorpus\schneider-electric\2024\sustainability-report\canonical-ff6b9287ddd45bf5051af594\document.pdf,C:\Users\hp\Desktop\ESG\ESGCorpusTaxonomy\schneider-electric\2024\02_sustainability_statement_csrd_esrs\canonical-ff6b9287ddd45bf5051af594\document.pdf,C:\Users\hp\Desktop\ESG\ESGCorpusTaxonomy\schneider-electric\2024\02_sustainability_statement_csrd_esrs\canonical-ff6b9287ddd45bf5051af594\manifest.json,C:\Users\hp\Desktop\ESG\ESGCorpusTaxonomy\schneider-electric\2024\02_sustainability_statement_csrd_esrs\canonical-ff6b9287ddd45bf5051af594\references.json,,
canonical_b00409b635d2787973d133ef,50727032071237fb0a94c888037ba1384865fd14e1fd14e56128883e6714cffa,Schneider Electric,schneider-electric,2024,agm_document,16_agm_minutes_resolutions,AGM minutes / resolutions,governance,agm_document,annual_or_ad_hoc,regulated_or_official,,already_exists,[],C:\Users\hp\Desktop\ESG\ESGCorpus\schneider-electric\2024\agm-document\canonical-b00409b635d2787973d133ef\document.pdf,C:\Users\hp\Desktop\ESG\ESGCorpusTaxonomy\schneider-electric\2024\16_agm_minutes_resolutions\canonical-b00409b635d2787973d133ef\document.pdf,C:\Users\hp\Desktop\ESG\ESGCorpusTaxonomy\schneider-electric\2024\16_agm_minutes_resolutions\canonical-b00409b635d2787973d133ef\manifest.json,C:\Users\hp\Desktop\ESG\ESGCorpusTaxonomy\schneider-electric\2024\16_agm_minutes_resolutions\canonical-b00409b635d2787973d133ef\references.json,,
canonical_31ee2a713ccc528264c11a07,5224b460bdd5a179676525f3fc6f8fb2a65dc21e86e03d7f672f1dd6b6624724,LVMH,lvmh,2024,sbti_commitment,18_sbti_validation,SBTi validation,external_validation,sbti_commitment,ad_hoc,voluntary,,already_exists,[],C:\Users\hp\Desktop\ESG\ESGCorpus\lvmh\2024\sbti-commitment\canonical-31ee2a713ccc528264c11a07\document.pdf,C:\Users\hp\Desktop\ESG\ESGCorpusTaxonomy\lvmh\2024\18_sbti_validation\canonical-31ee2a713ccc528264c11a07\document.pdf,C:\Users\hp\Desktop\ESG\ESGCorpusTaxonomy\lvmh\2024\18_sbti_validation\canonical-31ee2a713ccc528264c11a07\manifest.json,C:\Users\hp\Desktop\ESG\ESGCorpusTaxonomy\lvmh\2024\18_sbti_validation\canonical-31ee2a713ccc528264c11a07\references.json,,
canonical_d761576d7db38665e648edc7,534a7479162a81f84e6bbab7c8cba5bec1f5b4ac727d5b3c8e59e925c9d8c0c7,LVMH,lvmh,2024,agm_document,16_agm_minutes_resolutions,AGM minutes / resolutions,governance,agm_document,annual_or_ad_hoc,regulated_or_official,,already_exists,[],C:\Users\hp\Desktop\ESG\ESGCorpus\lvmh\2024\agm-document\canonical-d761576d7db38665e648edc7\document.pdf,C:\Users\hp\Desktop\ESG\ESGCorpusTaxonomy\lvmh\2024\16_agm_minutes_resolutions\canonical-d761576d7db38665e648edc7\document.pdf,C:\Users\hp\Desktop\ESG\ESGCorpusTaxonomy\lvmh\2024\16_agm_minutes_resolutions\canonical-d761576d7db38665e648edc7\manifest.json,C:\Users\hp\Desktop\ESG\ESGCorpusTaxonomy\lvmh\2024\16_agm_minutes_resolutions\canonical-d761576d7db38665e648edc7\references.json,,
canonical_b776f276bbe7d022862ef6c5,539e75ccbf37782bb95f6b0d461d50cf615c40798d8a6746f3aeb4915f9e3c8c,LVMH,lvmh,2024,earnings_call,14_earnings_call_transcripts,Earnings call transcripts,market_communication,earnings_call,periodic,voluntary,,already_exists,[],C:\Users\hp\Desktop\ESG\ESGCorpus\lvmh\2024\earnings-call\canonical-b776f276bbe7d022862ef6c5\document.pdf,C:\Users\hp\Desktop\ESG\ESGCorpusTaxonomy\lvmh\2024\14_earnings_call_transcripts\canonical-b776f276bbe7d022862ef6c5\document.pdf,C:\Users\hp\Desktop\ESG\ESGCorpusTaxonomy\lvmh\2024\14_earnings_call_transcripts\canonical-b776f276bbe7d022862ef6c5\manifest.json,C:\Users\hp\Desktop\ESG\ESGCorpusTaxonomy\lvmh\2024\14_earnings_call_transcripts\canonical-b776f276bbe7d022862ef6c5\references.json,,
canonical_bdfa3d1a3f4051cb707245ab,541c5fb3399b97e20779f0b9bee0e6c5ca3b0f2c07da7dcda3f848bf3699d7a4,LVMH,lvmh,2024,sbti_commitment,18_sbti_validation,SBTi validation,external_validation,sbti_commitment,ad_hoc,voluntary,,already_exists,[],C:\Users\hp\Desktop\ESG\ESGCorpus\lvmh\2024\sbti-commitment\canonical-bdfa3d1a3f4051cb707245ab\document.pdf,C:\Users\hp\Desktop\ESG\ESGCorpusTaxonomy\lvmh\2024\18_sbti_validation\canonical-bdfa3d1a3f4051cb707245ab\document.pdf,C:\Users\hp\Desktop\ESG\ESGCorpusTaxonomy\lvmh\2024\18_sbti_validation\canonical-bdfa3d1a3f4051cb707245ab\manifest.json,C:\Users\hp\Desktop\ESG\ESGCorpusTaxonomy\lvmh\2024\18_sbti_validation\canonical-bdfa3d1a3f4051cb707245ab\references.json,,
canonical_690789d6bf0ac35ab4dcd8b1,5520ec973540e165af87f33bcc18d65e669bed627f3c0e4c073db21a7df47630,TotalEnergies,totalenergies,2024,agm_document,16_agm_minutes_resolutions,AGM minutes / resolutions,governance,agm_document,annual_or_ad_hoc,regulated_or_official,,already_exists,[],C:\Users\hp\Desktop\ESG\ESGCorpus\totalenergies\2024\agm-document\canonical-690789d6bf0ac35ab4dcd8b1\document.pdf,C:\Users\hp\Desktop\ESG\ESGCorpusTaxonomy\totalenergies\2024\16_agm_minutes_resolutions\canonical-690789d6bf0ac35ab4dcd8b1\document.pdf,C:\Users\hp\Desktop\ESG\ESGCorpusTaxonomy\totalenergies\2024\16_agm_minutes_resolutions\canonical-690789d6bf0ac35ab4dcd8b1\manifest.json,C:\Users\hp\Desktop\ESG\ESGCorpusTaxonomy\totalenergies\2024\16_agm_minutes_resolutions\canonical-690789d6bf0ac35ab4dcd8b1\references.json,,
canonical_4530a62fa5f85cf1ae6d0d1b,57d879543b9e0796d0641e08460dc76c80da93b1821f3eb8ec729dc3f68d7470,TotalEnergies,totalenergies,2024,corporate_policy,08_anticorruption_policy,Anti-corruption policy,policy,anticorruption_policy,perpetual,policy,,already_exists,[],C:\Users\hp\Desktop\ESG\ESGCorpus\totalenergies\2024\corporate-policy\canonical-4530a62fa5f85cf1ae6d0d1b\document.pdf,C:\Users\hp\Desktop\ESG\ESGCorpusTaxonomy\totalenergies\2024\08_anticorruption_policy\canonical-4530a62fa5f85cf1ae6d0d1b\document.pdf,C:\Users\hp\Desktop\ESG\ESGCorpusTaxonomy\totalenergies\2024\08_anticorruption_policy\canonical-4530a62fa5f85cf1ae6d0d1b\manifest.json,C:\Users\hp\Desktop\ESG\ESGCorpusTaxonomy\totalenergies\2024\08_anticorruption_policy\canonical-4530a62fa5f85cf1ae6d0d1b\references.json,,
canonical_a35e2f4d644cfc645bb93fd4,57ee931c4210d131c0a1eef6b5fdab51b5fa275de97e57a1076ad13d4dd00568,TotalEnergies,totalenergies,2024,sustainability_report,02_sustainability_statement_csrd_esrs,Sustainability statement / CSRD / ESRS,core_sustainability,sustainability_report,annual,regulated_or_emerging_regulated,,already_exists,[],C:\Users\hp\Desktop\ESG\ESGCorpus\totalenergies\2024\sustainability-report\canonical-a35e2f4d644cfc645bb93fd4\document.pdf,C:\Users\hp\Desktop\ESG\ESGCorpusTaxonomy\totalenergies\2024\02_sustainability_statement_csrd_esrs\canonical-a35e2f4d644cfc645bb93fd4\document.pdf,C:\Users\hp\Desktop\ESG\ESGCorpusTaxonomy\totalenergies\2024\02_sustainability_statement_csrd_esrs\canonical-a35e2f4d644cfc645bb93fd4\manifest.json,C:\Users\hp\Desktop\ESG\ESGCorpusTaxonomy\totalenergies\2024\02_sustainability_statement_csrd_esrs\canonical-a35e2f4d644cfc645bb93fd4\references.json,,
canonical_97e2650c47e0819c57f151d3,58195ccf2c7899cad88e9cebee0aa0bc5fd46c45be0dfddf2f0057bc787d00f9,LVMH,lvmh,2024,agm_document,16_agm_minutes_resolutions,AGM minutes / resolutions,governance,agm_document,annual_or_ad_hoc,regulated_or_official,,already_exists,[],C:\Users\hp\Desktop\ESG\ESGCorpus\lvmh\2024\agm-document\canonical-97e2650c47e0819c57f151d3\document.pdf,C:\Users\hp\Desktop\ESG\ESGCorpusTaxonomy\lvmh\2024\16_agm_minutes_resolutions\canonical-97e2650c47e0819c57f151d3\document.pdf,C:\Users\hp\Desktop\ESG\ESGCorpusTaxonomy\lvmh\2024\16_agm_minutes_resolutions\canonical-97e2650c47e0819c57f151d3\manifest.json,C:\Users\hp\Desktop\ESG\ESGCorpusTaxonomy\lvmh\2024\16_agm_minutes_resolutions\canonical-97e2650c47e0819c57f151d3\references.json,,
canonical_c5e11f90bc85caa787bf096f,5819eeb14ff947c794b4614972fa70e4094d550b67dcc2aec64842d6728275b4,LVMH,lvmh,2024,sbti_commitment,18_sbti_validation,SBTi validation,external_validation,sbti_commitment,ad_hoc,voluntary,,already_exists,[],C:\Users\hp\Desktop\ESG\ESGCorpus\lvmh\2024\sbti-commitment\canonical-c5e11f90bc85caa787bf096f\document.pdf,C:\Users\hp\Desktop\ESG\ESGCorpusTaxonomy\lvmh\2024\18_sbti_validation\canonical-c5e11f90bc85caa787bf096f\document.pdf,C:\Users\hp\Desktop\ESG\ESGCorpusTaxonomy\lvmh\2024\18_sbti_validation\canonical-c5e11f90bc85caa787bf096f\manifest.json,C:\Users\hp\Desktop\ESG\ESGCorpusTaxonomy\lvmh\2024\18_sbti_validation\canonical-c5e11f90bc85caa787bf096f\references.json,,
canonical_7162c5a620bd762e249cfda7,58d7b226058c62e948734cdba87bdc8d2d2481a6ecbc97065a41cdb0c0695ea7,TotalEnergies,totalenergies,2024,sustainability_report,02_sustainability_statement_csrd_esrs,Sustainability statement / CSRD / ESRS,core_sustainability,sustainability_report,annual,regulated_or_emerging_regulated,,already_exists,[],C:\Users\hp\Desktop\ESG\ESGCorpus\totalenergies\2024\sustainability-report\canonical-7162c5a620bd762e249cfda7\document.pdf,C:\Users\hp\Desktop\ESG\ESGCorpusTaxonomy\totalenergies\2024\02_sustainability_statement_csrd_esrs\canonical-7162c5a620bd762e249cfda7\document.pdf,C:\Users\hp\Desktop\ESG\ESGCorpusTaxonomy\totalenergies\2024\02_sustainability_statement_csrd_esrs\canonical-7162c5a620bd762e249cfda7\manifest.json,C:\Users\hp\Desktop\ESG\ESGCorpusTaxonomy\totalenergies\2024\02_sustainability_statement_csrd_esrs\canonical-7162c5a620bd762e249cfda7\references.json,,
canonical_db2f702e7c200b82eb474471,592fbaea83ef03f2e9460126279dbe5be8655b7a0599af9ce591efd05053dd7b,TotalEnergies,totalenergies,2024,half_year_report,05_half_year_financial_report,Half-year financial report,financial_reporting,half_year_report,half_year,regulated,,already_exists,[],C:\Users\hp\Desktop\ESG\ESGCorpus\totalenergies\2024\half-year-report\canonical-db2f702e7c200b82eb474471\document.pdf,C:\Users\hp\Desktop\ESG\ESGCorpusTaxonomy\totalenergies\2024\05_half_year_financial_report\canonical-db2f702e7c200b82eb474471\document.pdf,C:\Users\hp\Desktop\ESG\ESGCorpusTaxonomy\totalenergies\2024\05_half_year_financial_report\canonical-db2f702e7c200b82eb474471\manifest.json,C:\Users\hp\Desktop\ESG\ESGCorpusTaxonomy\totalenergies\2024\05_half_year_financial_report\canonical-db2f702e7c200b82eb474471\references.json,,
canonical_ea2f87040cedad22d46dc771,59f65ec8b9e7dbcc2ec937681691c4a08c05535f87e0b44acf9a80ba3a806d71,LVMH,lvmh,2024,sbti_commitment,18_sbti_validation,SBTi validation,external_validation,sbti_commitment,ad_hoc,voluntary,,already_exists,[],C:\Users\hp\Desktop\ESG\ESGCorpus\lvmh\2024\sbti-commitment\canonical-ea2f87040cedad22d46dc771\document.pdf,C:\Users\hp\Desktop\ESG\ESGCorpusTaxonomy\lvmh\2024\18_sbti_validation\canonical-ea2f87040cedad22d46dc771\document.pdf,C:\Users\hp\Desktop\ESG\ESGCorpusTaxonomy\lvmh\2024\18_sbti_validation\canonical-ea2f87040cedad22d46dc771\manifest.json,C:\Users\hp\Desktop\ESG\ESGCorpusTaxonomy\lvmh\2024\18_sbti_validation\canonical-ea2f87040cedad22d46dc771\references.json,,
canonical_33c1b7bdcd6a9569c9581e77,5a7eb9e6b9876af8f50eb012ed0bbefe75225ba021e3664311d35f077cd94fd3,TotalEnergies,totalenergies,2024,corporate_policy,07_code_ethique,Code ethique / code of conduct,policy,code_ethique,perpetual,policy,,already_exists,[],C:\Users\hp\Desktop\ESG\ESGCorpus\totalenergies\2024\corporate-policy\canonical-33c1b7bdcd6a9569c9581e77\document.pdf,C:\Users\hp\Desktop\ESG\ESGCorpusTaxonomy\totalenergies\2024\07_code_ethique\canonical-33c1b7bdcd6a9569c9581e77\document.pdf,C:\Users\hp\Desktop\ESG\ESGCorpusTaxonomy\totalenergies\2024\07_code_ethique\canonical-33c1b7bdcd6a9569c9581e77\manifest.json,C:\Users\hp\Desktop\ESG\ESGCorpusTaxonomy\totalenergies\2024\07_code_ethique\canonical-33c1b7bdcd6a9569c9581e77\references.json,,
canonical_40c6b3e8f1276da8077bcb2d,5ad08504406eed6ffeda55ce5574b2aebfd97efe3c9e46c44a9849e0f4bdd7f9,TotalEnergies,totalenergies,2024,sustainability_report,02_sustainability_statement_csrd_esrs,Sustainability statement / CSRD / ESRS,core_sustainability,sustainability_report,annual,regulated_or_emerging_regulated,,already_exists,[],C:\Users\hp\Desktop\ESG\ESGCorpus\totalenergies\2024\sustainability-report\canonical-40c6b3e8f1276da8077bcb2d\document.pdf,C:\Users\hp\Desktop\ESG\ESGCorpusTaxonomy\totalenergies\2024\02_sustainability_statement_csrd_esrs\canonical-40c6b3e8f1276da8077bcb2d\document.pdf,C:\Users\hp\Desktop\ESG\ESGCorpusTaxonomy\totalenergies\2024\02_sustainability_statement_csrd_esrs\canonical-40c6b3e8f1276da8077bcb2d\manifest.json,C:\Users\hp\Desktop\ESG\ESGCorpusTaxonomy\totalenergies\2024\02_sustainability_statement_csrd_esrs\canonical-40c6b3e8f1276da8077bcb2d\references.json,,
canonical_64b1d93e29e1379ad3ce3a72,5b072cdfc3ce360a14877142f2066d5b133be79ad6309921044b2f5936f8b16f,LVMH,lvmh,2024,agm_document,16_agm_minutes_resolutions,AGM minutes / resolutions,governance,agm_document,annual_or_ad_hoc,regulated_or_official,,already_exists,[],C:\Users\hp\Desktop\ESG\ESGCorpus\lvmh\2024\agm-document\canonical-64b1d93e29e1379ad3ce3a72\document.pdf,C:\Users\hp\Desktop\ESG\ESGCorpusTaxonomy\lvmh\2024\16_agm_minutes_resolutions\canonical-64b1d93e29e1379ad3ce3a72\document.pdf,C:\Users\hp\Desktop\ESG\ESGCorpusTaxonomy\lvmh\2024\16_agm_minutes_resolutions\canonical-64b1d93e29e1379ad3ce3a72\manifest.json,C:\Users\hp\Desktop\ESG\ESGCorpusTaxonomy\lvmh\2024\16_agm_minutes_resolutions\canonical-64b1d93e29e1379ad3ce3a72\references.json,,
canonical_a8742286b3d6251a312b0922,5ba15ce2cb40bef389ec7703ac19af7bc7747bac6f13eaeca0e3da430992a71a,LVMH,lvmh,2024,sbti_commitment,18_sbti_validation,SBTi validation,external_validation,sbti_commitment,ad_hoc,voluntary,,already_exists,[],C:\Users\hp\Desktop\ESG\ESGCorpus\lvmh\2024\sbti-commitment\canonical-a8742286b3d6251a312b0922\document.pdf,C:\Users\hp\Desktop\ESG\ESGCorpusTaxonomy\lvmh\2024\18_sbti_validation\canonical-a8742286b3d6251a312b0922\document.pdf,C:\Users\hp\Desktop\ESG\ESGCorpusTaxonomy\lvmh\2024\18_sbti_validation\canonical-a8742286b3d6251a312b0922\manifest.json,C:\Users\hp\Desktop\ESG\ESGCorpusTaxonomy\lvmh\2024\18_sbti_validation\canonical-a8742286b3d6251a312b0922\references.json,,
canonical_057b023cd58c3af237681753,5c1d0a69c48242987440a94388f172f5ae221c6a1b35b61dea92853f7cf94239,LVMH,lvmh,2024,sbti_commitment,18_sbti_validation,SBTi validation,external_validation,sbti_commitment,ad_hoc,voluntary,,already_exists,[],C:\Users\hp\Desktop\ESG\ESGCorpus\lvmh\2024\sbti-commitment\canonical-057b023cd58c3af237681753\document.pdf,C:\Users\hp\Desktop\ESG\ESGCorpusTaxonomy\lvmh\2024\18_sbti_validation\canonical-057b023cd58c3af237681753\document.pdf,C:\Users\hp\Desktop\ESG\ESGCorpusTaxonomy\lvmh\2024\18_sbti_validation\canonical-057b023cd58c3af237681753\manifest.json,C:\Users\hp\Desktop\ESG\ESGCorpusTaxonomy\lvmh\2024\18_sbti_validation\canonical-057b023cd58c3af237681753\references.json,,
canonical_08034bdb6fc4445b920d6323,5c7265d598ec27abd353fa355dd6830b346c4f564701fea6db373b661af4f349,Schneider Electric,schneider-electric,2024,annual_report,01_urd_annual_report,URD / annual report,core_reporting,annual_report,annual,regulated_or_standard_reporting,,already_exists,[],C:\Users\hp\Desktop\ESG\ESGCorpus\schneider-electric\2024\annual-report\canonical-08034bdb6fc4445b920d6323\document.pdf,C:\Users\hp\Desktop\ESG\ESGCorpusTaxonomy\schneider-electric\2024\01_urd_annual_report\canonical-08034bdb6fc4445b920d6323\document.pdf,C:\Users\hp\Desktop\ESG\ESGCorpusTaxonomy\schneider-electric\2024\01_urd_annual_report\canonical-08034bdb6fc4445b920d6323\manifest.json,C:\Users\hp\Desktop\ESG\ESGCorpusTaxonomy\schneider-electric\2024\01_urd_annual_report\canonical-08034bdb6fc4445b920d6323\references.json,,
canonical_08034bdb6fc4445b920d6323,5c7265d598ec27abd353fa355dd6830b346c4f564701fea6db373b661af4f349,Schneider Electric,schneider-electric,2024,sustainability_report,02_sustainability_statement_csrd_esrs,Sustainability statement / CSRD / ESRS,core_sustainability,sustainability_report,annual,regulated_or_emerging_regulated,,already_exists,[],C:\Users\hp\Desktop\ESG\ESGCorpus\schneider-electric\2024\sustainability-report\canonical-08034bdb6fc4445b920d6323\document.pdf,C:\Users\hp\Desktop\ESG\ESGCorpusTaxonomy\schneider-electric\2024\02_sustainability_statement_csrd_esrs\canonical-08034bdb6fc4445b920d6323\document.pdf,C:\Users\hp\Desktop\ESG\ESGCorpusTaxonomy\schneider-electric\2024\02_sustainability_statement_csrd_esrs\canonical-08034bdb6fc4445b920d6323\manifest.json,C:\Users\hp\Desktop\ESG\ESGCorpusTaxonomy\schneider-electric\2024\02_sustainability_statement_csrd_esrs\canonical-08034bdb6fc4445b920d6323\references.json,,
canonical_08034bdb6fc4445b920d6323,5c7265d598ec27abd353fa355dd6830b346c4f564701fea6db373b661af4f349,Schneider Electric,schneider-electric,2024,climate_report,03_climate_report_tcfd_transition_plan,Climate report / TCFD / transition plan,climate,climate_report,annual_or_ad_hoc,voluntary_or_regulated,,already_exists,[],C:\Users\hp\Desktop\ESG\ESGCorpus\schneider-electric\2024\climate-report\canonical-08034bdb6fc4445b920d6323\document.pdf,C:\Users\hp\Desktop\ESG\ESGCorpusTaxonomy\schneider-electric\2024\03_climate_report_tcfd_transition_plan\canonical-08034bdb6fc4445b920d6323\document.pdf,C:\Users\hp\Desktop\ESG\ESGCorpusTaxonomy\schneider-electric\2024\03_climate_report_tcfd_transition_plan\canonical-08034bdb6fc4445b920d6323\manifest.json,C:\Users\hp\Desktop\ESG\ESGCorpusTaxonomy\schneider-electric\2024\03_climate_report_tcfd_transition_plan\canonical-08034bdb6fc4445b920d6323\references.json,,
canonical_08034bdb6fc4445b920d6323,5c7265d598ec27abd353fa355dd6830b346c4f564701fea6db373b661af4f349,Schneider Electric,schneider-electric,2024,governance_report,,,,governance_report_needs_review,,,,needs_review,"[""may_be_section_of_urd"", ""official_doc_type_needs_review""]",C:\Users\hp\Desktop\ESG\ESGCorpus\schneider-electric\2024\governance-report\canonical-08034bdb6fc4445b920d6323\document.pdf,,,,,
canonical_e0536f1196459740aefa18b0,5db02adad6fdc7c15ae084fe04edc3c34dfdfaee62f8230f58ac82ee5bc0521c,LVMH,lvmh,2024,corporate_policy,,,,corporate_policy_needs_review,perpetual,policy,,needs_review,"[""corporate_policy_needs_review""]",C:\Users\hp\Desktop\ESG\ESGCorpus\lvmh\2024\corporate-policy\canonical-e0536f1196459740aefa18b0\document.pdf,,,,,
canonical_96e73eb10f790674189730e2,5e0002469d5015dd95e0c4e2504de393cf962c0767932c6974fe248163a9abf5,Schneider Electric,schneider-electric,2024,investor_presentation,13_investor_presentations,Investor presentations,market_communication,investor_presentation,ad_hoc,voluntary,,already_exists,[],C:\Users\hp\Desktop\ESG\ESGCorpus\schneider-electric\2024\investor-presentation\canonical-96e73eb10f790674189730e2\document.pdf,C:\Users\hp\Desktop\ESG\ESGCorpusTaxonomy\schneider-electric\2024\13_investor_presentations\canonical-96e73eb10f790674189730e2\document.pdf,C:\Users\hp\Desktop\ESG\ESGCorpusTaxonomy\schneider-electric\2024\13_investor_presentations\canonical-96e73eb10f790674189730e2\manifest.json,C:\Users\hp\Desktop\ESG\ESGCorpusTaxonomy\schneider-electric\2024\13_investor_presentations\canonical-96e73eb10f790674189730e2\references.json,,
canonical_f59cc54a704ec030587b5e8a,60686f4d093955808a22a015e58e1937da8a594c0a1c3a1761462ac7fe376f05,LVMH,lvmh,2024,agm_document,16_agm_minutes_resolutions,AGM minutes / resolutions,governance,agm_document,annual_or_ad_hoc,regulated_or_official,,already_exists,[],C:\Users\hp\Desktop\ESG\ESGCorpus\lvmh\2024\agm-document\canonical-f59cc54a704ec030587b5e8a\document.pdf,C:\Users\hp\Desktop\ESG\ESGCorpusTaxonomy\lvmh\2024\16_agm_minutes_resolutions\canonical-f59cc54a704ec030587b5e8a\document.pdf,C:\Users\hp\Desktop\ESG\ESGCorpusTaxonomy\lvmh\2024\16_agm_minutes_resolutions\canonical-f59cc54a704ec030587b5e8a\manifest.json,C:\Users\hp\Desktop\ESG\ESGCorpusTaxonomy\lvmh\2024\16_agm_minutes_resolutions\canonical-f59cc54a704ec030587b5e8a\references.json,,
canonical_5b0d735b5a82cedad35d6f9b,60fc61d0c6771f724b54b76084d83a4900d2a068d1b88b3607fc5d387e4586eb,LVMH,lvmh,2024,sbti_commitment,18_sbti_validation,SBTi validation,external_validation,sbti_commitment,ad_hoc,voluntary,,already_exists,[],C:\Users\hp\Desktop\ESG\ESGCorpus\lvmh\2024\sbti-commitment\canonical-5b0d735b5a82cedad35d6f9b\document.pdf,C:\Users\hp\Desktop\ESG\ESGCorpusTaxonomy\lvmh\2024\18_sbti_validation\canonical-5b0d735b5a82cedad35d6f9b\document.pdf,C:\Users\hp\Desktop\ESG\ESGCorpusTaxonomy\lvmh\2024\18_sbti_validation\canonical-5b0d735b5a82cedad35d6f9b\manifest.json,C:\Users\hp\Desktop\ESG\ESGCorpusTaxonomy\lvmh\2024\18_sbti_validation\canonical-5b0d735b5a82cedad35d6f9b\references.json,,
canonical_b7698e394e13f9321acd26e1,6139aafb0a1b9991083922122b1bfe0d68c41e87722a2ac71b217538c836e701,TotalEnergies,totalenergies,2024,agm_document,16_agm_minutes_resolutions,AGM minutes / resolutions,governance,agm_document,annual_or_ad_hoc,regulated_or_official,,already_exists,[],C:\Users\hp\Desktop\ESG\ESGCorpus\totalenergies\2024\agm-document\canonical-b7698e394e13f9321acd26e1\document.pdf,C:\Users\hp\Desktop\ESG\ESGCorpusTaxonomy\totalenergies\2024\16_agm_minutes_resolutions\canonical-b7698e394e13f9321acd26e1\document.pdf,C:\Users\hp\Desktop\ESG\ESGCorpusTaxonomy\totalenergies\2024\16_agm_minutes_resolutions\canonical-b7698e394e13f9321acd26e1\manifest.json,C:\Users\hp\Desktop\ESG\ESGCorpusTaxonomy\totalenergies\2024\16_agm_minutes_resolutions\canonical-b7698e394e13f9321acd26e1\references.json,,
canonical_50b81b0ad7baf3126bbd55ca,61ebbaaea8b3ab6a9027772f1fb4bddd44b515d896f4e886e6d89a2d5f144fbc,Schneider Electric,schneider-electric,2024,cdp_response,17_cdp_response,CDP response,external_questionnaire,cdp_response,annual,voluntary,,already_exists,[],C:\Users\hp\Desktop\ESG\ESGCorpus\schneider-electric\2024\cdp-response\canonical-50b81b0ad7baf3126bbd55ca\document.pdf,C:\Users\hp\Desktop\ESG\ESGCorpusTaxonomy\schneider-electric\2024\17_cdp_response\canonical-50b81b0ad7baf3126bbd55ca\document.pdf,C:\Users\hp\Desktop\ESG\ESGCorpusTaxonomy\schneider-electric\2024\17_cdp_response\canonical-50b81b0ad7baf3126bbd55ca\manifest.json,C:\Users\hp\Desktop\ESG\ESGCorpusTaxonomy\schneider-electric\2024\17_cdp_response\canonical-50b81b0ad7baf3126bbd55ca\references.json,,
canonical_125bd3693ce89486f5635419,628d15ee00a209f7fcb8269c481600d1958e5734b085aaf53ec0931dd3ee8770,LVMH,lvmh,2024,sbti_commitment,18_sbti_validation,SBTi validation,external_validation,sbti_commitment,ad_hoc,voluntary,,already_exists,[],C:\Users\hp\Desktop\ESG\ESGCorpus\lvmh\2024\sbti-commitment\canonical-125bd3693ce89486f5635419\document.pdf,C:\Users\hp\Desktop\ESG\ESGCorpusTaxonomy\lvmh\2024\18_sbti_validation\canonical-125bd3693ce89486f5635419\document.pdf,C:\Users\hp\Desktop\ESG\ESGCorpusTaxonomy\lvmh\2024\18_sbti_validation\canonical-125bd3693ce89486f5635419\manifest.json,C:\Users\hp\Desktop\ESG\ESGCorpusTaxonomy\lvmh\2024\18_sbti_validation\canonical-125bd3693ce89486f5635419\references.json,,
canonical_efb8d5e87dd197f7a45ee975,65b02fcd781febf91dfc3c3ac4117cdeeb2c7af67ca847c366c2aebac9c390e3,TotalEnergies,totalenergies,2024,sustainability_report,02_sustainability_statement_csrd_esrs,Sustainability statement / CSRD / ESRS,core_sustainability,sustainability_report,annual,regulated_or_emerging_regulated,,already_exists,[],C:\Users\hp\Desktop\ESG\ESGCorpus\totalenergies\2024\sustainability-report\canonical-efb8d5e87dd197f7a45ee975\document.pdf,C:\Users\hp\Desktop\ESG\ESGCorpusTaxonomy\totalenergies\2024\02_sustainability_statement_csrd_esrs\canonical-efb8d5e87dd197f7a45ee975\document.pdf,C:\Users\hp\Desktop\ESG\ESGCorpusTaxonomy\totalenergies\2024\02_sustainability_statement_csrd_esrs\canonical-efb8d5e87dd197f7a45ee975\manifest.json,C:\Users\hp\Desktop\ESG\ESGCorpusTaxonomy\totalenergies\2024\02_sustainability_statement_csrd_esrs\canonical-efb8d5e87dd197f7a45ee975\references.json,,
canonical_efb8d5e87dd197f7a45ee975,65b02fcd781febf91dfc3c3ac4117cdeeb2c7af67ca847c366c2aebac9c390e3,TotalEnergies,totalenergies,2024,climate_report,03_climate_report_tcfd_transition_plan,Climate report / TCFD / transition plan,climate,climate_report,annual_or_ad_hoc,voluntary_or_regulated,,already_exists,[],C:\Users\hp\Desktop\ESG\ESGCorpus\totalenergies\2024\climate-report\canonical-efb8d5e87dd197f7a45ee975\document.pdf,C:\Users\hp\Desktop\ESG\ESGCorpusTaxonomy\totalenergies\2024\03_climate_report_tcfd_transition_plan\canonical-efb8d5e87dd197f7a45ee975\document.pdf,C:\Users\hp\Desktop\ESG\ESGCorpusTaxonomy\totalenergies\2024\03_climate_report_tcfd_transition_plan\canonical-efb8d5e87dd197f7a45ee975\manifest.json,C:\Users\hp\Desktop\ESG\ESGCorpusTaxonomy\totalenergies\2024\03_climate_report_tcfd_transition_plan\canonical-efb8d5e87dd197f7a45ee975\references.json,,
canonical_8cc7a39053c6d64ef9115bf9,67515243db92f8bdd81ea6a3d876369d407adaf700f16ad0b39e230a60ba990b,LVMH,lvmh,2024,corporate_policy,,,,corporate_policy_needs_review,perpetual,policy,,needs_review,"[""corporate_policy_needs_review""]",C:\Users\hp\Desktop\ESG\ESGCorpus\lvmh\2024\corporate-policy\canonical-8cc7a39053c6d64ef9115bf9\document.pdf,,,,,
canonical_2a360b724d0e3532da9de309,684918b2013757cf105b2d32c0887d064cfae61666489a3cd78eed0b057ade67,TotalEnergies,totalenergies,2024,assurance_report,19_third_party_assurance_report,Third-party assurance report,assurance,assurance_report,annual_or_ad_hoc,regulated_or_voluntary,,already_exists,[],C:\Users\hp\Desktop\ESG\ESGCorpus\totalenergies\2024\assurance-report\canonical-2a360b724d0e3532da9de309\document.pdf,C:\Users\hp\Desktop\ESG\ESGCorpusTaxonomy\totalenergies\2024\19_third_party_assurance_report\canonical-2a360b724d0e3532da9de309\document.pdf,C:\Users\hp\Desktop\ESG\ESGCorpusTaxonomy\totalenergies\2024\19_third_party_assurance_report\canonical-2a360b724d0e3532da9de309\manifest.json,C:\Users\hp\Desktop\ESG\ESGCorpusTaxonomy\totalenergies\2024\19_third_party_assurance_report\canonical-2a360b724d0e3532da9de309\references.json,,
canonical_3596e790d333818dca08eaea,69ee1346e401d3b243d38de5329b737aa13f128259c7d8c64fb0e24a8fb6e2e9,Schneider Electric,schneider-electric,2024,agm_document,16_agm_minutes_resolutions,AGM minutes / resolutions,governance,agm_document,annual_or_ad_hoc,regulated_or_official,,already_exists,[],C:\Users\hp\Desktop\ESG\ESGCorpus\schneider-electric\2024\agm-document\canonical-3596e790d333818dca08eaea\document.pdf,C:\Users\hp\Desktop\ESG\ESGCorpusTaxonomy\schneider-electric\2024\16_agm_minutes_resolutions\canonical-3596e790d333818dca08eaea\document.pdf,C:\Users\hp\Desktop\ESG\ESGCorpusTaxonomy\schneider-electric\2024\16_agm_minutes_resolutions\canonical-3596e790d333818dca08eaea\manifest.json,C:\Users\hp\Desktop\ESG\ESGCorpusTaxonomy\schneider-electric\2024\16_agm_minutes_resolutions\canonical-3596e790d333818dca08eaea\references.json,,
canonical_6c97cfaaf78ce3c17defd70f,6b522790fa357c4e454cafb605fad1ad3a448ff405985db5ac3e7de01014ab1f,Air Liquide,air-liquide,2024,annual_report,01_urd_annual_report,URD / annual report,core_reporting,annual_report,annual,regulated_or_standard_reporting,,already_exists,[],C:\Users\hp\Desktop\ESG\ESGCorpus\air-liquide\2024\annual-report\canonical-6c97cfaaf78ce3c17defd70f\document.pdf,C:\Users\hp\Desktop\ESG\ESGCorpusTaxonomy\air-liquide\2024\01_urd_annual_report\canonical-6c97cfaaf78ce3c17defd70f\document.pdf,C:\Users\hp\Desktop\ESG\ESGCorpusTaxonomy\air-liquide\2024\01_urd_annual_report\canonical-6c97cfaaf78ce3c17defd70f\manifest.json,C:\Users\hp\Desktop\ESG\ESGCorpusTaxonomy\air-liquide\2024\01_urd_annual_report\canonical-6c97cfaaf78ce3c17defd70f\references.json,,
canonical_551bb11344fdbfae0295f5a5,6b81b26a669c2109aa078cf19b65e68f2c1c036477977ae79e1d8635adac50c3,LVMH,lvmh,2024,earnings_call,14_earnings_call_transcripts,Earnings call transcripts,market_communication,earnings_call,periodic,voluntary,,already_exists,[],C:\Users\hp\Desktop\ESG\ESGCorpus\lvmh\2024\earnings-call\canonical-551bb11344fdbfae0295f5a5\document.pdf,C:\Users\hp\Desktop\ESG\ESGCorpusTaxonomy\lvmh\2024\14_earnings_call_transcripts\canonical-551bb11344fdbfae0295f5a5\document.pdf,C:\Users\hp\Desktop\ESG\ESGCorpusTaxonomy\lvmh\2024\14_earnings_call_transcripts\canonical-551bb11344fdbfae0295f5a5\manifest.json,C:\Users\hp\Desktop\ESG\ESGCorpusTaxonomy\lvmh\2024\14_earnings_call_transcripts\canonical-551bb11344fdbfae0295f5a5\references.json,,
canonical_bc5822db98cecf7cbd5d0561,6c2f19d8ac52e07776defac8dceb60de4f09feb72d46e978903e33c0cf2ce85a,LVMH,lvmh,2024,corporate_policy,,,,corporate_policy_needs_review,perpetual,policy,,needs_review,"[""corporate_policy_needs_review""]",C:\Users\hp\Desktop\ESG\ESGCorpus\lvmh\2024\corporate-policy\canonical-bc5822db98cecf7cbd5d0561\document.pdf,,,,,
canonical_fddf5172bb29a95e1c39f0a4,6c78a4386e87c388104e63b88813e53f8c7cb3072cf8eb4c2b3e1485a30af804,TotalEnergies,totalenergies,2024,agm_document,16_agm_minutes_resolutions,AGM minutes / resolutions,governance,agm_document,annual_or_ad_hoc,regulated_or_official,,already_exists,[],C:\Users\hp\Desktop\ESG\ESGCorpus\totalenergies\2024\agm-document\canonical-fddf5172bb29a95e1c39f0a4\document.pdf,C:\Users\hp\Desktop\ESG\ESGCorpusTaxonomy\totalenergies\2024\16_agm_minutes_resolutions\canonical-fddf5172bb29a95e1c39f0a4\document.pdf,C:\Users\hp\Desktop\ESG\ESGCorpusTaxonomy\totalenergies\2024\16_agm_minutes_resolutions\canonical-fddf5172bb29a95e1c39f0a4\manifest.json,C:\Users\hp\Desktop\ESG\ESGCorpusTaxonomy\totalenergies\2024\16_agm_minutes_resolutions\canonical-fddf5172bb29a95e1c39f0a4\references.json,,
canonical_b334d3579d4940c6bd0599a8,6ef0f382d3fb0942f134c15928bc56922de78f11e0100be340489c8b0aefcbc7,TotalEnergies,totalenergies,2024,agm_document,16_agm_minutes_resolutions,AGM minutes / resolutions,governance,agm_document,annual_or_ad_hoc,regulated_or_official,,already_exists,[],C:\Users\hp\Desktop\ESG\ESGCorpus\totalenergies\2024\agm-document\canonical-b334d3579d4940c6bd0599a8\document.pdf,C:\Users\hp\Desktop\ESG\ESGCorpusTaxonomy\totalenergies\2024\16_agm_minutes_resolutions\canonical-b334d3579d4940c6bd0599a8\document.pdf,C:\Users\hp\Desktop\ESG\ESGCorpusTaxonomy\totalenergies\2024\16_agm_minutes_resolutions\canonical-b334d3579d4940c6bd0599a8\manifest.json,C:\Users\hp\Desktop\ESG\ESGCorpusTaxonomy\totalenergies\2024\16_agm_minutes_resolutions\canonical-b334d3579d4940c6bd0599a8\references.json,,
canonical_c16c36795149ca765ccba0e8,6f802135ddac335a2bc0565b5afb5ed1e03953690fed909a21fcbe27cb66ea21,Schneider Electric,schneider-electric,2024,sbti_commitment,18_sbti_validation,SBTi validation,external_validation,sbti_commitment,ad_hoc,voluntary,,already_exists,[],C:\Users\hp\Desktop\ESG\ESGCorpus\schneider-electric\2024\sbti-commitment\canonical-c16c36795149ca765ccba0e8\document.pdf,C:\Users\hp\Desktop\ESG\ESGCorpusTaxonomy\schneider-electric\2024\18_sbti_validation\canonical-c16c36795149ca765ccba0e8\document.pdf,C:\Users\hp\Desktop\ESG\ESGCorpusTaxonomy\schneider-electric\2024\18_sbti_validation\canonical-c16c36795149ca765ccba0e8\manifest.json,C:\Users\hp\Desktop\ESG\ESGCorpusTaxonomy\schneider-electric\2024\18_sbti_validation\canonical-c16c36795149ca765ccba0e8\references.json,,
canonical_e08e396a25eb2eec3b4ecd82,70fdf77788b2110813677708cfab393a68737d53526719664b58bb96ed59d34e,LVMH,lvmh,2024,agm_document,16_agm_minutes_resolutions,AGM minutes / resolutions,governance,agm_document,annual_or_ad_hoc,regulated_or_official,,already_exists,[],C:\Users\hp\Desktop\ESG\ESGCorpus\lvmh\2024\agm-document\canonical-e08e396a25eb2eec3b4ecd82\document.pdf,C:\Users\hp\Desktop\ESG\ESGCorpusTaxonomy\lvmh\2024\16_agm_minutes_resolutions\canonical-e08e396a25eb2eec3b4ecd82\document.pdf,C:\Users\hp\Desktop\ESG\ESGCorpusTaxonomy\lvmh\2024\16_agm_minutes_resolutions\canonical-e08e396a25eb2eec3b4ecd82\manifest.json,C:\Users\hp\Desktop\ESG\ESGCorpusTaxonomy\lvmh\2024\16_agm_minutes_resolutions\canonical-e08e396a25eb2eec3b4ecd82\references.json,,
canonical_d06730cd94409d2cea9d5bde,71d2edc9820a66c2fa34610d0d06cb98e59d894cfcfd7b5027a35e645ef9e25b,TotalEnergies,totalenergies,2024,agm_document,16_agm_minutes_resolutions,AGM minutes / resolutions,governance,agm_document,annual_or_ad_hoc,regulated_or_official,,already_exists,[],C:\Users\hp\Desktop\ESG\ESGCorpus\totalenergies\2024\agm-document\canonical-d06730cd94409d2cea9d5bde\document.pdf,C:\Users\hp\Desktop\ESG\ESGCorpusTaxonomy\totalenergies\2024\16_agm_minutes_resolutions\canonical-d06730cd94409d2cea9d5bde\document.pdf,C:\Users\hp\Desktop\ESG\ESGCorpusTaxonomy\totalenergies\2024\16_agm_minutes_resolutions\canonical-d06730cd94409d2cea9d5bde\manifest.json,C:\Users\hp\Desktop\ESG\ESGCorpusTaxonomy\totalenergies\2024\16_agm_minutes_resolutions\canonical-d06730cd94409d2cea9d5bde\references.json,,
canonical_db6142903df0673a6788d426,72d17e868769c4559f7fdb6d064fae0d7bbf774110da8234a7b3383dd6653757,LVMH,lvmh,2024,corporate_policy,08_anticorruption_policy,Anti-corruption policy,policy,anticorruption_policy,perpetual,policy,,already_exists,[],C:\Users\hp\Desktop\ESG\ESGCorpus\lvmh\2024\corporate-policy\canonical-db6142903df0673a6788d426\document.pdf,C:\Users\hp\Desktop\ESG\ESGCorpusTaxonomy\lvmh\2024\08_anticorruption_policy\canonical-db6142903df0673a6788d426\document.pdf,C:\Users\hp\Desktop\ESG\ESGCorpusTaxonomy\lvmh\2024\08_anticorruption_policy\canonical-db6142903df0673a6788d426\manifest.json,C:\Users\hp\Desktop\ESG\ESGCorpusTaxonomy\lvmh\2024\08_anticorruption_policy\canonical-db6142903df0673a6788d426\references.json,,
canonical_5f66c66d156e09c2c4d27a43,75c049f910200e2fab51ee2b06766fd61e70260a9ee1bd7aa8f29d14fb446d1f,LVMH,lvmh,2024,corporate_policy,,,,corporate_policy_needs_review,perpetual,policy,,needs_review,"[""corporate_policy_needs_review""]",C:\Users\hp\Desktop\ESG\ESGCorpus\lvmh\2024\corporate-policy\canonical-5f66c66d156e09c2c4d27a43\document.pdf,,,,,
canonical_c80b26aca2e65a64ec1e9908,75d86fd7e15768db053bd7f048939e322abcc2a5ef573a188196eaa9794bdebe,LVMH,lvmh,2024,agm_document,16_agm_minutes_resolutions,AGM minutes / resolutions,governance,agm_document,annual_or_ad_hoc,regulated_or_official,,already_exists,[],C:\Users\hp\Desktop\ESG\ESGCorpus\lvmh\2024\agm-document\canonical-c80b26aca2e65a64ec1e9908\document.pdf,C:\Users\hp\Desktop\ESG\ESGCorpusTaxonomy\lvmh\2024\16_agm_minutes_resolutions\canonical-c80b26aca2e65a64ec1e9908\document.pdf,C:\Users\hp\Desktop\ESG\ESGCorpusTaxonomy\lvmh\2024\16_agm_minutes_resolutions\canonical-c80b26aca2e65a64ec1e9908\manifest.json,C:\Users\hp\Desktop\ESG\ESGCorpusTaxonomy\lvmh\2024\16_agm_minutes_resolutions\canonical-c80b26aca2e65a64ec1e9908\references.json,,
canonical_ea846efe0c435730a8bf5c95,75efc85a5a4cd8d0d10f81fb6a38ffe383268d088ef9e86c5a55a6b45229a375,LVMH,lvmh,2024,agm_document,16_agm_minutes_resolutions,AGM minutes / resolutions,governance,agm_document,annual_or_ad_hoc,regulated_or_official,,already_exists,[],C:\Users\hp\Desktop\ESG\ESGCorpus\lvmh\2024\agm-document\canonical-ea846efe0c435730a8bf5c95\document.pdf,C:\Users\hp\Desktop\ESG\ESGCorpusTaxonomy\lvmh\2024\16_agm_minutes_resolutions\canonical-ea846efe0c435730a8bf5c95\document.pdf,C:\Users\hp\Desktop\ESG\ESGCorpusTaxonomy\lvmh\2024\16_agm_minutes_resolutions\canonical-ea846efe0c435730a8bf5c95\manifest.json,C:\Users\hp\Desktop\ESG\ESGCorpusTaxonomy\lvmh\2024\16_agm_minutes_resolutions\canonical-ea846efe0c435730a8bf5c95\references.json,,
canonical_9e6de564f8d59b46c8309631,76e1374cf94a93c56d0db366908721488e38a576d0c577d6ed7caca5bba14714,LVMH,lvmh,2024,agm_document,16_agm_minutes_resolutions,AGM minutes / resolutions,governance,agm_document,annual_or_ad_hoc,regulated_or_official,,already_exists,[],C:\Users\hp\Desktop\ESG\ESGCorpus\lvmh\2024\agm-document\canonical-9e6de564f8d59b46c8309631\document.pdf,C:\Users\hp\Desktop\ESG\ESGCorpusTaxonomy\lvmh\2024\16_agm_minutes_resolutions\canonical-9e6de564f8d59b46c8309631\document.pdf,C:\Users\hp\Desktop\ESG\ESGCorpusTaxonomy\lvmh\2024\16_agm_minutes_resolutions\canonical-9e6de564f8d59b46c8309631\manifest.json,C:\Users\hp\Desktop\ESG\ESGCorpusTaxonomy\lvmh\2024\16_agm_minutes_resolutions\canonical-9e6de564f8d59b46c8309631\references.json,,
canonical_a660471b484780255f435c31,7a40a136722ac019eff6cd05262353d27eb882030edcf596a942a59438416b65,LVMH,lvmh,2024,sbti_commitment,18_sbti_validation,SBTi validation,external_validation,sbti_commitment,ad_hoc,voluntary,,already_exists,[],C:\Users\hp\Desktop\ESG\ESGCorpus\lvmh\2024\sbti-commitment\canonical-a660471b484780255f435c31\document.pdf,C:\Users\hp\Desktop\ESG\ESGCorpusTaxonomy\lvmh\2024\18_sbti_validation\canonical-a660471b484780255f435c31\document.pdf,C:\Users\hp\Desktop\ESG\ESGCorpusTaxonomy\lvmh\2024\18_sbti_validation\canonical-a660471b484780255f435c31\manifest.json,C:\Users\hp\Desktop\ESG\ESGCorpusTaxonomy\lvmh\2024\18_sbti_validation\canonical-a660471b484780255f435c31\references.json,,
canonical_3f2b6761e62730b07dc96b18,7c248032a782cb90c847cfecbbfedf25c7965438e759dd08be103c78a2bab216,TotalEnergies,totalenergies,2024,corporate_policy,,,,corporate_policy_needs_review,perpetual,policy,,needs_review,"[""corporate_policy_needs_review""]",C:\Users\hp\Desktop\ESG\ESGCorpus\totalenergies\2024\corporate-policy\canonical-3f2b6761e62730b07dc96b18\document.pdf,,,,,
canonical_63d5018a61d85bc282862f02,7c81f409f095956491c8d20ff6c507b3b348c748ba683e19e9016cf9f982900e,LVMH,lvmh,2024,sbti_commitment,18_sbti_validation,SBTi validation,external_validation,sbti_commitment,ad_hoc,voluntary,,already_exists,[],C:\Users\hp\Desktop\ESG\ESGCorpus\lvmh\2024\sbti-commitment\canonical-63d5018a61d85bc282862f02\document.pdf,C:\Users\hp\Desktop\ESG\ESGCorpusTaxonomy\lvmh\2024\18_sbti_validation\canonical-63d5018a61d85bc282862f02\document.pdf,C:\Users\hp\Desktop\ESG\ESGCorpusTaxonomy\lvmh\2024\18_sbti_validation\canonical-63d5018a61d85bc282862f02\manifest.json,C:\Users\hp\Desktop\ESG\ESGCorpusTaxonomy\lvmh\2024\18_sbti_validation\canonical-63d5018a61d85bc282862f02\references.json,,
canonical_49e7f8d175cda572e7dc23de,7daf607d73b9f286302d1cb67ea59beb9e31eb235cd20ad9003b7a6bc4c6b3d8,LVMH,lvmh,2024,half_year_report,05_half_year_financial_report,Half-year financial report,financial_reporting,half_year_report,half_year,regulated,,already_exists,[],C:\Users\hp\Desktop\ESG\ESGCorpus\lvmh\2024\half-year-report\canonical-49e7f8d175cda572e7dc23de\document.pdf,C:\Users\hp\Desktop\ESG\ESGCorpusTaxonomy\lvmh\2024\05_half_year_financial_report\canonical-49e7f8d175cda572e7dc23de\document.pdf,C:\Users\hp\Desktop\ESG\ESGCorpusTaxonomy\lvmh\2024\05_half_year_financial_report\canonical-49e7f8d175cda572e7dc23de\manifest.json,C:\Users\hp\Desktop\ESG\ESGCorpusTaxonomy\lvmh\2024\05_half_year_financial_report\canonical-49e7f8d175cda572e7dc23de\references.json,,
canonical_8c256bbe5861948c1cbd19ff,816c7d20ecc27c264a489d5dc3fce8de799e4f1cf4c35415b6469e3f9aaf5106,Schneider Electric,schneider-electric,2024,cdp_response,17_cdp_response,CDP response,external_questionnaire,cdp_response,annual,voluntary,,already_exists,[],C:\Users\hp\Desktop\ESG\ESGCorpus\schneider-electric\2024\cdp-response\canonical-8c256bbe5861948c1cbd19ff\document.pdf,C:\Users\hp\Desktop\ESG\ESGCorpusTaxonomy\schneider-electric\2024\17_cdp_response\canonical-8c256bbe5861948c1cbd19ff\document.pdf,C:\Users\hp\Desktop\ESG\ESGCorpusTaxonomy\schneider-electric\2024\17_cdp_response\canonical-8c256bbe5861948c1cbd19ff\manifest.json,C:\Users\hp\Desktop\ESG\ESGCorpusTaxonomy\schneider-electric\2024\17_cdp_response\canonical-8c256bbe5861948c1cbd19ff\references.json,,
canonical_f497174d253b53a2b4ff3766,81a65cc24ce63f02d70b20e003567207d1dcbe36b4962a1a86f66917e2f606a4,LVMH,lvmh,2024,sbti_commitment,18_sbti_validation,SBTi validation,external_validation,sbti_commitment,ad_hoc,voluntary,,already_exists,[],C:\Users\hp\Desktop\ESG\ESGCorpus\lvmh\2024\sbti-commitment\canonical-f497174d253b53a2b4ff3766\document.pdf,C:\Users\hp\Desktop\ESG\ESGCorpusTaxonomy\lvmh\2024\18_sbti_validation\canonical-f497174d253b53a2b4ff3766\document.pdf,C:\Users\hp\Desktop\ESG\ESGCorpusTaxonomy\lvmh\2024\18_sbti_validation\canonical-f497174d253b53a2b4ff3766\manifest.json,C:\Users\hp\Desktop\ESG\ESGCorpusTaxonomy\lvmh\2024\18_sbti_validation\canonical-f497174d253b53a2b4ff3766\references.json,,
canonical_66796d9a101f17896f1ea9f9,82fb67a4f9ee959e5bba5bb9ece304a5b51c59ff9f3c5da284e7f165dc977839,LVMH,lvmh,2024,corporate_policy,,,,corporate_policy_needs_review,perpetual,policy,,needs_review,"[""corporate_policy_needs_review""]",C:\Users\hp\Desktop\ESG\ESGCorpus\lvmh\2024\corporate-policy\canonical-66796d9a101f17896f1ea9f9\document.pdf,,,,,
canonical_cd392d96c8b389450eb150ad,830db5eb5a8bba5a3e08775573f47bca4fa6ddac25097743e012926c69fe51aa,LVMH,lvmh,2024,corporate_policy,,,,corporate_policy_needs_review,perpetual,policy,,needs_review,"[""corporate_policy_needs_review""]",C:\Users\hp\Desktop\ESG\ESGCorpus\lvmh\2024\corporate-policy\canonical-cd392d96c8b389450eb150ad\document.pdf,,,,,
canonical_e7a6ce865a8c33cd7e9741e3,836f1acbdd9a7bc14a8dcbdf0a775b9525529a65a63a8fe29f0ba8c78d741c88,LVMH,lvmh,2024,corporate_policy,,,,corporate_policy_needs_review,perpetual,policy,,needs_review,"[""corporate_policy_needs_review""]",C:\Users\hp\Desktop\ESG\ESGCorpus\lvmh\2024\corporate-policy\canonical-e7a6ce865a8c33cd7e9741e3\document.pdf,,,,,
canonical_8ea72b68b9db46e754f01e5a,86ba4dc8c87ced86f4197ad81e5542e07e916659fa80280d57ff3a82e1c9697f,LVMH,lvmh,2024,agm_document,16_agm_minutes_resolutions,AGM minutes / resolutions,governance,agm_document,annual_or_ad_hoc,regulated_or_official,,already_exists,[],C:\Users\hp\Desktop\ESG\ESGCorpus\lvmh\2024\agm-document\canonical-8ea72b68b9db46e754f01e5a\document.pdf,C:\Users\hp\Desktop\ESG\ESGCorpusTaxonomy\lvmh\2024\16_agm_minutes_resolutions\canonical-8ea72b68b9db46e754f01e5a\document.pdf,C:\Users\hp\Desktop\ESG\ESGCorpusTaxonomy\lvmh\2024\16_agm_minutes_resolutions\canonical-8ea72b68b9db46e754f01e5a\manifest.json,C:\Users\hp\Desktop\ESG\ESGCorpusTaxonomy\lvmh\2024\16_agm_minutes_resolutions\canonical-8ea72b68b9db46e754f01e5a\references.json,,
canonical_edebdac1800646dd948fc95b,87b6b16a52c48e3f3148f3c47f67776984ee50e1eec10395663ff620381ac108,LVMH,lvmh,2024,sbti_commitment,18_sbti_validation,SBTi validation,external_validation,sbti_commitment,ad_hoc,voluntary,,already_exists,[],C:\Users\hp\Desktop\ESG\ESGCorpus\lvmh\2024\sbti-commitment\canonical-edebdac1800646dd948fc95b\document.pdf,C:\Users\hp\Desktop\ESG\ESGCorpusTaxonomy\lvmh\2024\18_sbti_validation\canonical-edebdac1800646dd948fc95b\document.pdf,C:\Users\hp\Desktop\ESG\ESGCorpusTaxonomy\lvmh\2024\18_sbti_validation\canonical-edebdac1800646dd948fc95b\manifest.json,C:\Users\hp\Desktop\ESG\ESGCorpusTaxonomy\lvmh\2024\18_sbti_validation\canonical-edebdac1800646dd948fc95b\references.json,,
canonical_7976d17b143f790b154d4999,887f8e0927b65f32a7c30eb133ab14bbaaf32ba70a002f5e4daace2cac34058f,LVMH,lvmh,2024,corporate_policy,,,,corporate_policy_needs_review,perpetual,policy,,needs_review,"[""corporate_policy_needs_review""]",C:\Users\hp\Desktop\ESG\ESGCorpus\lvmh\2024\corporate-policy\canonical-7976d17b143f790b154d4999\document.pdf,,,,,
canonical_69806d3f767774dfaff97249,88c05720bf7d3f9e3ae2e4fc69c45687da3d7cc88d002f338f538003c4e8e98a,Schneider Electric,schneider-electric,2024,annual_report,01_urd_annual_report,URD / annual report,core_reporting,annual_report,annual,regulated_or_standard_reporting,,already_exists,[],C:\Users\hp\Desktop\ESG\ESGCorpus\schneider-electric\2024\annual-report\canonical-69806d3f767774dfaff97249\document.pdf,C:\Users\hp\Desktop\ESG\ESGCorpusTaxonomy\schneider-electric\2024\01_urd_annual_report\canonical-69806d3f767774dfaff97249\document.pdf,C:\Users\hp\Desktop\ESG\ESGCorpusTaxonomy\schneider-electric\2024\01_urd_annual_report\canonical-69806d3f767774dfaff97249\manifest.json,C:\Users\hp\Desktop\ESG\ESGCorpusTaxonomy\schneider-electric\2024\01_urd_annual_report\canonical-69806d3f767774dfaff97249\references.json,,
canonical_9f7f59c442b8cfd52b361942,88cfbc49059818f657e92baf606444b702c639af066632748ac98acb3e4d1df5,LVMH,lvmh,2024,agm_document,16_agm_minutes_resolutions,AGM minutes / resolutions,governance,agm_document,annual_or_ad_hoc,regulated_or_official,,already_exists,[],C:\Users\hp\Desktop\ESG\ESGCorpus\lvmh\2024\agm-document\canonical-9f7f59c442b8cfd52b361942\document.pdf,C:\Users\hp\Desktop\ESG\ESGCorpusTaxonomy\lvmh\2024\16_agm_minutes_resolutions\canonical-9f7f59c442b8cfd52b361942\document.pdf,C:\Users\hp\Desktop\ESG\ESGCorpusTaxonomy\lvmh\2024\16_agm_minutes_resolutions\canonical-9f7f59c442b8cfd52b361942\manifest.json,C:\Users\hp\Desktop\ESG\ESGCorpusTaxonomy\lvmh\2024\16_agm_minutes_resolutions\canonical-9f7f59c442b8cfd52b361942\references.json,,
canonical_9de29cb0ed2693a4ff8e134b,89d162c4a20b0b532fd6c15021ed8bf6cf65551b34fa5c5a0b757b0fa03ce25d,Schneider Electric,schneider-electric,2024,annual_report,01_urd_annual_report,URD / annual report,core_reporting,annual_report,annual,regulated_or_standard_reporting,,already_exists,[],C:\Users\hp\Desktop\ESG\ESGCorpus\schneider-electric\2024\annual-report\canonical-9de29cb0ed2693a4ff8e134b\document.pdf,C:\Users\hp\Desktop\ESG\ESGCorpusTaxonomy\schneider-electric\2024\01_urd_annual_report\canonical-9de29cb0ed2693a4ff8e134b\document.pdf,C:\Users\hp\Desktop\ESG\ESGCorpusTaxonomy\schneider-electric\2024\01_urd_annual_report\canonical-9de29cb0ed2693a4ff8e134b\manifest.json,C:\Users\hp\Desktop\ESG\ESGCorpusTaxonomy\schneider-electric\2024\01_urd_annual_report\canonical-9de29cb0ed2693a4ff8e134b\references.json,,
canonical_9de29cb0ed2693a4ff8e134b,89d162c4a20b0b532fd6c15021ed8bf6cf65551b34fa5c5a0b757b0fa03ce25d,Schneider Electric,schneider-electric,2024,sustainability_report,02_sustainability_statement_csrd_esrs,Sustainability statement / CSRD / ESRS,core_sustainability,sustainability_report,annual,regulated_or_emerging_regulated,,already_exists,[],C:\Users\hp\Desktop\ESG\ESGCorpus\schneider-electric\2024\sustainability-report\canonical-9de29cb0ed2693a4ff8e134b\document.pdf,C:\Users\hp\Desktop\ESG\ESGCorpusTaxonomy\schneider-electric\2024\02_sustainability_statement_csrd_esrs\canonical-9de29cb0ed2693a4ff8e134b\document.pdf,C:\Users\hp\Desktop\ESG\ESGCorpusTaxonomy\schneider-electric\2024\02_sustainability_statement_csrd_esrs\canonical-9de29cb0ed2693a4ff8e134b\manifest.json,C:\Users\hp\Desktop\ESG\ESGCorpusTaxonomy\schneider-electric\2024\02_sustainability_statement_csrd_esrs\canonical-9de29cb0ed2693a4ff8e134b\references.json,,
canonical_5325b0e013b268ae5be84d3d,8a844c017d076a72de12dd969533dd5a5331eff1ca98ffad8b439711c578b540,LVMH,lvmh,2024,sbti_commitment,18_sbti_validation,SBTi validation,external_validation,sbti_commitment,ad_hoc,voluntary,,already_exists,[],C:\Users\hp\Desktop\ESG\ESGCorpus\lvmh\2024\sbti-commitment\canonical-5325b0e013b268ae5be84d3d\document.pdf,C:\Users\hp\Desktop\ESG\ESGCorpusTaxonomy\lvmh\2024\18_sbti_validation\canonical-5325b0e013b268ae5be84d3d\document.pdf,C:\Users\hp\Desktop\ESG\ESGCorpusTaxonomy\lvmh\2024\18_sbti_validation\canonical-5325b0e013b268ae5be84d3d\manifest.json,C:\Users\hp\Desktop\ESG\ESGCorpusTaxonomy\lvmh\2024\18_sbti_validation\canonical-5325b0e013b268ae5be84d3d\references.json,,
canonical_1fbae6247ada5f1935475870,8b498b7ab6bf4b9ae318c9e2979c57eee234c3ff2d22f76b088d7040eece03eb,TotalEnergies,totalenergies,2024,half_year_report,05_half_year_financial_report,Half-year financial report,financial_reporting,half_year_report,half_year,regulated,,already_exists,[],C:\Users\hp\Desktop\ESG\ESGCorpus\totalenergies\2024\half-year-report\canonical-1fbae6247ada5f1935475870\document.pdf,C:\Users\hp\Desktop\ESG\ESGCorpusTaxonomy\totalenergies\2024\05_half_year_financial_report\canonical-1fbae6247ada5f1935475870\document.pdf,C:\Users\hp\Desktop\ESG\ESGCorpusTaxonomy\totalenergies\2024\05_half_year_financial_report\canonical-1fbae6247ada5f1935475870\manifest.json,C:\Users\hp\Desktop\ESG\ESGCorpusTaxonomy\totalenergies\2024\05_half_year_financial_report\canonical-1fbae6247ada5f1935475870\references.json,,
canonical_f659a6d92b0104d34757e1d1,8b5dda203d109ab2d207db2deedda355a58e2ecc10a99d0401f9212346916513,LVMH,lvmh,2024,sbti_commitment,18_sbti_validation,SBTi validation,external_validation,sbti_commitment,ad_hoc,voluntary,,already_exists,[],C:\Users\hp\Desktop\ESG\ESGCorpus\lvmh\2024\sbti-commitment\canonical-f659a6d92b0104d34757e1d1\document.pdf,C:\Users\hp\Desktop\ESG\ESGCorpusTaxonomy\lvmh\2024\18_sbti_validation\canonical-f659a6d92b0104d34757e1d1\document.pdf,C:\Users\hp\Desktop\ESG\ESGCorpusTaxonomy\lvmh\2024\18_sbti_validation\canonical-f659a6d92b0104d34757e1d1\manifest.json,C:\Users\hp\Desktop\ESG\ESGCorpusTaxonomy\lvmh\2024\18_sbti_validation\canonical-f659a6d92b0104d34757e1d1\references.json,,
canonical_1b7e58cb5374e316a46e4743,8c0adf253981086eac041a56a8aed211b460d104940e5add6f1138be763b1275,LVMH,lvmh,2024,earnings_call,14_earnings_call_transcripts,Earnings call transcripts,market_communication,earnings_call,periodic,voluntary,,already_exists,[],C:\Users\hp\Desktop\ESG\ESGCorpus\lvmh\2024\earnings-call\canonical-1b7e58cb5374e316a46e4743\document.pdf,C:\Users\hp\Desktop\ESG\ESGCorpusTaxonomy\lvmh\2024\14_earnings_call_transcripts\canonical-1b7e58cb5374e316a46e4743\document.pdf,C:\Users\hp\Desktop\ESG\ESGCorpusTaxonomy\lvmh\2024\14_earnings_call_transcripts\canonical-1b7e58cb5374e316a46e4743\manifest.json,C:\Users\hp\Desktop\ESG\ESGCorpusTaxonomy\lvmh\2024\14_earnings_call_transcripts\canonical-1b7e58cb5374e316a46e4743\references.json,,
canonical_7205cb9eeaac5a19b34f37d5,8c0b520ba84ce75ca7b77ddc6345c3f570b2ad5e0b9beab7016293265a8c2812,LVMH,lvmh,2024,corporate_policy,,,,corporate_policy_needs_review,perpetual,policy,,needs_review,"[""corporate_policy_needs_review""]",C:\Users\hp\Desktop\ESG\ESGCorpus\lvmh\2024\corporate-policy\canonical-7205cb9eeaac5a19b34f37d5\document.pdf,,,,,
canonical_e18c875dba0235c213167d3a,8db4cbab391687deb6cafc6963cf0bc430b0195712f9c002498a5d7aad9b3fb5,LVMH,lvmh,2024,agm_document,16_agm_minutes_resolutions,AGM minutes / resolutions,governance,agm_document,annual_or_ad_hoc,regulated_or_official,,already_exists,[],C:\Users\hp\Desktop\ESG\ESGCorpus\lvmh\2024\agm-document\canonical-e18c875dba0235c213167d3a\document.pdf,C:\Users\hp\Desktop\ESG\ESGCorpusTaxonomy\lvmh\2024\16_agm_minutes_resolutions\canonical-e18c875dba0235c213167d3a\document.pdf,C:\Users\hp\Desktop\ESG\ESGCorpusTaxonomy\lvmh\2024\16_agm_minutes_resolutions\canonical-e18c875dba0235c213167d3a\manifest.json,C:\Users\hp\Desktop\ESG\ESGCorpusTaxonomy\lvmh\2024\16_agm_minutes_resolutions\canonical-e18c875dba0235c213167d3a\references.json,,
canonical_54c471640d0e79f5536b8c05,901b24689be5ea3ce8b938d825e1b557905223ff7d2fa873c2a42fe00dad2f1e,LVMH,lvmh,2024,agm_document,16_agm_minutes_resolutions,AGM minutes / resolutions,governance,agm_document,annual_or_ad_hoc,regulated_or_official,,already_exists,[],C:\Users\hp\Desktop\ESG\ESGCorpus\lvmh\2024\agm-document\canonical-54c471640d0e79f5536b8c05\document.pdf,C:\Users\hp\Desktop\ESG\ESGCorpusTaxonomy\lvmh\2024\16_agm_minutes_resolutions\canonical-54c471640d0e79f5536b8c05\document.pdf,C:\Users\hp\Desktop\ESG\ESGCorpusTaxonomy\lvmh\2024\16_agm_minutes_resolutions\canonical-54c471640d0e79f5536b8c05\manifest.json,C:\Users\hp\Desktop\ESG\ESGCorpusTaxonomy\lvmh\2024\16_agm_minutes_resolutions\canonical-54c471640d0e79f5536b8c05\references.json,,
canonical_9fe942382d9c7b977859a847,9030f042798f02536a2e288268dff0af1da30f0ac14e0482a1046be7ec85a7f4,LVMH,lvmh,2024,agm_document,16_agm_minutes_resolutions,AGM minutes / resolutions,governance,agm_document,annual_or_ad_hoc,regulated_or_official,,already_exists,[],C:\Users\hp\Desktop\ESG\ESGCorpus\lvmh\2024\agm-document\canonical-9fe942382d9c7b977859a847\document.pdf,C:\Users\hp\Desktop\ESG\ESGCorpusTaxonomy\lvmh\2024\16_agm_minutes_resolutions\canonical-9fe942382d9c7b977859a847\document.pdf,C:\Users\hp\Desktop\ESG\ESGCorpusTaxonomy\lvmh\2024\16_agm_minutes_resolutions\canonical-9fe942382d9c7b977859a847\manifest.json,C:\Users\hp\Desktop\ESG\ESGCorpusTaxonomy\lvmh\2024\16_agm_minutes_resolutions\canonical-9fe942382d9c7b977859a847\references.json,,
canonical_3e7181299444708475ca7eca,918e97e5c37e09fda8cf3647be88ff18a13ff4e70b87e6ab1df8b0e0332554b8,LVMH,lvmh,2024,agm_document,16_agm_minutes_resolutions,AGM minutes / resolutions,governance,agm_document,annual_or_ad_hoc,regulated_or_official,,already_exists,[],C:\Users\hp\Desktop\ESG\ESGCorpus\lvmh\2024\agm-document\canonical-3e7181299444708475ca7eca\document.pdf,C:\Users\hp\Desktop\ESG\ESGCorpusTaxonomy\lvmh\2024\16_agm_minutes_resolutions\canonical-3e7181299444708475ca7eca\document.pdf,C:\Users\hp\Desktop\ESG\ESGCorpusTaxonomy\lvmh\2024\16_agm_minutes_resolutions\canonical-3e7181299444708475ca7eca\manifest.json,C:\Users\hp\Desktop\ESG\ESGCorpusTaxonomy\lvmh\2024\16_agm_minutes_resolutions\canonical-3e7181299444708475ca7eca\references.json,,
canonical_cc8fc56e401c99f9c8554234,91ea15aaa3408f434ce7402805abc7805c41f853058fa12f62655dcee6eb25b6,LVMH,lvmh,2024,agm_document,16_agm_minutes_resolutions,AGM minutes / resolutions,governance,agm_document,annual_or_ad_hoc,regulated_or_official,,already_exists,[],C:\Users\hp\Desktop\ESG\ESGCorpus\lvmh\2024\agm-document\canonical-cc8fc56e401c99f9c8554234\document.pdf,C:\Users\hp\Desktop\ESG\ESGCorpusTaxonomy\lvmh\2024\16_agm_minutes_resolutions\canonical-cc8fc56e401c99f9c8554234\document.pdf,C:\Users\hp\Desktop\ESG\ESGCorpusTaxonomy\lvmh\2024\16_agm_minutes_resolutions\canonical-cc8fc56e401c99f9c8554234\manifest.json,C:\Users\hp\Desktop\ESG\ESGCorpusTaxonomy\lvmh\2024\16_agm_minutes_resolutions\canonical-cc8fc56e401c99f9c8554234\references.json,,
canonical_1b67f2ca80b1866a46070332,957a082a37541b30edfd7c3a3af4341aa2acf1ba5a4dacc14645f573cb71e4b5,LVMH,lvmh,2024,corporate_policy,08_anticorruption_policy,Anti-corruption policy,policy,anticorruption_policy,perpetual,policy,,already_exists,[],C:\Users\hp\Desktop\ESG\ESGCorpus\lvmh\2024\corporate-policy\canonical-1b67f2ca80b1866a46070332\document.pdf,C:\Users\hp\Desktop\ESG\ESGCorpusTaxonomy\lvmh\2024\08_anticorruption_policy\canonical-1b67f2ca80b1866a46070332\document.pdf,C:\Users\hp\Desktop\ESG\ESGCorpusTaxonomy\lvmh\2024\08_anticorruption_policy\canonical-1b67f2ca80b1866a46070332\manifest.json,C:\Users\hp\Desktop\ESG\ESGCorpusTaxonomy\lvmh\2024\08_anticorruption_policy\canonical-1b67f2ca80b1866a46070332\references.json,,
canonical_5010d02ef53aa410e8fa8c67,95c772f353ef7609a471e313491e3039c6c161362ba03929944c4ed65dffa5f7,Schneider Electric,schneider-electric,2024,corporate_policy,,,,corporate_policy_needs_review,perpetual,policy,,needs_review,"[""corporate_policy_needs_review""]",C:\Users\hp\Desktop\ESG\ESGCorpus\schneider-electric\2024\corporate-policy\canonical-5010d02ef53aa410e8fa8c67\document.pdf,,,,,
canonical_446893b809f2a09f53a8b273,97d562b899055eeaddecc8808af1469c384bb62d77bab918702fdaecc5d17cc3,Schneider Electric,schneider-electric,2024,corporate_policy,08_anticorruption_policy,Anti-corruption policy,policy,anticorruption_policy,perpetual,policy,,already_exists,[],C:\Users\hp\Desktop\ESG\ESGCorpus\schneider-electric\2024\corporate-policy\canonical-446893b809f2a09f53a8b273\document.pdf,C:\Users\hp\Desktop\ESG\ESGCorpusTaxonomy\schneider-electric\2024\08_anticorruption_policy\canonical-446893b809f2a09f53a8b273\document.pdf,C:\Users\hp\Desktop\ESG\ESGCorpusTaxonomy\schneider-electric\2024\08_anticorruption_policy\canonical-446893b809f2a09f53a8b273\manifest.json,C:\Users\hp\Desktop\ESG\ESGCorpusTaxonomy\schneider-electric\2024\08_anticorruption_policy\canonical-446893b809f2a09f53a8b273\references.json,,
canonical_92ffe80bca67f72d7c72dd55,9913025d1626b18764d4e6307cd90d3d0f09f3696aea23e70eedea1c46e0e12c,TotalEnergies,totalenergies,2024,sustainability_report,02_sustainability_statement_csrd_esrs,Sustainability statement / CSRD / ESRS,core_sustainability,sustainability_report,annual,regulated_or_emerging_regulated,,already_exists,[],C:\Users\hp\Desktop\ESG\ESGCorpus\totalenergies\2024\sustainability-report\canonical-92ffe80bca67f72d7c72dd55\document.pdf,C:\Users\hp\Desktop\ESG\ESGCorpusTaxonomy\totalenergies\2024\02_sustainability_statement_csrd_esrs\canonical-92ffe80bca67f72d7c72dd55\document.pdf,C:\Users\hp\Desktop\ESG\ESGCorpusTaxonomy\totalenergies\2024\02_sustainability_statement_csrd_esrs\canonical-92ffe80bca67f72d7c72dd55\manifest.json,C:\Users\hp\Desktop\ESG\ESGCorpusTaxonomy\totalenergies\2024\02_sustainability_statement_csrd_esrs\canonical-92ffe80bca67f72d7c72dd55\references.json,,
canonical_2b96daf2b151c5596c126cd3,994f96dcaffcf4f0405f594c9436b926215a5c4d246e9b90a98e8192ecf4e386,TotalEnergies,totalenergies,2024,climate_report,03_climate_report_tcfd_transition_plan,Climate report / TCFD / transition plan,climate,climate_report,annual_or_ad_hoc,voluntary_or_regulated,,already_exists,[],C:\Users\hp\Desktop\ESG\ESGCorpus\totalenergies\2024\climate-report\canonical-2b96daf2b151c5596c126cd3\document.pdf,C:\Users\hp\Desktop\ESG\ESGCorpusTaxonomy\totalenergies\2024\03_climate_report_tcfd_transition_plan\canonical-2b96daf2b151c5596c126cd3\document.pdf,C:\Users\hp\Desktop\ESG\ESGCorpusTaxonomy\totalenergies\2024\03_climate_report_tcfd_transition_plan\canonical-2b96daf2b151c5596c126cd3\manifest.json,C:\Users\hp\Desktop\ESG\ESGCorpusTaxonomy\totalenergies\2024\03_climate_report_tcfd_transition_plan\canonical-2b96daf2b151c5596c126cd3\references.json,,
canonical_d5d65b43b03b27d2fbddac54,996a717a3ecfcd5f74da2ba6c9f9d521a310470deb842b615fae74acbbe1e4f5,TotalEnergies,totalenergies,2024,agm_document,16_agm_minutes_resolutions,AGM minutes / resolutions,governance,agm_document,annual_or_ad_hoc,regulated_or_official,,already_exists,[],C:\Users\hp\Desktop\ESG\ESGCorpus\totalenergies\2024\agm-document\canonical-d5d65b43b03b27d2fbddac54\document.pdf,C:\Users\hp\Desktop\ESG\ESGCorpusTaxonomy\totalenergies\2024\16_agm_minutes_resolutions\canonical-d5d65b43b03b27d2fbddac54\document.pdf,C:\Users\hp\Desktop\ESG\ESGCorpusTaxonomy\totalenergies\2024\16_agm_minutes_resolutions\canonical-d5d65b43b03b27d2fbddac54\manifest.json,C:\Users\hp\Desktop\ESG\ESGCorpusTaxonomy\totalenergies\2024\16_agm_minutes_resolutions\canonical-d5d65b43b03b27d2fbddac54\references.json,,
canonical_805f2f0f2264a378e5a9b20e,9b9e14d619787cfb6819aebe7ad76f4c7631328e6339d435be805ad23aece33f,LVMH,lvmh,2024,agm_document,16_agm_minutes_resolutions,AGM minutes / resolutions,governance,agm_document,annual_or_ad_hoc,regulated_or_official,,already_exists,[],C:\Users\hp\Desktop\ESG\ESGCorpus\lvmh\2024\agm-document\canonical-805f2f0f2264a378e5a9b20e\document.pdf,C:\Users\hp\Desktop\ESG\ESGCorpusTaxonomy\lvmh\2024\16_agm_minutes_resolutions\canonical-805f2f0f2264a378e5a9b20e\document.pdf,C:\Users\hp\Desktop\ESG\ESGCorpusTaxonomy\lvmh\2024\16_agm_minutes_resolutions\canonical-805f2f0f2264a378e5a9b20e\manifest.json,C:\Users\hp\Desktop\ESG\ESGCorpusTaxonomy\lvmh\2024\16_agm_minutes_resolutions\canonical-805f2f0f2264a378e5a9b20e\references.json,,
canonical_c3b9e1a41fbbf16284641448,9c4f179756dc155d9ab7e1829dc1ce1c08ee98d3d804f5aa2fe4fedec15a34d2,TotalEnergies,totalenergies,2024,agm_document,16_agm_minutes_resolutions,AGM minutes / resolutions,governance,agm_document,annual_or_ad_hoc,regulated_or_official,,already_exists,[],C:\Users\hp\Desktop\ESG\ESGCorpus\totalenergies\2024\agm-document\canonical-c3b9e1a41fbbf16284641448\document.pdf,C:\Users\hp\Desktop\ESG\ESGCorpusTaxonomy\totalenergies\2024\16_agm_minutes_resolutions\canonical-c3b9e1a41fbbf16284641448\document.pdf,C:\Users\hp\Desktop\ESG\ESGCorpusTaxonomy\totalenergies\2024\16_agm_minutes_resolutions\canonical-c3b9e1a41fbbf16284641448\manifest.json,C:\Users\hp\Desktop\ESG\ESGCorpusTaxonomy\totalenergies\2024\16_agm_minutes_resolutions\canonical-c3b9e1a41fbbf16284641448\references.json,,
canonical_4063461f2cd06a72101fc595,9c5c4949b391f334bb5fa48e37f255512d61ccf6308de9b56c1545b4f6cfa3e2,LVMH,lvmh,2024,earnings_call,14_earnings_call_transcripts,Earnings call transcripts,market_communication,earnings_call,periodic,voluntary,,already_exists,[],C:\Users\hp\Desktop\ESG\ESGCorpus\lvmh\2024\earnings-call\canonical-4063461f2cd06a72101fc595\document.pdf,C:\Users\hp\Desktop\ESG\ESGCorpusTaxonomy\lvmh\2024\14_earnings_call_transcripts\canonical-4063461f2cd06a72101fc595\document.pdf,C:\Users\hp\Desktop\ESG\ESGCorpusTaxonomy\lvmh\2024\14_earnings_call_transcripts\canonical-4063461f2cd06a72101fc595\manifest.json,C:\Users\hp\Desktop\ESG\ESGCorpusTaxonomy\lvmh\2024\14_earnings_call_transcripts\canonical-4063461f2cd06a72101fc595\references.json,,
canonical_80620bffefea945d4500b45b,9c9e3bf43b37a939586324dd65a7fe0fd21eb1338005665be6131f1f429f7591,LVMH,lvmh,2024,agm_document,16_agm_minutes_resolutions,AGM minutes / resolutions,governance,agm_document,annual_or_ad_hoc,regulated_or_official,,already_exists,[],C:\Users\hp\Desktop\ESG\ESGCorpus\lvmh\2024\agm-document\canonical-80620bffefea945d4500b45b\document.pdf,C:\Users\hp\Desktop\ESG\ESGCorpusTaxonomy\lvmh\2024\16_agm_minutes_resolutions\canonical-80620bffefea945d4500b45b\document.pdf,C:\Users\hp\Desktop\ESG\ESGCorpusTaxonomy\lvmh\2024\16_agm_minutes_resolutions\canonical-80620bffefea945d4500b45b\manifest.json,C:\Users\hp\Desktop\ESG\ESGCorpusTaxonomy\lvmh\2024\16_agm_minutes_resolutions\canonical-80620bffefea945d4500b45b\references.json,,
canonical_86ce4322e842d7d005753ab0,9cc1d783418da963215e66d87a39d2cd01cecdf6715a908aab839e14955a5d01,LVMH,lvmh,2024,climate_report,03_climate_report_tcfd_transition_plan,Climate report / TCFD / transition plan,climate,climate_report,annual_or_ad_hoc,voluntary_or_regulated,,already_exists,[],C:\Users\hp\Desktop\ESG\ESGCorpus\lvmh\2024\climate-report\canonical-86ce4322e842d7d005753ab0\document.pdf,C:\Users\hp\Desktop\ESG\ESGCorpusTaxonomy\lvmh\2024\03_climate_report_tcfd_transition_plan\canonical-86ce4322e842d7d005753ab0\document.pdf,C:\Users\hp\Desktop\ESG\ESGCorpusTaxonomy\lvmh\2024\03_climate_report_tcfd_transition_plan\canonical-86ce4322e842d7d005753ab0\manifest.json,C:\Users\hp\Desktop\ESG\ESGCorpusTaxonomy\lvmh\2024\03_climate_report_tcfd_transition_plan\canonical-86ce4322e842d7d005753ab0\references.json,,
canonical_16698a832fd67253ca0e9962,9e9bfac84870b7da5e4c44c7c20219058ac4c8fe2c65f900ba2ce9047fd58d63,TotalEnergies,totalenergies,2024,agm_document,16_agm_minutes_resolutions,AGM minutes / resolutions,governance,agm_document,annual_or_ad_hoc,regulated_or_official,,already_exists,[],C:\Users\hp\Desktop\ESG\ESGCorpus\totalenergies\2024\agm-document\canonical-16698a832fd67253ca0e9962\document.pdf,C:\Users\hp\Desktop\ESG\ESGCorpusTaxonomy\totalenergies\2024\16_agm_minutes_resolutions\canonical-16698a832fd67253ca0e9962\document.pdf,C:\Users\hp\Desktop\ESG\ESGCorpusTaxonomy\totalenergies\2024\16_agm_minutes_resolutions\canonical-16698a832fd67253ca0e9962\manifest.json,C:\Users\hp\Desktop\ESG\ESGCorpusTaxonomy\totalenergies\2024\16_agm_minutes_resolutions\canonical-16698a832fd67253ca0e9962\references.json,,
canonical_6a311c4f715c6fba09582b62,9f36260d666604e27c0193792f964971a1315bcc570554a9450737fe9ebd57f2,LVMH,lvmh,2024,sbti_commitment,18_sbti_validation,SBTi validation,external_validation,sbti_commitment,ad_hoc,voluntary,,already_exists,[],C:\Users\hp\Desktop\ESG\ESGCorpus\lvmh\2024\sbti-commitment\canonical-6a311c4f715c6fba09582b62\document.pdf,C:\Users\hp\Desktop\ESG\ESGCorpusTaxonomy\lvmh\2024\18_sbti_validation\canonical-6a311c4f715c6fba09582b62\document.pdf,C:\Users\hp\Desktop\ESG\ESGCorpusTaxonomy\lvmh\2024\18_sbti_validation\canonical-6a311c4f715c6fba09582b62\manifest.json,C:\Users\hp\Desktop\ESG\ESGCorpusTaxonomy\lvmh\2024\18_sbti_validation\canonical-6a311c4f715c6fba09582b62\references.json,,
canonical_4bd8297272a14a4f007b1fea,9f8eca45a6639e43271bd88b6f0c63a985a3560b785d8b5f4e4bc96b45f5505f,TotalEnergies,totalenergies,2024,assurance_report,19_third_party_assurance_report,Third-party assurance report,assurance,assurance_report,annual_or_ad_hoc,regulated_or_voluntary,,already_exists,[],C:\Users\hp\Desktop\ESG\ESGCorpus\totalenergies\2024\assurance-report\canonical-4bd8297272a14a4f007b1fea\document.pdf,C:\Users\hp\Desktop\ESG\ESGCorpusTaxonomy\totalenergies\2024\19_third_party_assurance_report\canonical-4bd8297272a14a4f007b1fea\document.pdf,C:\Users\hp\Desktop\ESG\ESGCorpusTaxonomy\totalenergies\2024\19_third_party_assurance_report\canonical-4bd8297272a14a4f007b1fea\manifest.json,C:\Users\hp\Desktop\ESG\ESGCorpusTaxonomy\totalenergies\2024\19_third_party_assurance_report\canonical-4bd8297272a14a4f007b1fea\references.json,,
canonical_c770a46401e681516f05ed3e,9fc754d47162512181a6f7cef448ba76a78ece624fe335f6abfdcc12930e0a7b,BNP Paribas,bnp-paribas,2024,annual_report,01_urd_annual_report,URD / annual report,core_reporting,annual_report,annual,regulated_or_standard_reporting,,already_exists,[],C:\Users\hp\Desktop\ESG\ESGCorpus\bnp-paribas\2024\annual-report\canonical-c770a46401e681516f05ed3e\document.pdf,C:\Users\hp\Desktop\ESG\ESGCorpusTaxonomy\bnp-paribas\2024\01_urd_annual_report\canonical-c770a46401e681516f05ed3e\document.pdf,C:\Users\hp\Desktop\ESG\ESGCorpusTaxonomy\bnp-paribas\2024\01_urd_annual_report\canonical-c770a46401e681516f05ed3e\manifest.json,C:\Users\hp\Desktop\ESG\ESGCorpusTaxonomy\bnp-paribas\2024\01_urd_annual_report\canonical-c770a46401e681516f05ed3e\references.json,,
canonical_37b483c6769d67a255e98451,9fff4f49b1c77aeaac3521438ad34bd802764e3877ec4fd7b3c5a887948ddde0,Schneider Electric,schneider-electric,2024,remuneration_report,,,,remuneration_report_needs_review,,,,needs_review,"[""may_be_section_of_urd"", ""official_doc_type_needs_review""]",C:\Users\hp\Desktop\ESG\ESGCorpus\schneider-electric\2024\remuneration-report\canonical-37b483c6769d67a255e98451\document.pdf,,,,,
canonical_4c533a37fc0250f0d96994d0,a05e0402777fc4dd5bffb0e5365b6161529d8430065adf3736905fda473d3a02,Schneider Electric,schneider-electric,2024,remuneration_report,,,,remuneration_report_needs_review,,,,needs_review,"[""may_be_section_of_urd"", ""official_doc_type_needs_review""]",C:\Users\hp\Desktop\ESG\ESGCorpus\schneider-electric\2024\remuneration-report\canonical-4c533a37fc0250f0d96994d0\document.pdf,,,,,
canonical_e40e6307b0697d5d38ab12a7,a13f228aa035bede38a0df4b99f81e097b750043345f5208b8cf7dcf906d7bd7,TotalEnergies,totalenergies,2024,cdp_response,17_cdp_response,CDP response,external_questionnaire,cdp_response,annual,voluntary,,already_exists,[],C:\Users\hp\Desktop\ESG\ESGCorpus\totalenergies\2024\cdp-response\canonical-e40e6307b0697d5d38ab12a7\document.pdf,C:\Users\hp\Desktop\ESG\ESGCorpusTaxonomy\totalenergies\2024\17_cdp_response\canonical-e40e6307b0697d5d38ab12a7\document.pdf,C:\Users\hp\Desktop\ESG\ESGCorpusTaxonomy\totalenergies\2024\17_cdp_response\canonical-e40e6307b0697d5d38ab12a7\manifest.json,C:\Users\hp\Desktop\ESG\ESGCorpusTaxonomy\totalenergies\2024\17_cdp_response\canonical-e40e6307b0697d5d38ab12a7\references.json,,
canonical_33c6574e55caea9fb8428c26,a24dfcb5235ae633784625bde52d76b0a44f6426a39f627326c1c383e8be68b2,LVMH,lvmh,2024,corporate_policy,,,,corporate_policy_needs_review,perpetual,policy,,needs_review,"[""corporate_policy_needs_review""]",C:\Users\hp\Desktop\ESG\ESGCorpus\lvmh\2024\corporate-policy\canonical-33c6574e55caea9fb8428c26\document.pdf,,,,,
canonical_14effcdd797859325af5031b,a3cfa122246d008c6742d664c2671f9d3252dfee3ffe76a05b7188b05bb2beda,LVMH,lvmh,2024,agm_document,16_agm_minutes_resolutions,AGM minutes / resolutions,governance,agm_document,annual_or_ad_hoc,regulated_or_official,,already_exists,[],C:\Users\hp\Desktop\ESG\ESGCorpus\lvmh\2024\agm-document\canonical-14effcdd797859325af5031b\document.pdf,C:\Users\hp\Desktop\ESG\ESGCorpusTaxonomy\lvmh\2024\16_agm_minutes_resolutions\canonical-14effcdd797859325af5031b\document.pdf,C:\Users\hp\Desktop\ESG\ESGCorpusTaxonomy\lvmh\2024\16_agm_minutes_resolutions\canonical-14effcdd797859325af5031b\manifest.json,C:\Users\hp\Desktop\ESG\ESGCorpusTaxonomy\lvmh\2024\16_agm_minutes_resolutions\canonical-14effcdd797859325af5031b\references.json,,
canonical_40d8e0d89b7401018cec99da,a479aa243964ca928068a8058a6577c51ef093611e5b342d1d5fbb8928c2632e,Schneider Electric,schneider-electric,2024,climate_report,03_climate_report_tcfd_transition_plan,Climate report / TCFD / transition plan,climate,climate_report,annual_or_ad_hoc,voluntary_or_regulated,,already_exists,[],C:\Users\hp\Desktop\ESG\ESGCorpus\schneider-electric\2024\climate-report\canonical-40d8e0d89b7401018cec99da\document.pdf,C:\Users\hp\Desktop\ESG\ESGCorpusTaxonomy\schneider-electric\2024\03_climate_report_tcfd_transition_plan\canonical-40d8e0d89b7401018cec99da\document.pdf,C:\Users\hp\Desktop\ESG\ESGCorpusTaxonomy\schneider-electric\2024\03_climate_report_tcfd_transition_plan\canonical-40d8e0d89b7401018cec99da\manifest.json,C:\Users\hp\Desktop\ESG\ESGCorpusTaxonomy\schneider-electric\2024\03_climate_report_tcfd_transition_plan\canonical-40d8e0d89b7401018cec99da\references.json,,
canonical_294d4c3aaafdda8f44f397f4,a809cbd84ea01e4ab02cad9e4fbf65c1fe1420b9157d072948a2a5ca313c54e9,LVMH,lvmh,2024,sbti_commitment,18_sbti_validation,SBTi validation,external_validation,sbti_commitment,ad_hoc,voluntary,,already_exists,[],C:\Users\hp\Desktop\ESG\ESGCorpus\lvmh\2024\sbti-commitment\canonical-294d4c3aaafdda8f44f397f4\document.pdf,C:\Users\hp\Desktop\ESG\ESGCorpusTaxonomy\lvmh\2024\18_sbti_validation\canonical-294d4c3aaafdda8f44f397f4\document.pdf,C:\Users\hp\Desktop\ESG\ESGCorpusTaxonomy\lvmh\2024\18_sbti_validation\canonical-294d4c3aaafdda8f44f397f4\manifest.json,C:\Users\hp\Desktop\ESG\ESGCorpusTaxonomy\lvmh\2024\18_sbti_validation\canonical-294d4c3aaafdda8f44f397f4\references.json,,
canonical_00d3275eb3c44ed97bf18452,aa93340c64910d9ae4bbd1f8936f3cda1d0f7f509b7e09420bbe199ee32dbd11,Schneider Electric,schneider-electric,2024,remuneration_report,,,,remuneration_report_needs_review,,,,needs_review,"[""may_be_section_of_urd"", ""official_doc_type_needs_review""]",C:\Users\hp\Desktop\ESG\ESGCorpus\schneider-electric\2024\remuneration-report\canonical-00d3275eb3c44ed97bf18452\document.pdf,,,,,
canonical_d469097f681ffab7d02a2b7c,ad1e291ef60f417ed054d620ecf71ef1df20c388285b5b945e0eb4e6788da435,TotalEnergies,totalenergies,2024,sbti_commitment,18_sbti_validation,SBTi validation,external_validation,sbti_commitment,ad_hoc,voluntary,,already_exists,[],C:\Users\hp\Desktop\ESG\ESGCorpus\totalenergies\2024\sbti-commitment\canonical-d469097f681ffab7d02a2b7c\document.pdf,C:\Users\hp\Desktop\ESG\ESGCorpusTaxonomy\totalenergies\2024\18_sbti_validation\canonical-d469097f681ffab7d02a2b7c\document.pdf,C:\Users\hp\Desktop\ESG\ESGCorpusTaxonomy\totalenergies\2024\18_sbti_validation\canonical-d469097f681ffab7d02a2b7c\manifest.json,C:\Users\hp\Desktop\ESG\ESGCorpusTaxonomy\totalenergies\2024\18_sbti_validation\canonical-d469097f681ffab7d02a2b7c\references.json,,
canonical_daeb83514bfcf245dbf0ef63,ad9a34d297c6b6449538ade2021c61d7e05d530779dc291fc5079cb9e790120d,TotalEnergies,totalenergies,2024,remuneration_report,,,,remuneration_report_needs_review,,,,needs_review,"[""may_be_section_of_urd"", ""official_doc_type_needs_review""]",C:\Users\hp\Desktop\ESG\ESGCorpus\totalenergies\2024\remuneration-report\canonical-daeb83514bfcf245dbf0ef63\document.pdf,,,,,
canonical_ca8266ef2ec56361de270468,ada723f63fd95afc284ab42f21b59f3d6d7885e16aa360ee480bda221c8b6771,LVMH,lvmh,2024,sbti_commitment,18_sbti_validation,SBTi validation,external_validation,sbti_commitment,ad_hoc,voluntary,,already_exists,[],C:\Users\hp\Desktop\ESG\ESGCorpus\lvmh\2024\sbti-commitment\canonical-ca8266ef2ec56361de270468\document.pdf,C:\Users\hp\Desktop\ESG\ESGCorpusTaxonomy\lvmh\2024\18_sbti_validation\canonical-ca8266ef2ec56361de270468\document.pdf,C:\Users\hp\Desktop\ESG\ESGCorpusTaxonomy\lvmh\2024\18_sbti_validation\canonical-ca8266ef2ec56361de270468\manifest.json,C:\Users\hp\Desktop\ESG\ESGCorpusTaxonomy\lvmh\2024\18_sbti_validation\canonical-ca8266ef2ec56361de270468\references.json,,
canonical_aad3e149a8a0e5aa54c24a30,ae4cc724e5928e2269f70df6790fa381c6252c8addf98483bc4923839f254ca2,LVMH,lvmh,2024,sbti_commitment,18_sbti_validation,SBTi validation,external_validation,sbti_commitment,ad_hoc,voluntary,,already_exists,[],C:\Users\hp\Desktop\ESG\ESGCorpus\lvmh\2024\sbti-commitment\canonical-aad3e149a8a0e5aa54c24a30\document.pdf,C:\Users\hp\Desktop\ESG\ESGCorpusTaxonomy\lvmh\2024\18_sbti_validation\canonical-aad3e149a8a0e5aa54c24a30\document.pdf,C:\Users\hp\Desktop\ESG\ESGCorpusTaxonomy\lvmh\2024\18_sbti_validation\canonical-aad3e149a8a0e5aa54c24a30\manifest.json,C:\Users\hp\Desktop\ESG\ESGCorpusTaxonomy\lvmh\2024\18_sbti_validation\canonical-aad3e149a8a0e5aa54c24a30\references.json,,
canonical_0bc68f6c0041ee2f11ab4494,ae843812535e70b5e5802c45fda49fc18e8cfb5bb6fd1d391a0002dcd974b8c7,LVMH,lvmh,2024,agm_document,16_agm_minutes_resolutions,AGM minutes / resolutions,governance,agm_document,annual_or_ad_hoc,regulated_or_official,,already_exists,[],C:\Users\hp\Desktop\ESG\ESGCorpus\lvmh\2024\agm-document\canonical-0bc68f6c0041ee2f11ab4494\document.pdf,C:\Users\hp\Desktop\ESG\ESGCorpusTaxonomy\lvmh\2024\16_agm_minutes_resolutions\canonical-0bc68f6c0041ee2f11ab4494\document.pdf,C:\Users\hp\Desktop\ESG\ESGCorpusTaxonomy\lvmh\2024\16_agm_minutes_resolutions\canonical-0bc68f6c0041ee2f11ab4494\manifest.json,C:\Users\hp\Desktop\ESG\ESGCorpusTaxonomy\lvmh\2024\16_agm_minutes_resolutions\canonical-0bc68f6c0041ee2f11ab4494\references.json,,
canonical_bdab1fa9b1d1a4e781178973,af3e861ccd5b9bce07cc6e078a5d820c898fbf5cc680c6700edd1f0117245785,Schneider Electric,schneider-electric,2024,sbti_commitment,18_sbti_validation,SBTi validation,external_validation,sbti_commitment,ad_hoc,voluntary,,already_exists,[],C:\Users\hp\Desktop\ESG\ESGCorpus\schneider-electric\2024\sbti-commitment\canonical-bdab1fa9b1d1a4e781178973\document.pdf,C:\Users\hp\Desktop\ESG\ESGCorpusTaxonomy\schneider-electric\2024\18_sbti_validation\canonical-bdab1fa9b1d1a4e781178973\document.pdf,C:\Users\hp\Desktop\ESG\ESGCorpusTaxonomy\schneider-electric\2024\18_sbti_validation\canonical-bdab1fa9b1d1a4e781178973\manifest.json,C:\Users\hp\Desktop\ESG\ESGCorpusTaxonomy\schneider-electric\2024\18_sbti_validation\canonical-bdab1fa9b1d1a4e781178973\references.json,,
canonical_8d03c740d24616319f13998c,b03cebab11bf714fe0d1fdaac91a5f2bf4317389f06b8c27f53b6327f0495d99,LVMH,lvmh,2024,sbti_commitment,18_sbti_validation,SBTi validation,external_validation,sbti_commitment,ad_hoc,voluntary,,already_exists,[],C:\Users\hp\Desktop\ESG\ESGCorpus\lvmh\2024\sbti-commitment\canonical-8d03c740d24616319f13998c\document.pdf,C:\Users\hp\Desktop\ESG\ESGCorpusTaxonomy\lvmh\2024\18_sbti_validation\canonical-8d03c740d24616319f13998c\document.pdf,C:\Users\hp\Desktop\ESG\ESGCorpusTaxonomy\lvmh\2024\18_sbti_validation\canonical-8d03c740d24616319f13998c\manifest.json,C:\Users\hp\Desktop\ESG\ESGCorpusTaxonomy\lvmh\2024\18_sbti_validation\canonical-8d03c740d24616319f13998c\references.json,,
canonical_6a5eedb4b12a570997895ad5,b0f200ef194baa1c6910769d032ddc0d6df310a61ae4eabf10e390852027ac8f,LVMH,lvmh,2024,corporate_policy,,,,corporate_policy_needs_review,perpetual,policy,,needs_review,"[""corporate_policy_needs_review""]",C:\Users\hp\Desktop\ESG\ESGCorpus\lvmh\2024\corporate-policy\canonical-6a5eedb4b12a570997895ad5\document.pdf,,,,,
canonical_6bfe6781b3ba73cb2fb04bde,b291f285adaf492fe285daa98640e114b7d69f5e7906d791ab3cde740bfdd62b,TotalEnergies,totalenergies,2024,agm_document,16_agm_minutes_resolutions,AGM minutes / resolutions,governance,agm_document,annual_or_ad_hoc,regulated_or_official,,already_exists,[],C:\Users\hp\Desktop\ESG\ESGCorpus\totalenergies\2024\agm-document\canonical-6bfe6781b3ba73cb2fb04bde\document.pdf,C:\Users\hp\Desktop\ESG\ESGCorpusTaxonomy\totalenergies\2024\16_agm_minutes_resolutions\canonical-6bfe6781b3ba73cb2fb04bde\document.pdf,C:\Users\hp\Desktop\ESG\ESGCorpusTaxonomy\totalenergies\2024\16_agm_minutes_resolutions\canonical-6bfe6781b3ba73cb2fb04bde\manifest.json,C:\Users\hp\Desktop\ESG\ESGCorpusTaxonomy\totalenergies\2024\16_agm_minutes_resolutions\canonical-6bfe6781b3ba73cb2fb04bde\references.json,,
canonical_c76f4c8b2475df8e94ebdecf,b29c2caed223376c4fc95b6bc45e0102cfef042bff8f276f8cfefe60e50356aa,Schneider Electric,schneider-electric,2024,annual_report,01_urd_annual_report,URD / annual report,core_reporting,annual_report,annual,regulated_or_standard_reporting,,already_exists,[],C:\Users\hp\Desktop\ESG\ESGCorpus\schneider-electric\2024\annual-report\canonical-c76f4c8b2475df8e94ebdecf\document.pdf,C:\Users\hp\Desktop\ESG\ESGCorpusTaxonomy\schneider-electric\2024\01_urd_annual_report\canonical-c76f4c8b2475df8e94ebdecf\document.pdf,C:\Users\hp\Desktop\ESG\ESGCorpusTaxonomy\schneider-electric\2024\01_urd_annual_report\canonical-c76f4c8b2475df8e94ebdecf\manifest.json,C:\Users\hp\Desktop\ESG\ESGCorpusTaxonomy\schneider-electric\2024\01_urd_annual_report\canonical-c76f4c8b2475df8e94ebdecf\references.json,,
canonical_00a718fde99895896df4521e,b2fb92c196a275d9eb8769a897b9b574d178856c13818c57301c3abc33ca9f08,LVMH,lvmh,2024,sbti_commitment,18_sbti_validation,SBTi validation,external_validation,sbti_commitment,ad_hoc,voluntary,,already_exists,[],C:\Users\hp\Desktop\ESG\ESGCorpus\lvmh\2024\sbti-commitment\canonical-00a718fde99895896df4521e\document.pdf,C:\Users\hp\Desktop\ESG\ESGCorpusTaxonomy\lvmh\2024\18_sbti_validation\canonical-00a718fde99895896df4521e\document.pdf,C:\Users\hp\Desktop\ESG\ESGCorpusTaxonomy\lvmh\2024\18_sbti_validation\canonical-00a718fde99895896df4521e\manifest.json,C:\Users\hp\Desktop\ESG\ESGCorpusTaxonomy\lvmh\2024\18_sbti_validation\canonical-00a718fde99895896df4521e\references.json,,
canonical_880718d1340a6ad22e1d1803,b322846a21ab10cee9a7056b598f07afebb87397810f878191c4b7f1621d626b,LVMH,lvmh,2024,sbti_commitment,18_sbti_validation,SBTi validation,external_validation,sbti_commitment,ad_hoc,voluntary,,already_exists,[],C:\Users\hp\Desktop\ESG\ESGCorpus\lvmh\2024\sbti-commitment\canonical-880718d1340a6ad22e1d1803\document.pdf,C:\Users\hp\Desktop\ESG\ESGCorpusTaxonomy\lvmh\2024\18_sbti_validation\canonical-880718d1340a6ad22e1d1803\document.pdf,C:\Users\hp\Desktop\ESG\ESGCorpusTaxonomy\lvmh\2024\18_sbti_validation\canonical-880718d1340a6ad22e1d1803\manifest.json,C:\Users\hp\Desktop\ESG\ESGCorpusTaxonomy\lvmh\2024\18_sbti_validation\canonical-880718d1340a6ad22e1d1803\references.json,,
canonical_d8d480959d5833504e478503,b424fdc7da2749adbb859a518a255d837fd98766212f6aad51a6946cc5d12094,LVMH,lvmh,2024,corporate_policy,,,,corporate_policy_needs_review,perpetual,policy,,needs_review,"[""corporate_policy_needs_review""]",C:\Users\hp\Desktop\ESG\ESGCorpus\lvmh\2024\corporate-policy\canonical-d8d480959d5833504e478503\document.pdf,,,,,
canonical_a2c4e6f704d52e76dedd3c06,b4506523ba336ef52d4f380f2aa2a4171d13ccf5be79dff97d99dc018d601135,LVMH,lvmh,2024,agm_document,16_agm_minutes_resolutions,AGM minutes / resolutions,governance,agm_document,annual_or_ad_hoc,regulated_or_official,,already_exists,[],C:\Users\hp\Desktop\ESG\ESGCorpus\lvmh\2024\agm-document\canonical-a2c4e6f704d52e76dedd3c06\document.pdf,C:\Users\hp\Desktop\ESG\ESGCorpusTaxonomy\lvmh\2024\16_agm_minutes_resolutions\canonical-a2c4e6f704d52e76dedd3c06\document.pdf,C:\Users\hp\Desktop\ESG\ESGCorpusTaxonomy\lvmh\2024\16_agm_minutes_resolutions\canonical-a2c4e6f704d52e76dedd3c06\manifest.json,C:\Users\hp\Desktop\ESG\ESGCorpusTaxonomy\lvmh\2024\16_agm_minutes_resolutions\canonical-a2c4e6f704d52e76dedd3c06\references.json,,
canonical_91314465b43a8d001ce1d87b,b7f093e41a9f6f834185e116d954b0b4d630b20f7994c64cda867074ef8ec446,LVMH,lvmh,2024,cdp_response,17_cdp_response,CDP response,external_questionnaire,cdp_response,annual,voluntary,,already_exists,[],C:\Users\hp\Desktop\ESG\ESGCorpus\lvmh\2024\cdp-response\canonical-91314465b43a8d001ce1d87b\document.pdf,C:\Users\hp\Desktop\ESG\ESGCorpusTaxonomy\lvmh\2024\17_cdp_response\canonical-91314465b43a8d001ce1d87b\document.pdf,C:\Users\hp\Desktop\ESG\ESGCorpusTaxonomy\lvmh\2024\17_cdp_response\canonical-91314465b43a8d001ce1d87b\manifest.json,C:\Users\hp\Desktop\ESG\ESGCorpusTaxonomy\lvmh\2024\17_cdp_response\canonical-91314465b43a8d001ce1d87b\references.json,,
canonical_cae0c26fd97ef6c31bc91318,b82f478e47be536cfb594ec0d2106f8c64554be91b9c8705ca390c6e88e9e599,TotalEnergies,totalenergies,2024,sbti_commitment,18_sbti_validation,SBTi validation,external_validation,sbti_commitment,ad_hoc,voluntary,,already_exists,[],C:\Users\hp\Desktop\ESG\ESGCorpus\totalenergies\2024\sbti-commitment\canonical-cae0c26fd97ef6c31bc91318\document.pdf,C:\Users\hp\Desktop\ESG\ESGCorpusTaxonomy\totalenergies\2024\18_sbti_validation\canonical-cae0c26fd97ef6c31bc91318\document.pdf,C:\Users\hp\Desktop\ESG\ESGCorpusTaxonomy\totalenergies\2024\18_sbti_validation\canonical-cae0c26fd97ef6c31bc91318\manifest.json,C:\Users\hp\Desktop\ESG\ESGCorpusTaxonomy\totalenergies\2024\18_sbti_validation\canonical-cae0c26fd97ef6c31bc91318\references.json,,
canonical_86cd6702a4c56825a3fee6ba,b8f92e18ee957ceb3c3a85221caabb334ba0351d64d2704db983cc8bfe563d26,TotalEnergies,totalenergies,2024,cdp_response,17_cdp_response,CDP response,external_questionnaire,cdp_response,annual,voluntary,,already_exists,[],C:\Users\hp\Desktop\ESG\ESGCorpus\totalenergies\2024\cdp-response\canonical-86cd6702a4c56825a3fee6ba\document.pdf,C:\Users\hp\Desktop\ESG\ESGCorpusTaxonomy\totalenergies\2024\17_cdp_response\canonical-86cd6702a4c56825a3fee6ba\document.pdf,C:\Users\hp\Desktop\ESG\ESGCorpusTaxonomy\totalenergies\2024\17_cdp_response\canonical-86cd6702a4c56825a3fee6ba\manifest.json,C:\Users\hp\Desktop\ESG\ESGCorpusTaxonomy\totalenergies\2024\17_cdp_response\canonical-86cd6702a4c56825a3fee6ba\references.json,,
canonical_84c6ee4f4c6b8dff4331d8bd,bafa52260427ac4d23bf9113c65e8036e4cb3e2d7751b134931602dab9077a65,LVMH,lvmh,2024,agm_document,16_agm_minutes_resolutions,AGM minutes / resolutions,governance,agm_document,annual_or_ad_hoc,regulated_or_official,,already_exists,[],C:\Users\hp\Desktop\ESG\ESGCorpus\lvmh\2024\agm-document\canonical-84c6ee4f4c6b8dff4331d8bd\document.pdf,C:\Users\hp\Desktop\ESG\ESGCorpusTaxonomy\lvmh\2024\16_agm_minutes_resolutions\canonical-84c6ee4f4c6b8dff4331d8bd\document.pdf,C:\Users\hp\Desktop\ESG\ESGCorpusTaxonomy\lvmh\2024\16_agm_minutes_resolutions\canonical-84c6ee4f4c6b8dff4331d8bd\manifest.json,C:\Users\hp\Desktop\ESG\ESGCorpusTaxonomy\lvmh\2024\16_agm_minutes_resolutions\canonical-84c6ee4f4c6b8dff4331d8bd\references.json,,
canonical_576c4ebdb7ec39113e79bd18,bdcbb606a43f81070f65345ad71e3dd09b724daaf35bb677a7a4bdb76ecc0f59,LVMH,lvmh,2024,agm_document,16_agm_minutes_resolutions,AGM minutes / resolutions,governance,agm_document,annual_or_ad_hoc,regulated_or_official,,already_exists,[],C:\Users\hp\Desktop\ESG\ESGCorpus\lvmh\2024\agm-document\canonical-576c4ebdb7ec39113e79bd18\document.pdf,C:\Users\hp\Desktop\ESG\ESGCorpusTaxonomy\lvmh\2024\16_agm_minutes_resolutions\canonical-576c4ebdb7ec39113e79bd18\document.pdf,C:\Users\hp\Desktop\ESG\ESGCorpusTaxonomy\lvmh\2024\16_agm_minutes_resolutions\canonical-576c4ebdb7ec39113e79bd18\manifest.json,C:\Users\hp\Desktop\ESG\ESGCorpusTaxonomy\lvmh\2024\16_agm_minutes_resolutions\canonical-576c4ebdb7ec39113e79bd18\references.json,,
canonical_38ec78eb122ff95a092aa37a,be00dec2028e6e6f85973a289e9e5621e6543eb26d9aff578c6553ee46ce5fa7,LVMH,lvmh,2024,sbti_commitment,18_sbti_validation,SBTi validation,external_validation,sbti_commitment,ad_hoc,voluntary,,already_exists,[],C:\Users\hp\Desktop\ESG\ESGCorpus\lvmh\2024\sbti-commitment\canonical-38ec78eb122ff95a092aa37a\document.pdf,C:\Users\hp\Desktop\ESG\ESGCorpusTaxonomy\lvmh\2024\18_sbti_validation\canonical-38ec78eb122ff95a092aa37a\document.pdf,C:\Users\hp\Desktop\ESG\ESGCorpusTaxonomy\lvmh\2024\18_sbti_validation\canonical-38ec78eb122ff95a092aa37a\manifest.json,C:\Users\hp\Desktop\ESG\ESGCorpusTaxonomy\lvmh\2024\18_sbti_validation\canonical-38ec78eb122ff95a092aa37a\references.json,,
canonical_46ba29d60207c57de191ca65,c0294fa903042125e9347c0592847defd97f5da88182a640162598828d33b4f0,TotalEnergies,totalenergies,2024,annual_report,01_urd_annual_report,URD / annual report,core_reporting,annual_report,annual,regulated_or_standard_reporting,,already_exists,[],C:\Users\hp\Desktop\ESG\ESGCorpus\totalenergies\2024\annual-report\canonical-46ba29d60207c57de191ca65\document.pdf,C:\Users\hp\Desktop\ESG\ESGCorpusTaxonomy\totalenergies\2024\01_urd_annual_report\canonical-46ba29d60207c57de191ca65\document.pdf,C:\Users\hp\Desktop\ESG\ESGCorpusTaxonomy\totalenergies\2024\01_urd_annual_report\canonical-46ba29d60207c57de191ca65\manifest.json,C:\Users\hp\Desktop\ESG\ESGCorpusTaxonomy\totalenergies\2024\01_urd_annual_report\canonical-46ba29d60207c57de191ca65\references.json,,
canonical_46ba29d60207c57de191ca65,c0294fa903042125e9347c0592847defd97f5da88182a640162598828d33b4f0,TotalEnergies,totalenergies,2024,sustainability_report,02_sustainability_statement_csrd_esrs,Sustainability statement / CSRD / ESRS,core_sustainability,sustainability_report,annual,regulated_or_emerging_regulated,,already_exists,[],C:\Users\hp\Desktop\ESG\ESGCorpus\totalenergies\2024\sustainability-report\canonical-46ba29d60207c57de191ca65\document.pdf,C:\Users\hp\Desktop\ESG\ESGCorpusTaxonomy\totalenergies\2024\02_sustainability_statement_csrd_esrs\canonical-46ba29d60207c57de191ca65\document.pdf,C:\Users\hp\Desktop\ESG\ESGCorpusTaxonomy\totalenergies\2024\02_sustainability_statement_csrd_esrs\canonical-46ba29d60207c57de191ca65\manifest.json,C:\Users\hp\Desktop\ESG\ESGCorpusTaxonomy\totalenergies\2024\02_sustainability_statement_csrd_esrs\canonical-46ba29d60207c57de191ca65\references.json,,
canonical_afa0257c1849f991949a3c94,c221f3684732fcb29102ce1830671fd49fe2e53fde24b3bbd976a7b54b10bea7,TotalEnergies,totalenergies,2024,vigilance_plan,04_vigilance_plan,Vigilance plan,due_diligence,vigilance_plan,annual,regulated,,already_exists,[],C:\Users\hp\Desktop\ESG\ESGCorpus\totalenergies\2024\vigilance-plan\canonical-afa0257c1849f991949a3c94\document.pdf,C:\Users\hp\Desktop\ESG\ESGCorpusTaxonomy\totalenergies\2024\04_vigilance_plan\canonical-afa0257c1849f991949a3c94\document.pdf,C:\Users\hp\Desktop\ESG\ESGCorpusTaxonomy\totalenergies\2024\04_vigilance_plan\canonical-afa0257c1849f991949a3c94\manifest.json,C:\Users\hp\Desktop\ESG\ESGCorpusTaxonomy\totalenergies\2024\04_vigilance_plan\canonical-afa0257c1849f991949a3c94\references.json,,
canonical_4c8949ad2788d82743abe454,c414387fbd2a50f0a1f1c78d492bc1e4b867977df6187d012e48ac1a8b8d2485,TotalEnergies,totalenergies,2024,assurance_report,19_third_party_assurance_report,Third-party assurance report,assurance,assurance_report,annual_or_ad_hoc,regulated_or_voluntary,,already_exists,[],C:\Users\hp\Desktop\ESG\ESGCorpus\totalenergies\2024\assurance-report\canonical-4c8949ad2788d82743abe454\document.pdf,C:\Users\hp\Desktop\ESG\ESGCorpusTaxonomy\totalenergies\2024\19_third_party_assurance_report\canonical-4c8949ad2788d82743abe454\document.pdf,C:\Users\hp\Desktop\ESG\ESGCorpusTaxonomy\totalenergies\2024\19_third_party_assurance_report\canonical-4c8949ad2788d82743abe454\manifest.json,C:\Users\hp\Desktop\ESG\ESGCorpusTaxonomy\totalenergies\2024\19_third_party_assurance_report\canonical-4c8949ad2788d82743abe454\references.json,,
canonical_7505bbd1fbec797993658dbf,c43dfaa904aa17a97bbf775898167643c7f2d505bab3d14f46415365127cdd54,LVMH,lvmh,2024,agm_document,16_agm_minutes_resolutions,AGM minutes / resolutions,governance,agm_document,annual_or_ad_hoc,regulated_or_official,,already_exists,[],C:\Users\hp\Desktop\ESG\ESGCorpus\lvmh\2024\agm-document\canonical-7505bbd1fbec797993658dbf\document.pdf,C:\Users\hp\Desktop\ESG\ESGCorpusTaxonomy\lvmh\2024\16_agm_minutes_resolutions\canonical-7505bbd1fbec797993658dbf\document.pdf,C:\Users\hp\Desktop\ESG\ESGCorpusTaxonomy\lvmh\2024\16_agm_minutes_resolutions\canonical-7505bbd1fbec797993658dbf\manifest.json,C:\Users\hp\Desktop\ESG\ESGCorpusTaxonomy\lvmh\2024\16_agm_minutes_resolutions\canonical-7505bbd1fbec797993658dbf\references.json,,
canonical_c363a9ce574cab881acddfd8,c461f7adf4692fb3d5aea688facd6735ebb05ba53307a2115a0d302493afcd81,LVMH,lvmh,2024,agm_document,16_agm_minutes_resolutions,AGM minutes / resolutions,governance,agm_document,annual_or_ad_hoc,regulated_or_official,,already_exists,[],C:\Users\hp\Desktop\ESG\ESGCorpus\lvmh\2024\agm-document\canonical-c363a9ce574cab881acddfd8\document.pdf,C:\Users\hp\Desktop\ESG\ESGCorpusTaxonomy\lvmh\2024\16_agm_minutes_resolutions\canonical-c363a9ce574cab881acddfd8\document.pdf,C:\Users\hp\Desktop\ESG\ESGCorpusTaxonomy\lvmh\2024\16_agm_minutes_resolutions\canonical-c363a9ce574cab881acddfd8\manifest.json,C:\Users\hp\Desktop\ESG\ESGCorpusTaxonomy\lvmh\2024\16_agm_minutes_resolutions\canonical-c363a9ce574cab881acddfd8\references.json,,
canonical_89ab79e58ebfa3bb117f5347,c638941bd0c793d8d8eda12d523f769edd8951de2a5565fdf313b8dc848ff50a,LVMH,lvmh,2024,agm_document,16_agm_minutes_resolutions,AGM minutes / resolutions,governance,agm_document,annual_or_ad_hoc,regulated_or_official,,already_exists,[],C:\Users\hp\Desktop\ESG\ESGCorpus\lvmh\2024\agm-document\canonical-89ab79e58ebfa3bb117f5347\document.pdf,C:\Users\hp\Desktop\ESG\ESGCorpusTaxonomy\lvmh\2024\16_agm_minutes_resolutions\canonical-89ab79e58ebfa3bb117f5347\document.pdf,C:\Users\hp\Desktop\ESG\ESGCorpusTaxonomy\lvmh\2024\16_agm_minutes_resolutions\canonical-89ab79e58ebfa3bb117f5347\manifest.json,C:\Users\hp\Desktop\ESG\ESGCorpusTaxonomy\lvmh\2024\16_agm_minutes_resolutions\canonical-89ab79e58ebfa3bb117f5347\references.json,,
canonical_d6e27095ba8ea532fa60b4ce,c65ec5c295536fd09cb15ccf7c6172f35215556f5d9b9f74f802a602d22b238d,TotalEnergies,totalenergies,2024,sustainability_report,02_sustainability_statement_csrd_esrs,Sustainability statement / CSRD / ESRS,core_sustainability,sustainability_report,annual,regulated_or_emerging_regulated,,already_exists,[],C:\Users\hp\Desktop\ESG\ESGCorpus\totalenergies\2024\sustainability-report\canonical-d6e27095ba8ea532fa60b4ce\document.pdf,C:\Users\hp\Desktop\ESG\ESGCorpusTaxonomy\totalenergies\2024\02_sustainability_statement_csrd_esrs\canonical-d6e27095ba8ea532fa60b4ce\document.pdf,C:\Users\hp\Desktop\ESG\ESGCorpusTaxonomy\totalenergies\2024\02_sustainability_statement_csrd_esrs\canonical-d6e27095ba8ea532fa60b4ce\manifest.json,C:\Users\hp\Desktop\ESG\ESGCorpusTaxonomy\totalenergies\2024\02_sustainability_statement_csrd_esrs\canonical-d6e27095ba8ea532fa60b4ce\references.json,,
canonical_d6e27095ba8ea532fa60b4ce,c65ec5c295536fd09cb15ccf7c6172f35215556f5d9b9f74f802a602d22b238d,TotalEnergies,totalenergies,2024,corporate_policy,,,,corporate_policy_needs_review,perpetual,policy,,needs_review,"[""corporate_policy_needs_review""]",C:\Users\hp\Desktop\ESG\ESGCorpus\totalenergies\2024\corporate-policy\canonical-d6e27095ba8ea532fa60b4ce\document.pdf,,,,,
canonical_0969beb5209c1b2de367c80f,c943cd3777a0c657f3ccb7a9a3cc6e0baf3def551cdc43e641eb42db209e61c2,LVMH,lvmh,2024,corporate_policy,,,,corporate_policy_needs_review,perpetual,policy,,needs_review,"[""corporate_policy_needs_review""]",C:\Users\hp\Desktop\ESG\ESGCorpus\lvmh\2024\corporate-policy\canonical-0969beb5209c1b2de367c80f\document.pdf,,,,,
canonical_7edf3073bafd23d66eac2682,c9eaa784b07391fe7b01bd8b40a4aa6cffaa9576db0394421fac2777aebaad6a,TotalEnergies,totalenergies,2024,investor_presentation,13_investor_presentations,Investor presentations,market_communication,investor_presentation,ad_hoc,voluntary,,already_exists,[],C:\Users\hp\Desktop\ESG\ESGCorpus\totalenergies\2024\investor-presentation\canonical-7edf3073bafd23d66eac2682\document.pdf,C:\Users\hp\Desktop\ESG\ESGCorpusTaxonomy\totalenergies\2024\13_investor_presentations\canonical-7edf3073bafd23d66eac2682\document.pdf,C:\Users\hp\Desktop\ESG\ESGCorpusTaxonomy\totalenergies\2024\13_investor_presentations\canonical-7edf3073bafd23d66eac2682\manifest.json,C:\Users\hp\Desktop\ESG\ESGCorpusTaxonomy\totalenergies\2024\13_investor_presentations\canonical-7edf3073bafd23d66eac2682\references.json,,
canonical_3c6b05612884dba267bf6805,cb4f46a0de5e59d280ed6ce687ecc690a6dd8a1cda47d95767f080d72887ca42,LVMH,lvmh,2024,sustainability_report,02_sustainability_statement_csrd_esrs,Sustainability statement / CSRD / ESRS,core_sustainability,sustainability_report,annual,regulated_or_emerging_regulated,,already_exists,[],C:\Users\hp\Desktop\ESG\ESGCorpus\lvmh\2024\sustainability-report\canonical-3c6b05612884dba267bf6805\document.pdf,C:\Users\hp\Desktop\ESG\ESGCorpusTaxonomy\lvmh\2024\02_sustainability_statement_csrd_esrs\canonical-3c6b05612884dba267bf6805\document.pdf,C:\Users\hp\Desktop\ESG\ESGCorpusTaxonomy\lvmh\2024\02_sustainability_statement_csrd_esrs\canonical-3c6b05612884dba267bf6805\manifest.json,C:\Users\hp\Desktop\ESG\ESGCorpusTaxonomy\lvmh\2024\02_sustainability_statement_csrd_esrs\canonical-3c6b05612884dba267bf6805\references.json,,
canonical_3c6b05612884dba267bf6805,cb4f46a0de5e59d280ed6ce687ecc690a6dd8a1cda47d95767f080d72887ca42,LVMH,lvmh,2024,climate_report,03_climate_report_tcfd_transition_plan,Climate report / TCFD / transition plan,climate,climate_report,annual_or_ad_hoc,voluntary_or_regulated,,already_exists,[],C:\Users\hp\Desktop\ESG\ESGCorpus\lvmh\2024\climate-report\canonical-3c6b05612884dba267bf6805\document.pdf,C:\Users\hp\Desktop\ESG\ESGCorpusTaxonomy\lvmh\2024\03_climate_report_tcfd_transition_plan\canonical-3c6b05612884dba267bf6805\document.pdf,C:\Users\hp\Desktop\ESG\ESGCorpusTaxonomy\lvmh\2024\03_climate_report_tcfd_transition_plan\canonical-3c6b05612884dba267bf6805\manifest.json,C:\Users\hp\Desktop\ESG\ESGCorpusTaxonomy\lvmh\2024\03_climate_report_tcfd_transition_plan\canonical-3c6b05612884dba267bf6805\references.json,,
canonical_949aa502da5b9ccf1bb0df70,cc0cd029bc515475dbbdd4efffb54c7f0cc5ccb96649d71034081e5eba02395a,LVMH,lvmh,2024,corporate_policy,,,,corporate_policy_needs_review,perpetual,policy,,needs_review,"[""corporate_policy_needs_review""]",C:\Users\hp\Desktop\ESG\ESGCorpus\lvmh\2024\corporate-policy\canonical-949aa502da5b9ccf1bb0df70\document.pdf,,,,,
canonical_8ab2f9ffe8177533dbe9b435,cc267e215c04a15c0b9bd32ab218842e6e54790727886c020824fc9b6151880a,LVMH,lvmh,2024,cdp_response,17_cdp_response,CDP response,external_questionnaire,cdp_response,annual,voluntary,,already_exists,[],C:\Users\hp\Desktop\ESG\ESGCorpus\lvmh\2024\cdp-response\canonical-8ab2f9ffe8177533dbe9b435\document.pdf,C:\Users\hp\Desktop\ESG\ESGCorpusTaxonomy\lvmh\2024\17_cdp_response\canonical-8ab2f9ffe8177533dbe9b435\document.pdf,C:\Users\hp\Desktop\ESG\ESGCorpusTaxonomy\lvmh\2024\17_cdp_response\canonical-8ab2f9ffe8177533dbe9b435\manifest.json,C:\Users\hp\Desktop\ESG\ESGCorpusTaxonomy\lvmh\2024\17_cdp_response\canonical-8ab2f9ffe8177533dbe9b435\references.json,,
canonical_fb8559b8a5c33278de21d853,ce7c5229952f0955a61d029885fe2f7164382bc20a9be4398ae7aa2ef2f14b98,LVMH,lvmh,2024,agm_document,16_agm_minutes_resolutions,AGM minutes / resolutions,governance,agm_document,annual_or_ad_hoc,regulated_or_official,,already_exists,[],C:\Users\hp\Desktop\ESG\ESGCorpus\lvmh\2024\agm-document\canonical-fb8559b8a5c33278de21d853\document.pdf,C:\Users\hp\Desktop\ESG\ESGCorpusTaxonomy\lvmh\2024\16_agm_minutes_resolutions\canonical-fb8559b8a5c33278de21d853\document.pdf,C:\Users\hp\Desktop\ESG\ESGCorpusTaxonomy\lvmh\2024\16_agm_minutes_resolutions\canonical-fb8559b8a5c33278de21d853\manifest.json,C:\Users\hp\Desktop\ESG\ESGCorpusTaxonomy\lvmh\2024\16_agm_minutes_resolutions\canonical-fb8559b8a5c33278de21d853\references.json,,
canonical_9f18c727c9a7b65a23c526ed,ce91d3720450444782b07d4b490341b341e03119fa2229a064ca470181a94a55,LVMH,lvmh,2024,sbti_commitment,18_sbti_validation,SBTi validation,external_validation,sbti_commitment,ad_hoc,voluntary,,already_exists,[],C:\Users\hp\Desktop\ESG\ESGCorpus\lvmh\2024\sbti-commitment\canonical-9f18c727c9a7b65a23c526ed\document.pdf,C:\Users\hp\Desktop\ESG\ESGCorpusTaxonomy\lvmh\2024\18_sbti_validation\canonical-9f18c727c9a7b65a23c526ed\document.pdf,C:\Users\hp\Desktop\ESG\ESGCorpusTaxonomy\lvmh\2024\18_sbti_validation\canonical-9f18c727c9a7b65a23c526ed\manifest.json,C:\Users\hp\Desktop\ESG\ESGCorpusTaxonomy\lvmh\2024\18_sbti_validation\canonical-9f18c727c9a7b65a23c526ed\references.json,,
canonical_d51d1b61922c35a8411adfe2,cf1d997ce2a550681aeca48f3b6dab73d8b27c01d6c274ef816c2fc9337ffe87,LVMH,lvmh,2024,sbti_commitment,18_sbti_validation,SBTi validation,external_validation,sbti_commitment,ad_hoc,voluntary,,already_exists,[],C:\Users\hp\Desktop\ESG\ESGCorpus\lvmh\2024\sbti-commitment\canonical-d51d1b61922c35a8411adfe2\document.pdf,C:\Users\hp\Desktop\ESG\ESGCorpusTaxonomy\lvmh\2024\18_sbti_validation\canonical-d51d1b61922c35a8411adfe2\document.pdf,C:\Users\hp\Desktop\ESG\ESGCorpusTaxonomy\lvmh\2024\18_sbti_validation\canonical-d51d1b61922c35a8411adfe2\manifest.json,C:\Users\hp\Desktop\ESG\ESGCorpusTaxonomy\lvmh\2024\18_sbti_validation\canonical-d51d1b61922c35a8411adfe2\references.json,,
canonical_91572e4b6ad4cbe9ceb34d8f,d16d98b86024d6d545217f60b163eecfd597f434cd0531106f4324a6f9838719,LVMH,lvmh,2024,agm_document,16_agm_minutes_resolutions,AGM minutes / resolutions,governance,agm_document,annual_or_ad_hoc,regulated_or_official,,already_exists,[],C:\Users\hp\Desktop\ESG\ESGCorpus\lvmh\2024\agm-document\canonical-91572e4b6ad4cbe9ceb34d8f\document.pdf,C:\Users\hp\Desktop\ESG\ESGCorpusTaxonomy\lvmh\2024\16_agm_minutes_resolutions\canonical-91572e4b6ad4cbe9ceb34d8f\document.pdf,C:\Users\hp\Desktop\ESG\ESGCorpusTaxonomy\lvmh\2024\16_agm_minutes_resolutions\canonical-91572e4b6ad4cbe9ceb34d8f\manifest.json,C:\Users\hp\Desktop\ESG\ESGCorpusTaxonomy\lvmh\2024\16_agm_minutes_resolutions\canonical-91572e4b6ad4cbe9ceb34d8f\references.json,,
canonical_38d0cc68d7d303a45ebd230d,d34f43ad366577ccc5574c99bfa7776f381b197f825272b9134b1999675fd084,Schneider Electric,schneider-electric,2024,sustainability_report,02_sustainability_statement_csrd_esrs,Sustainability statement / CSRD / ESRS,core_sustainability,sustainability_report,annual,regulated_or_emerging_regulated,,already_exists,[],C:\Users\hp\Desktop\ESG\ESGCorpus\schneider-electric\2024\sustainability-report\canonical-38d0cc68d7d303a45ebd230d\document.pdf,C:\Users\hp\Desktop\ESG\ESGCorpusTaxonomy\schneider-electric\2024\02_sustainability_statement_csrd_esrs\canonical-38d0cc68d7d303a45ebd230d\document.pdf,C:\Users\hp\Desktop\ESG\ESGCorpusTaxonomy\schneider-electric\2024\02_sustainability_statement_csrd_esrs\canonical-38d0cc68d7d303a45ebd230d\manifest.json,C:\Users\hp\Desktop\ESG\ESGCorpusTaxonomy\schneider-electric\2024\02_sustainability_statement_csrd_esrs\canonical-38d0cc68d7d303a45ebd230d\references.json,,
canonical_d1c2a690bc31307c9d3dd499,d48f4b0ce10fb8c2c13c75fb58ccc916ac2e3bb2da392e961d1b077b3412e04a,LVMH,lvmh,2024,corporate_policy,,,,corporate_policy_needs_review,perpetual,policy,,needs_review,"[""corporate_policy_needs_review""]",C:\Users\hp\Desktop\ESG\ESGCorpus\lvmh\2024\corporate-policy\canonical-d1c2a690bc31307c9d3dd499\document.pdf,,,,,
canonical_2bc884d7131eae703016e07f,d4a8c259208b51d47e33b1f0e71d5ff3dd358f9243867df960a25bf4fc7dc404,LVMH,lvmh,2024,sbti_commitment,18_sbti_validation,SBTi validation,external_validation,sbti_commitment,ad_hoc,voluntary,,already_exists,[],C:\Users\hp\Desktop\ESG\ESGCorpus\lvmh\2024\sbti-commitment\canonical-2bc884d7131eae703016e07f\document.pdf,C:\Users\hp\Desktop\ESG\ESGCorpusTaxonomy\lvmh\2024\18_sbti_validation\canonical-2bc884d7131eae703016e07f\document.pdf,C:\Users\hp\Desktop\ESG\ESGCorpusTaxonomy\lvmh\2024\18_sbti_validation\canonical-2bc884d7131eae703016e07f\manifest.json,C:\Users\hp\Desktop\ESG\ESGCorpusTaxonomy\lvmh\2024\18_sbti_validation\canonical-2bc884d7131eae703016e07f\references.json,,
canonical_53ddac1daa0b2cfb3784d867,d539858a2b97e2e86a6d62ceaee7328d84460b72b935c7bfcc1694b1e54e6a10,LVMH,lvmh,2024,sbti_commitment,18_sbti_validation,SBTi validation,external_validation,sbti_commitment,ad_hoc,voluntary,,already_exists,[],C:\Users\hp\Desktop\ESG\ESGCorpus\lvmh\2024\sbti-commitment\canonical-53ddac1daa0b2cfb3784d867\document.pdf,C:\Users\hp\Desktop\ESG\ESGCorpusTaxonomy\lvmh\2024\18_sbti_validation\canonical-53ddac1daa0b2cfb3784d867\document.pdf,C:\Users\hp\Desktop\ESG\ESGCorpusTaxonomy\lvmh\2024\18_sbti_validation\canonical-53ddac1daa0b2cfb3784d867\manifest.json,C:\Users\hp\Desktop\ESG\ESGCorpusTaxonomy\lvmh\2024\18_sbti_validation\canonical-53ddac1daa0b2cfb3784d867\references.json,,
canonical_229b5980230b578437cd4868,d5f8f76237c76cbfbf5bf6c0f2a694e14617c2ffe9917212c66694a4f52874a2,LVMH,lvmh,2024,corporate_policy,,,,corporate_policy_needs_review,perpetual,policy,,needs_review,"[""corporate_policy_needs_review""]",C:\Users\hp\Desktop\ESG\ESGCorpus\lvmh\2024\corporate-policy\canonical-229b5980230b578437cd4868\document.pdf,,,,,
canonical_2a7d13e3c6129fdd5adc41b3,d7a00ea0de641481d93704cc0863f9a184c523ac7aab53459fd91696745050b6,LVMH,lvmh,2024,sbti_commitment,18_sbti_validation,SBTi validation,external_validation,sbti_commitment,ad_hoc,voluntary,,already_exists,[],C:\Users\hp\Desktop\ESG\ESGCorpus\lvmh\2024\sbti-commitment\canonical-2a7d13e3c6129fdd5adc41b3\document.pdf,C:\Users\hp\Desktop\ESG\ESGCorpusTaxonomy\lvmh\2024\18_sbti_validation\canonical-2a7d13e3c6129fdd5adc41b3\document.pdf,C:\Users\hp\Desktop\ESG\ESGCorpusTaxonomy\lvmh\2024\18_sbti_validation\canonical-2a7d13e3c6129fdd5adc41b3\manifest.json,C:\Users\hp\Desktop\ESG\ESGCorpusTaxonomy\lvmh\2024\18_sbti_validation\canonical-2a7d13e3c6129fdd5adc41b3\references.json,,
canonical_0573f5d557a2fe1f7f5fafc0,d8135fcc2fb6614634c916dd5b419677d0a9bcc16d3b1142d65338f50c84ea2d,TotalEnergies,totalenergies,2024,agm_document,16_agm_minutes_resolutions,AGM minutes / resolutions,governance,agm_document,annual_or_ad_hoc,regulated_or_official,,already_exists,[],C:\Users\hp\Desktop\ESG\ESGCorpus\totalenergies\2024\agm-document\canonical-0573f5d557a2fe1f7f5fafc0\document.pdf,C:\Users\hp\Desktop\ESG\ESGCorpusTaxonomy\totalenergies\2024\16_agm_minutes_resolutions\canonical-0573f5d557a2fe1f7f5fafc0\document.pdf,C:\Users\hp\Desktop\ESG\ESGCorpusTaxonomy\totalenergies\2024\16_agm_minutes_resolutions\canonical-0573f5d557a2fe1f7f5fafc0\manifest.json,C:\Users\hp\Desktop\ESG\ESGCorpusTaxonomy\totalenergies\2024\16_agm_minutes_resolutions\canonical-0573f5d557a2fe1f7f5fafc0\references.json,,
canonical_0573f5d557a2fe1f7f5fafc0,d8135fcc2fb6614634c916dd5b419677d0a9bcc16d3b1142d65338f50c84ea2d,TotalEnergies,totalenergies,2024,remuneration_report,,,,remuneration_report_needs_review,,,,needs_review,"[""may_be_section_of_urd"", ""official_doc_type_needs_review""]",C:\Users\hp\Desktop\ESG\ESGCorpus\totalenergies\2024\remuneration-report\canonical-0573f5d557a2fe1f7f5fafc0\document.pdf,,,,,
canonical_be9dd4a2c5a768b9279dee97,da6c5af0973bab5292c131589bf5d74f0bc63b42b020c19524206144b371053a,TotalEnergies,totalenergies,2024,cdp_response,17_cdp_response,CDP response,external_questionnaire,cdp_response,annual,voluntary,,already_exists,[],C:\Users\hp\Desktop\ESG\ESGCorpus\totalenergies\2024\cdp-response\canonical-be9dd4a2c5a768b9279dee97\document.pdf,C:\Users\hp\Desktop\ESG\ESGCorpusTaxonomy\totalenergies\2024\17_cdp_response\canonical-be9dd4a2c5a768b9279dee97\document.pdf,C:\Users\hp\Desktop\ESG\ESGCorpusTaxonomy\totalenergies\2024\17_cdp_response\canonical-be9dd4a2c5a768b9279dee97\manifest.json,C:\Users\hp\Desktop\ESG\ESGCorpusTaxonomy\totalenergies\2024\17_cdp_response\canonical-be9dd4a2c5a768b9279dee97\references.json,,
canonical_1ed3ab5ccb2d181366e897ee,da80250e46c29137dfa77bde636a07b2500ffe9ccac611d6c88f71a4e8ea7daf,LVMH,lvmh,2024,corporate_policy,,,,corporate_policy_needs_review,perpetual,policy,,needs_review,"[""corporate_policy_needs_review""]",C:\Users\hp\Desktop\ESG\ESGCorpus\lvmh\2024\corporate-policy\canonical-1ed3ab5ccb2d181366e897ee\document.pdf,,,,,
canonical_1db0e1550ba565d943b58865,dab2c6e8162526430ce145e87d6604903ae036b1f1db57d2259e24c8d4a76306,LVMH,lvmh,2024,corporate_policy,,,,corporate_policy_needs_review,perpetual,policy,,needs_review,"[""corporate_policy_needs_review""]",C:\Users\hp\Desktop\ESG\ESGCorpus\lvmh\2024\corporate-policy\canonical-1db0e1550ba565d943b58865\document.pdf,,,,,
canonical_9c49add355c9b39b62d04d96,db86f699776ee068551a1ee263dafdc1943a869b983fa7e8120238504cdb8a02,Schneider Electric,schneider-electric,2024,vigilance_plan,04_vigilance_plan,Vigilance plan,due_diligence,vigilance_plan,annual,regulated,,already_exists,[],C:\Users\hp\Desktop\ESG\ESGCorpus\schneider-electric\2024\vigilance-plan\canonical-9c49add355c9b39b62d04d96\document.pdf,C:\Users\hp\Desktop\ESG\ESGCorpusTaxonomy\schneider-electric\2024\04_vigilance_plan\canonical-9c49add355c9b39b62d04d96\document.pdf,C:\Users\hp\Desktop\ESG\ESGCorpusTaxonomy\schneider-electric\2024\04_vigilance_plan\canonical-9c49add355c9b39b62d04d96\manifest.json,C:\Users\hp\Desktop\ESG\ESGCorpusTaxonomy\schneider-electric\2024\04_vigilance_plan\canonical-9c49add355c9b39b62d04d96\references.json,,
canonical_c6808b5a040b36e6150e6099,dba48e9f5e7e6fc9862dd95159960eb2a270d6975f2457f443ca422e7449e7d6,TotalEnergies,totalenergies,2024,sustainability_report,02_sustainability_statement_csrd_esrs,Sustainability statement / CSRD / ESRS,core_sustainability,sustainability_report,annual,regulated_or_emerging_regulated,,already_exists,[],C:\Users\hp\Desktop\ESG\ESGCorpus\totalenergies\2024\sustainability-report\canonical-c6808b5a040b36e6150e6099\document.pdf,C:\Users\hp\Desktop\ESG\ESGCorpusTaxonomy\totalenergies\2024\02_sustainability_statement_csrd_esrs\canonical-c6808b5a040b36e6150e6099\document.pdf,C:\Users\hp\Desktop\ESG\ESGCorpusTaxonomy\totalenergies\2024\02_sustainability_statement_csrd_esrs\canonical-c6808b5a040b36e6150e6099\manifest.json,C:\Users\hp\Desktop\ESG\ESGCorpusTaxonomy\totalenergies\2024\02_sustainability_statement_csrd_esrs\canonical-c6808b5a040b36e6150e6099\references.json,,
canonical_1ff0cb03d3348ce37c13f816,dd5e344bbc9e56ebbcadfb4198aec145f382f37a02257862e69f6e22297c4fff,LVMH,lvmh,2024,agm_document,16_agm_minutes_resolutions,AGM minutes / resolutions,governance,agm_document,annual_or_ad_hoc,regulated_or_official,,already_exists,[],C:\Users\hp\Desktop\ESG\ESGCorpus\lvmh\2024\agm-document\canonical-1ff0cb03d3348ce37c13f816\document.pdf,C:\Users\hp\Desktop\ESG\ESGCorpusTaxonomy\lvmh\2024\16_agm_minutes_resolutions\canonical-1ff0cb03d3348ce37c13f816\document.pdf,C:\Users\hp\Desktop\ESG\ESGCorpusTaxonomy\lvmh\2024\16_agm_minutes_resolutions\canonical-1ff0cb03d3348ce37c13f816\manifest.json,C:\Users\hp\Desktop\ESG\ESGCorpusTaxonomy\lvmh\2024\16_agm_minutes_resolutions\canonical-1ff0cb03d3348ce37c13f816\references.json,,
canonical_55318081a0fd61a1bf71b532,de359431b5696ddf22486aaf6e4bcdedfbe0d22585efac0aaa721640de5d0d19,LVMH,lvmh,2024,cdp_response,17_cdp_response,CDP response,external_questionnaire,cdp_response,annual,voluntary,,already_exists,[],C:\Users\hp\Desktop\ESG\ESGCorpus\lvmh\2024\cdp-response\canonical-55318081a0fd61a1bf71b532\document.pdf,C:\Users\hp\Desktop\ESG\ESGCorpusTaxonomy\lvmh\2024\17_cdp_response\canonical-55318081a0fd61a1bf71b532\document.pdf,C:\Users\hp\Desktop\ESG\ESGCorpusTaxonomy\lvmh\2024\17_cdp_response\canonical-55318081a0fd61a1bf71b532\manifest.json,C:\Users\hp\Desktop\ESG\ESGCorpusTaxonomy\lvmh\2024\17_cdp_response\canonical-55318081a0fd61a1bf71b532\references.json,,
canonical_4285a8440750db6bfb602205,e33e8b6b34a9ec1b8991abae34261532f8714119200b044d1d42ffe65372c94b,TotalEnergies,totalenergies,2024,sustainability_report,02_sustainability_statement_csrd_esrs,Sustainability statement / CSRD / ESRS,core_sustainability,sustainability_report,annual,regulated_or_emerging_regulated,,already_exists,[],C:\Users\hp\Desktop\ESG\ESGCorpus\totalenergies\2024\sustainability-report\canonical-4285a8440750db6bfb602205\document.pdf,C:\Users\hp\Desktop\ESG\ESGCorpusTaxonomy\totalenergies\2024\02_sustainability_statement_csrd_esrs\canonical-4285a8440750db6bfb602205\document.pdf,C:\Users\hp\Desktop\ESG\ESGCorpusTaxonomy\totalenergies\2024\02_sustainability_statement_csrd_esrs\canonical-4285a8440750db6bfb602205\manifest.json,C:\Users\hp\Desktop\ESG\ESGCorpusTaxonomy\totalenergies\2024\02_sustainability_statement_csrd_esrs\canonical-4285a8440750db6bfb602205\references.json,,
canonical_fa44ab9377ed882a0cd72866,e587fc8f00f85c7a16c98fc231918507e0e77beaeaa6979e35e9af09f2261533,LVMH,lvmh,2024,corporate_policy,12_supplier_code_of_conduct,Supplier code of conduct,policy,supplier_code,perpetual,policy,,already_exists,[],C:\Users\hp\Desktop\ESG\ESGCorpus\lvmh\2024\corporate-policy\canonical-fa44ab9377ed882a0cd72866\document.pdf,C:\Users\hp\Desktop\ESG\ESGCorpusTaxonomy\lvmh\2024\12_supplier_code_of_conduct\canonical-fa44ab9377ed882a0cd72866\document.pdf,C:\Users\hp\Desktop\ESG\ESGCorpusTaxonomy\lvmh\2024\12_supplier_code_of_conduct\canonical-fa44ab9377ed882a0cd72866\manifest.json,C:\Users\hp\Desktop\ESG\ESGCorpusTaxonomy\lvmh\2024\12_supplier_code_of_conduct\canonical-fa44ab9377ed882a0cd72866\references.json,,
canonical_2090c0ddfd28e34681f51662,e6be49e90b30d6ec6c4f8afaf64d35f14e27bda7c9378e79e035273eb8debc5e,TotalEnergies,totalenergies,2024,agm_document,16_agm_minutes_resolutions,AGM minutes / resolutions,governance,agm_document,annual_or_ad_hoc,regulated_or_official,,already_exists,[],C:\Users\hp\Desktop\ESG\ESGCorpus\totalenergies\2024\agm-document\canonical-2090c0ddfd28e34681f51662\document.pdf,C:\Users\hp\Desktop\ESG\ESGCorpusTaxonomy\totalenergies\2024\16_agm_minutes_resolutions\canonical-2090c0ddfd28e34681f51662\document.pdf,C:\Users\hp\Desktop\ESG\ESGCorpusTaxonomy\totalenergies\2024\16_agm_minutes_resolutions\canonical-2090c0ddfd28e34681f51662\manifest.json,C:\Users\hp\Desktop\ESG\ESGCorpusTaxonomy\totalenergies\2024\16_agm_minutes_resolutions\canonical-2090c0ddfd28e34681f51662\references.json,,
canonical_e05739eed38eaf0899eb9219,e7218f17c221feb42087694438a872c582bce88224105701bf12995e21ac5bac,LVMH,lvmh,2024,sbti_commitment,18_sbti_validation,SBTi validation,external_validation,sbti_commitment,ad_hoc,voluntary,,already_exists,[],C:\Users\hp\Desktop\ESG\ESGCorpus\lvmh\2024\sbti-commitment\canonical-e05739eed38eaf0899eb9219\document.pdf,C:\Users\hp\Desktop\ESG\ESGCorpusTaxonomy\lvmh\2024\18_sbti_validation\canonical-e05739eed38eaf0899eb9219\document.pdf,C:\Users\hp\Desktop\ESG\ESGCorpusTaxonomy\lvmh\2024\18_sbti_validation\canonical-e05739eed38eaf0899eb9219\manifest.json,C:\Users\hp\Desktop\ESG\ESGCorpusTaxonomy\lvmh\2024\18_sbti_validation\canonical-e05739eed38eaf0899eb9219\references.json,,
canonical_e362881f86d2e405b7225923,e743a8f39b0fe98ae537a538b44a39f772f9430534fd41bec5a70b50348685ab,LVMH,lvmh,2024,sbti_commitment,18_sbti_validation,SBTi validation,external_validation,sbti_commitment,ad_hoc,voluntary,,already_exists,[],C:\Users\hp\Desktop\ESG\ESGCorpus\lvmh\2024\sbti-commitment\canonical-e362881f86d2e405b7225923\document.pdf,C:\Users\hp\Desktop\ESG\ESGCorpusTaxonomy\lvmh\2024\18_sbti_validation\canonical-e362881f86d2e405b7225923\document.pdf,C:\Users\hp\Desktop\ESG\ESGCorpusTaxonomy\lvmh\2024\18_sbti_validation\canonical-e362881f86d2e405b7225923\manifest.json,C:\Users\hp\Desktop\ESG\ESGCorpusTaxonomy\lvmh\2024\18_sbti_validation\canonical-e362881f86d2e405b7225923\references.json,,
canonical_16e79e27e14d19c94c82cc6c,e821aee202d2c259db861cd67c4a3384a85c9c41fff5040378a95bf65c831763,Schneider Electric,schneider-electric,2024,sustainability_report,02_sustainability_statement_csrd_esrs,Sustainability statement / CSRD / ESRS,core_sustainability,sustainability_report,annual,regulated_or_emerging_regulated,,already_exists,[],C:\Users\hp\Desktop\ESG\ESGCorpus\schneider-electric\2024\sustainability-report\canonical-16e79e27e14d19c94c82cc6c\document.pdf,C:\Users\hp\Desktop\ESG\ESGCorpusTaxonomy\schneider-electric\2024\02_sustainability_statement_csrd_esrs\canonical-16e79e27e14d19c94c82cc6c\document.pdf,C:\Users\hp\Desktop\ESG\ESGCorpusTaxonomy\schneider-electric\2024\02_sustainability_statement_csrd_esrs\canonical-16e79e27e14d19c94c82cc6c\manifest.json,C:\Users\hp\Desktop\ESG\ESGCorpusTaxonomy\schneider-electric\2024\02_sustainability_statement_csrd_esrs\canonical-16e79e27e14d19c94c82cc6c\references.json,,
canonical_41b7d5b216c0b0d9640acbfa,e8b59765b98e5718fc69587889f2d99317eba4b0d1bc98c728771bbc2a82dab6,TotalEnergies,totalenergies,2024,sustainability_report,02_sustainability_statement_csrd_esrs,Sustainability statement / CSRD / ESRS,core_sustainability,sustainability_report,annual,regulated_or_emerging_regulated,,already_exists,[],C:\Users\hp\Desktop\ESG\ESGCorpus\totalenergies\2024\sustainability-report\canonical-41b7d5b216c0b0d9640acbfa\document.pdf,C:\Users\hp\Desktop\ESG\ESGCorpusTaxonomy\totalenergies\2024\02_sustainability_statement_csrd_esrs\canonical-41b7d5b216c0b0d9640acbfa\document.pdf,C:\Users\hp\Desktop\ESG\ESGCorpusTaxonomy\totalenergies\2024\02_sustainability_statement_csrd_esrs\canonical-41b7d5b216c0b0d9640acbfa\manifest.json,C:\Users\hp\Desktop\ESG\ESGCorpusTaxonomy\totalenergies\2024\02_sustainability_statement_csrd_esrs\canonical-41b7d5b216c0b0d9640acbfa\references.json,,
canonical_20da77a537a4d8d4858a20cd,e8b5c6aba7158e3a27111808d94eb53723df10b2ccf8b964e4236b94bdc5b4ae,TotalEnergies,totalenergies,2024,agm_document,16_agm_minutes_resolutions,AGM minutes / resolutions,governance,agm_document,annual_or_ad_hoc,regulated_or_official,,already_exists,[],C:\Users\hp\Desktop\ESG\ESGCorpus\totalenergies\2024\agm-document\canonical-20da77a537a4d8d4858a20cd\document.pdf,C:\Users\hp\Desktop\ESG\ESGCorpusTaxonomy\totalenergies\2024\16_agm_minutes_resolutions\canonical-20da77a537a4d8d4858a20cd\document.pdf,C:\Users\hp\Desktop\ESG\ESGCorpusTaxonomy\totalenergies\2024\16_agm_minutes_resolutions\canonical-20da77a537a4d8d4858a20cd\manifest.json,C:\Users\hp\Desktop\ESG\ESGCorpusTaxonomy\totalenergies\2024\16_agm_minutes_resolutions\canonical-20da77a537a4d8d4858a20cd\references.json,,
canonical_70c622d841fcf3b7c4d2bcfc,e95e0ab3cda165b8d0c504f649358c7d4a4ef24febee08b392d4da8395ca1698,LVMH,lvmh,2024,cdp_response,17_cdp_response,CDP response,external_questionnaire,cdp_response,annual,voluntary,,already_exists,[],C:\Users\hp\Desktop\ESG\ESGCorpus\lvmh\2024\cdp-response\canonical-70c622d841fcf3b7c4d2bcfc\document.pdf,C:\Users\hp\Desktop\ESG\ESGCorpusTaxonomy\lvmh\2024\17_cdp_response\canonical-70c622d841fcf3b7c4d2bcfc\document.pdf,C:\Users\hp\Desktop\ESG\ESGCorpusTaxonomy\lvmh\2024\17_cdp_response\canonical-70c622d841fcf3b7c4d2bcfc\manifest.json,C:\Users\hp\Desktop\ESG\ESGCorpusTaxonomy\lvmh\2024\17_cdp_response\canonical-70c622d841fcf3b7c4d2bcfc\references.json,,
canonical_7d185f3fd9d929db2e09cb0d,e962c84ade0da841402efae2d3bae52cc7a66260b00fae933ff22e5ff7806d9b,LVMH,lvmh,2024,cdp_response,17_cdp_response,CDP response,external_questionnaire,cdp_response,annual,voluntary,,already_exists,[],C:\Users\hp\Desktop\ESG\ESGCorpus\lvmh\2024\cdp-response\canonical-7d185f3fd9d929db2e09cb0d\document.pdf,C:\Users\hp\Desktop\ESG\ESGCorpusTaxonomy\lvmh\2024\17_cdp_response\canonical-7d185f3fd9d929db2e09cb0d\document.pdf,C:\Users\hp\Desktop\ESG\ESGCorpusTaxonomy\lvmh\2024\17_cdp_response\canonical-7d185f3fd9d929db2e09cb0d\manifest.json,C:\Users\hp\Desktop\ESG\ESGCorpusTaxonomy\lvmh\2024\17_cdp_response\canonical-7d185f3fd9d929db2e09cb0d\references.json,,
canonical_7e37e45d2d88e12576aaa35d,ea2b3184c64af68762645227c865dfee6bcef487b723b450e847d48f6afd91af,LVMH,lvmh,2024,cdp_response,17_cdp_response,CDP response,external_questionnaire,cdp_response,annual,voluntary,,already_exists,[],C:\Users\hp\Desktop\ESG\ESGCorpus\lvmh\2024\cdp-response\canonical-7e37e45d2d88e12576aaa35d\document.pdf,C:\Users\hp\Desktop\ESG\ESGCorpusTaxonomy\lvmh\2024\17_cdp_response\canonical-7e37e45d2d88e12576aaa35d\document.pdf,C:\Users\hp\Desktop\ESG\ESGCorpusTaxonomy\lvmh\2024\17_cdp_response\canonical-7e37e45d2d88e12576aaa35d\manifest.json,C:\Users\hp\Desktop\ESG\ESGCorpusTaxonomy\lvmh\2024\17_cdp_response\canonical-7e37e45d2d88e12576aaa35d\references.json,,
canonical_d8d05358db3067a02fdfc36a,ebfaf0f9bf64f274739b49c7e0ba3279e2a988ea507d45c68347b4956194fa01,TotalEnergies,totalenergies,2024,climate_report,03_climate_report_tcfd_transition_plan,Climate report / TCFD / transition plan,climate,climate_report,annual_or_ad_hoc,voluntary_or_regulated,,already_exists,[],C:\Users\hp\Desktop\ESG\ESGCorpus\totalenergies\2024\climate-report\canonical-d8d05358db3067a02fdfc36a\document.pdf,C:\Users\hp\Desktop\ESG\ESGCorpusTaxonomy\totalenergies\2024\03_climate_report_tcfd_transition_plan\canonical-d8d05358db3067a02fdfc36a\document.pdf,C:\Users\hp\Desktop\ESG\ESGCorpusTaxonomy\totalenergies\2024\03_climate_report_tcfd_transition_plan\canonical-d8d05358db3067a02fdfc36a\manifest.json,C:\Users\hp\Desktop\ESG\ESGCorpusTaxonomy\totalenergies\2024\03_climate_report_tcfd_transition_plan\canonical-d8d05358db3067a02fdfc36a\references.json,,
canonical_0b7e2b2ac3cd0a041d6bf9f5,ee37cb805d367bbb863e68b96edc9285f5a44b55e4aed457b8b4ede37a869dbe,LVMH,lvmh,2024,agm_document,16_agm_minutes_resolutions,AGM minutes / resolutions,governance,agm_document,annual_or_ad_hoc,regulated_or_official,,already_exists,[],C:\Users\hp\Desktop\ESG\ESGCorpus\lvmh\2024\agm-document\canonical-0b7e2b2ac3cd0a041d6bf9f5\document.pdf,C:\Users\hp\Desktop\ESG\ESGCorpusTaxonomy\lvmh\2024\16_agm_minutes_resolutions\canonical-0b7e2b2ac3cd0a041d6bf9f5\document.pdf,C:\Users\hp\Desktop\ESG\ESGCorpusTaxonomy\lvmh\2024\16_agm_minutes_resolutions\canonical-0b7e2b2ac3cd0a041d6bf9f5\manifest.json,C:\Users\hp\Desktop\ESG\ESGCorpusTaxonomy\lvmh\2024\16_agm_minutes_resolutions\canonical-0b7e2b2ac3cd0a041d6bf9f5\references.json,,
canonical_5db353431911ad34182b1aff,efd21914f860b85541543b05b9e79318f1a18f0b776dd578fa9e6cc70d9a24f2,LVMH,lvmh,2024,sbti_commitment,18_sbti_validation,SBTi validation,external_validation,sbti_commitment,ad_hoc,voluntary,,already_exists,[],C:\Users\hp\Desktop\ESG\ESGCorpus\lvmh\2024\sbti-commitment\canonical-5db353431911ad34182b1aff\document.pdf,C:\Users\hp\Desktop\ESG\ESGCorpusTaxonomy\lvmh\2024\18_sbti_validation\canonical-5db353431911ad34182b1aff\document.pdf,C:\Users\hp\Desktop\ESG\ESGCorpusTaxonomy\lvmh\2024\18_sbti_validation\canonical-5db353431911ad34182b1aff\manifest.json,C:\Users\hp\Desktop\ESG\ESGCorpusTaxonomy\lvmh\2024\18_sbti_validation\canonical-5db353431911ad34182b1aff\references.json,,
canonical_243bc258b4f723699f16efe1,f0cc7827ade4f371b01b13012afd322d70ce442f4c392781a79a8756c7c46bea,LVMH,lvmh,2024,sbti_commitment,18_sbti_validation,SBTi validation,external_validation,sbti_commitment,ad_hoc,voluntary,,already_exists,[],C:\Users\hp\Desktop\ESG\ESGCorpus\lvmh\2024\sbti-commitment\canonical-243bc258b4f723699f16efe1\document.pdf,C:\Users\hp\Desktop\ESG\ESGCorpusTaxonomy\lvmh\2024\18_sbti_validation\canonical-243bc258b4f723699f16efe1\document.pdf,C:\Users\hp\Desktop\ESG\ESGCorpusTaxonomy\lvmh\2024\18_sbti_validation\canonical-243bc258b4f723699f16efe1\manifest.json,C:\Users\hp\Desktop\ESG\ESGCorpusTaxonomy\lvmh\2024\18_sbti_validation\canonical-243bc258b4f723699f16efe1\references.json,,
canonical_3df87fe1b73934d06669d7e1,f0df09debf8a94c994b1986a14fea43a6850c013abdbdca925a5bcbd032fdcda,LVMH,lvmh,2024,agm_document,16_agm_minutes_resolutions,AGM minutes / resolutions,governance,agm_document,annual_or_ad_hoc,regulated_or_official,,already_exists,[],C:\Users\hp\Desktop\ESG\ESGCorpus\lvmh\2024\agm-document\canonical-3df87fe1b73934d06669d7e1\document.pdf,C:\Users\hp\Desktop\ESG\ESGCorpusTaxonomy\lvmh\2024\16_agm_minutes_resolutions\canonical-3df87fe1b73934d06669d7e1\document.pdf,C:\Users\hp\Desktop\ESG\ESGCorpusTaxonomy\lvmh\2024\16_agm_minutes_resolutions\canonical-3df87fe1b73934d06669d7e1\manifest.json,C:\Users\hp\Desktop\ESG\ESGCorpusTaxonomy\lvmh\2024\16_agm_minutes_resolutions\canonical-3df87fe1b73934d06669d7e1\references.json,,
canonical_f12b0c63b76fc137f15f857c,f1122487b81978221c7f865fc1524b1fe1ae654072113ecbd93bcd82b7cad69b,LVMH,lvmh,2024,agm_document,16_agm_minutes_resolutions,AGM minutes / resolutions,governance,agm_document,annual_or_ad_hoc,regulated_or_official,,already_exists,[],C:\Users\hp\Desktop\ESG\ESGCorpus\lvmh\2024\agm-document\canonical-f12b0c63b76fc137f15f857c\document.pdf,C:\Users\hp\Desktop\ESG\ESGCorpusTaxonomy\lvmh\2024\16_agm_minutes_resolutions\canonical-f12b0c63b76fc137f15f857c\document.pdf,C:\Users\hp\Desktop\ESG\ESGCorpusTaxonomy\lvmh\2024\16_agm_minutes_resolutions\canonical-f12b0c63b76fc137f15f857c\manifest.json,C:\Users\hp\Desktop\ESG\ESGCorpusTaxonomy\lvmh\2024\16_agm_minutes_resolutions\canonical-f12b0c63b76fc137f15f857c\references.json,,
canonical_c474caefac471ff03ba06d4e,f48e5bde5bcb4ea6fbb7433569758ec0c32220e203172bab4ef59830653d562f,LVMH,lvmh,2024,earnings_call,14_earnings_call_transcripts,Earnings call transcripts,market_communication,earnings_call,periodic,voluntary,,already_exists,[],C:\Users\hp\Desktop\ESG\ESGCorpus\lvmh\2024\earnings-call\canonical-c474caefac471ff03ba06d4e\document.pdf,C:\Users\hp\Desktop\ESG\ESGCorpusTaxonomy\lvmh\2024\14_earnings_call_transcripts\canonical-c474caefac471ff03ba06d4e\document.pdf,C:\Users\hp\Desktop\ESG\ESGCorpusTaxonomy\lvmh\2024\14_earnings_call_transcripts\canonical-c474caefac471ff03ba06d4e\manifest.json,C:\Users\hp\Desktop\ESG\ESGCorpusTaxonomy\lvmh\2024\14_earnings_call_transcripts\canonical-c474caefac471ff03ba06d4e\references.json,,
canonical_d1b000a51778316aa96a4b11,f75e77db6fe9af4b06a4faf0c31807bc95bf84f55afc964c642c2cea2ee54029,LVMH,lvmh,2024,corporate_policy,11_environmental_policy,Environmental policy,policy,environmental_policy,perpetual,policy,,already_exists,[],C:\Users\hp\Desktop\ESG\ESGCorpus\lvmh\2024\corporate-policy\canonical-d1b000a51778316aa96a4b11\document.pdf,C:\Users\hp\Desktop\ESG\ESGCorpusTaxonomy\lvmh\2024\11_environmental_policy\canonical-d1b000a51778316aa96a4b11\document.pdf,C:\Users\hp\Desktop\ESG\ESGCorpusTaxonomy\lvmh\2024\11_environmental_policy\canonical-d1b000a51778316aa96a4b11\manifest.json,C:\Users\hp\Desktop\ESG\ESGCorpusTaxonomy\lvmh\2024\11_environmental_policy\canonical-d1b000a51778316aa96a4b11\references.json,,
canonical_a092d83018c5d53b074e87e0,f9fc9f8d8cc014eb059ca6adebf141b2db9f4365acb839d9f149ce6330e5bdf4,LVMH,lvmh,2024,corporate_policy,11_environmental_policy,Environmental policy,policy,environmental_policy,perpetual,policy,,already_exists,[],C:\Users\hp\Desktop\ESG\ESGCorpus\lvmh\2024\corporate-policy\canonical-a092d83018c5d53b074e87e0\document.pdf,C:\Users\hp\Desktop\ESG\ESGCorpusTaxonomy\lvmh\2024\11_environmental_policy\canonical-a092d83018c5d53b074e87e0\document.pdf,C:\Users\hp\Desktop\ESG\ESGCorpusTaxonomy\lvmh\2024\11_environmental_policy\canonical-a092d83018c5d53b074e87e0\manifest.json,C:\Users\hp\Desktop\ESG\ESGCorpusTaxonomy\lvmh\2024\11_environmental_policy\canonical-a092d83018c5d53b074e87e0\references.json,,
canonical_b6af7ac6b9e985ac4f46e825,fb384aeac5d75e35dd79f55f6bb09299a53bddb7536fa2d3ffee72e5df4a0a35,TotalEnergies,totalenergies,2024,governance_report,,,,governance_report_needs_review,,,,needs_review,"[""may_be_section_of_urd"", ""official_doc_type_needs_review""]",C:\Users\hp\Desktop\ESG\ESGCorpus\totalenergies\2024\governance-report\canonical-b6af7ac6b9e985ac4f46e825\document.pdf,,,,,
