document_id,retriever_name,document_family,company_name,company_slug,fiscal_year,source_url,source_title,source_snippet,source_name,score,decision,positive_signals,negative_signals,local_path,manifest_path,sha256,file_size_mb,document_type,storage_role,candidate_rank,stored_at,source_manifest_path
c52a4b3ae879b4db5f606b49,AGMRetriever,agm_document,LVMH,lvmh,2024,https://lvmh-com.cdn.prismic.io/lvmh-com/ZnKdWZm069VX13wp_communique-de-mise-a-disposition-ou-de-consultation-des-documents-preparatoires-a-lassemblee-generale.pdf,Communiqué de mise à disposition ou de consultation des documents préparatoires à l’Assemblée générale,PDF extrait depuis une page HTML. Page source : https://www.lvmh.com/fr/le-calendrier-des-evenements-financiers/assemblee-generale-2024. Titre page : Assemblée Générale 2024 - LVMH. Texte du lien : Communiqué de mise à disposition ou de consultation des documents préparatoires à l’Assemblée générale.,html_pdf_resolver,98.0,auto_download,"[""mots-clés secondaires AGM : ['assemblée générale']"", ""mots-clés faibles : ['assemblée']"", ""année trouvée : 2024"", ""nom de l'entreprise détecté"", ""URL PDF directe"", ""nom de fichier AGM : ['assemblée-générale']"", ""CDN / asset domain"", ""classe documentaire : agm_document""]",[],C:\Users\hp\Desktop\ESG\AGMRetriever\data\dossier_ingestion_0\agm_documents\lvmh\2024\candidates\candidate_001_score_98_0.pdf,C:\Users\hp\Desktop\ESG\AGMRetriever\data\dossier_ingestion_0\agm_documents\lvmh\2024\candidates\candidate_001_manifest.json,4469eee6f9e049e6e09c71ed2e3fae7f7dae8c22df370ebd5121712ddf5acbf7,0.2194,agm_document_candidate,high_score_candidate,1,2026-05-09T20:48:40+00:00,C:\Users\hp\Desktop\ESG\AGMRetriever\data\dossier_ingestion_0\agm_documents\lvmh\2024\candidates\candidate_001_manifest.json
ea4f8da521e1c09f7f4c803f,AGMRetriever,agm_document,LVMH,lvmh,2024,https://lvmh-com.cdn.prismic.io/lvmh-com/ZnKgHJm069VX13yZ_lvmh-modalites-de-participation-a-lassemblee-generale-18-avril-2024.pdf,Modalités de participation à l’Assemblée générale,PDF extrait depuis une page HTML. Page source : https://www.lvmh.com/fr/le-calendrier-des-evenements-financiers/assemblee-generale-2024. Titre page : Assemblée Générale 2024 - LVMH. Texte du lien : Modalités de participation à l’Assemblée générale.,html_pdf_resolver,98.0,auto_download,"[""mots-clés secondaires AGM : ['assemblée générale']"", ""mots-clés faibles : ['assemblée']"", ""année trouvée : 2024"", ""nom de l'entreprise détecté"", ""URL PDF directe"", ""nom de fichier AGM : ['assemblée-générale']"", ""CDN / asset domain"", ""classe documentaire : agm_document""]",[],C:\Users\hp\Desktop\ESG\AGMRetriever\data\dossier_ingestion_0\agm_documents\lvmh\2024\candidates\candidate_002_score_98_0.pdf,C:\Users\hp\Desktop\ESG\AGMRetriever\data\dossier_ingestion_0\agm_documents\lvmh\2024\candidates\candidate_002_manifest.json,75d86fd7e15768db053bd7f048939e322abcc2a5ef573a188196eaa9794bdebe,2.7844,agm_document_candidate,high_score_candidate,2,2026-05-09T20:48:41+00:00,C:\Users\hp\Desktop\ESG\AGMRetriever\data\dossier_ingestion_0\agm_documents\lvmh\2024\candidates\candidate_002_manifest.json
ad2ed8549e8311551a40c5b8,AGMRetriever,agm_document,LVMH,lvmh,2024,https://lvmh-com.cdn.prismic.io/lvmh-com/ZnKbRpm069VX13vf_politique-de-remuneration-des-administrateurs-et-dirigeants-mandataires-sociaux.pdf,Politique de rémunération des Administrateurs et Dirigeants Mandataires Sociaux,PDF extrait depuis une page HTML. Page source : https://www.lvmh.com/fr/le-calendrier-des-evenements-financiers/assemblee-generale-2024. Titre page : Assemblée Générale 2024 - LVMH. Texte du lien : Politique de rémunération des Administrateurs et Dirigeants Mandataires Sociaux.,html_pdf_resolver,83.0,auto_download,"[""mots-clés secondaires AGM : ['assemblée générale']"", ""mots-clés faibles : ['assemblée']"", ""année trouvée : 2024"", ""nom de l'entreprise détecté"", ""URL PDF directe"", ""CDN / asset domain"", ""classe documentaire : agm_document""]",[],C:\Users\hp\Desktop\ESG\AGMRetriever\data\dossier_ingestion_0\agm_documents\lvmh\2024\candidates\candidate_003_score_83_0.pdf,C:\Users\hp\Desktop\ESG\AGMRetriever\data\dossier_ingestion_0\agm_documents\lvmh\2024\candidates\candidate_003_manifest.json,2283b30b264346c33569ba5a425967a4700e7798e9b265ee2964c22c7e2eee6c,0.0383,agm_document_candidate,high_score_candidate,3,2026-05-09T20:48:41+00:00,C:\Users\hp\Desktop\ESG\AGMRetriever\data\dossier_ingestion_0\agm_documents\lvmh\2024\candidates\candidate_003_manifest.json
d8235c35786edc9095be0bdc,AGMRetriever,agm_document,LVMH,lvmh,2024,https://lvmh-com.cdn.prismic.io/lvmh-com/ZnKbY5m069VX13vk_lvmh_resultats-consolides-des-votes_fr_ag2024.pdf,Résultats des votes,PDF extrait depuis une page HTML. Page source : https://www.lvmh.com/fr/le-calendrier-des-evenements-financiers/assemblee-generale-2024. Titre page : Assemblée Générale 2024 - LVMH. Texte du lien : Résultats des votes.,html_pdf_resolver,83.0,auto_download,"[""mots-clés secondaires AGM : ['assemblée générale']"", ""mots-clés faibles : ['assemblée', 'vote']"", ""année trouvée : 2024"", ""nom de l'entreprise détecté"", ""URL PDF directe"", ""CDN / asset domain"", ""classe documentaire : agm_document""]",[],C:\Users\hp\Desktop\ESG\AGMRetriever\data\dossier_ingestion_0\agm_documents\lvmh\2024\candidates\candidate_004_score_83_0.pdf,C:\Users\hp\Desktop\ESG\AGMRetriever\data\dossier_ingestion_0\agm_documents\lvmh\2024\candidates\candidate_004_manifest.json,dd5e344bbc9e56ebbcadfb4198aec145f382f37a02257862e69f6e22297c4fff,0.126,agm_document_candidate,high_score_candidate,4,2026-05-09T20:48:41+00:00,C:\Users\hp\Desktop\ESG\AGMRetriever\data\dossier_ingestion_0\agm_documents\lvmh\2024\candidates\candidate_004_manifest.json
b47a332d2438190ae5affb51,AGMRetriever,agm_document,LVMH,lvmh,2024,https://lvmh-com.cdn.prismic.io/lvmh-com/ZnKcc5m069VX13wM_lvmh-ag-2024-vf.pdf,Présentation,PDF extrait depuis une page HTML. Page source : https://www.lvmh.com/fr/le-calendrier-des-evenements-financiers/assemblee-generale-2024. Titre page : Assemblée Générale 2024 - LVMH. Texte du lien : Présentation.,html_pdf_resolver,83.0,auto_download,"[""mots-clés secondaires AGM : ['assemblée générale']"", ""mots-clés faibles : ['assemblée']"", ""année trouvée : 2024"", ""nom de l'entreprise détecté"", ""URL PDF directe"", ""CDN / asset domain"", ""classe documentaire : agm_document""]",[],C:\Users\hp\Desktop\ESG\AGMRetriever\data\dossier_ingestion_0\agm_documents\lvmh\2024\candidates\candidate_005_score_83_0.pdf,C:\Users\hp\Desktop\ESG\AGMRetriever\data\dossier_ingestion_0\agm_documents\lvmh\2024\candidates\candidate_005_manifest.json,b4506523ba336ef52d4f380f2aa2a4171d13ccf5be79dff97d99dc018d601135,12.0,agm_document_candidate,high_score_candidate,5,2026-05-09T20:48:43+00:00,C:\Users\hp\Desktop\ESG\AGMRetriever\data\dossier_ingestion_0\agm_documents\lvmh\2024\candidates\candidate_005_manifest.json
153371810c22ed48a39edceb,AGMRetriever,agm_document,LVMH,lvmh,2024,https://lvmh-com.cdn.prismic.io/lvmh-com/ZnKdJpm069VX13wh_lvmh_questions_ecrites_vf_18042024.pdf,Réponses aux questions écrites,PDF extrait depuis une page HTML. Page source : https://www.lvmh.com/fr/le-calendrier-des-evenements-financiers/assemblee-generale-2024. Titre page : Assemblée Générale 2024 - LVMH. Texte du lien : Réponses aux questions écrites.,html_pdf_resolver,83.0,auto_download,"[""mots-clés secondaires AGM : ['assemblée générale']"", ""mots-clés faibles : ['assemblée']"", ""année trouvée : 2024"", ""nom de l'entreprise détecté"", ""URL PDF directe"", ""CDN / asset domain"", ""classe documentaire : agm_document""]",[],C:\Users\hp\Desktop\ESG\AGMRetriever\data\dossier_ingestion_0\agm_documents\lvmh\2024\candidates\candidate_006_score_83_0.pdf,C:\Users\hp\Desktop\ESG\AGMRetriever\data\dossier_ingestion_0\agm_documents\lvmh\2024\candidates\candidate_006_manifest.json,c43dfaa904aa17a97bbf775898167643c7f2d505bab3d14f46415365127cdd54,7.6552,agm_document_candidate,high_score_candidate,6,2026-05-09T20:48:44+00:00,C:\Users\hp\Desktop\ESG\AGMRetriever\data\dossier_ingestion_0\agm_documents\lvmh\2024\candidates\candidate_006_manifest.json
69a795b761f12567643c6b91,AGMRetriever,agm_document,LVMH,lvmh,2024,https://lvmh-com.cdn.prismic.io/lvmh-com/ZnKdr5m069VX13w8_lvmh_brochure_de_convocation_fr.pdf,Brochure de convocation à l’Assemblée générale mixte du 18 avril 2024 (e-accessible),PDF extrait depuis une page HTML. Page source : https://www.lvmh.com/fr/le-calendrier-des-evenements-financiers/assemblee-generale-2024. Titre page : Assemblée Générale 2024 - LVMH. Texte du lien : Brochure de convocation à l’Assemblée générale mixte du 18 avril 2024 (e-accessible).,html_pdf_resolver,83.0,auto_download,"[""mots-clés secondaires AGM : ['assemblée générale']"", ""mots-clés faibles : ['assemblée']"", ""année trouvée : 2024"", ""nom de l'entreprise détecté"", ""URL PDF directe"", ""CDN / asset domain"", ""classe documentaire : agm_document""]",[],C:\Users\hp\Desktop\ESG\AGMRetriever\data\dossier_ingestion_0\agm_documents\lvmh\2024\candidates\candidate_007_score_83_0.pdf,C:\Users\hp\Desktop\ESG\AGMRetriever\data\dossier_ingestion_0\agm_documents\lvmh\2024\candidates\candidate_007_manifest.json,0040b3612bd5f18caffe67f994f1dbc5c1d8aa4889bd9a12ce5a9bf444886722,3.7943,agm_document_candidate,high_score_candidate,7,2026-05-09T20:48:44+00:00,C:\Users\hp\Desktop\ESG\AGMRetriever\data\dossier_ingestion_0\agm_documents\lvmh\2024\candidates\candidate_007_manifest.json
7f5c1d388be70b4a6c32cf62,AGMRetriever,agm_document,LVMH,lvmh,2024,https://lvmh-com.cdn.prismic.io/lvmh-com/ZnKd05m069VX13xE_lvmh-2024-formulaire-unique-de-participation-single-attendance-form.pdf,Formulaire Unique de Participation,PDF extrait depuis une page HTML. Page source : https://www.lvmh.com/fr/le-calendrier-des-evenements-financiers/assemblee-generale-2024. Titre page : Assemblée Générale 2024 - LVMH. Texte du lien : Formulaire Unique de Participation.,html_pdf_resolver,83.0,auto_download,"[""mots-clés secondaires AGM : ['assemblée générale']"", ""mots-clés faibles : ['assemblée']"", ""année trouvée : 2024"", ""nom de l'entreprise détecté"", ""URL PDF directe"", ""CDN / asset domain"", ""classe documentaire : agm_document""]",[],C:\Users\hp\Desktop\ESG\AGMRetriever\data\dossier_ingestion_0\agm_documents\lvmh\2024\candidates\candidate_008_score_83_0.pdf,C:\Users\hp\Desktop\ESG\AGMRetriever\data\dossier_ingestion_0\agm_documents\lvmh\2024\candidates\candidate_008_manifest.json,9030f042798f02536a2e288268dff0af1da30f0ac14e0482a1046be7ec85a7f4,0.4125,agm_document_candidate,high_score_candidate,8,2026-05-09T20:48:45+00:00,C:\Users\hp\Desktop\ESG\AGMRetriever\data\dossier_ingestion_0\agm_documents\lvmh\2024\candidates\candidate_008_manifest.json
32c15156e84444fe4633ea69,AGMRetriever,agm_document,LVMH,lvmh,2024,https://lvmh-com.cdn.prismic.io/lvmh-com/ZnKd55m069VX13xF_formulaire-doption-pour-le-convocation.pdf,Formulaire d’option pour l’e-convocation,PDF extrait depuis une page HTML. Page source : https://www.lvmh.com/fr/le-calendrier-des-evenements-financiers/assemblee-generale-2024. Titre page : Assemblée Générale 2024 - LVMH. Texte du lien : Formulaire d’option pour l’e-convocation.,html_pdf_resolver,83.0,auto_download,"[""mots-clés secondaires AGM : ['assemblée générale']"", ""mots-clés faibles : ['assemblée']"", ""année trouvée : 2024"", ""nom de l'entreprise détecté"", ""URL PDF directe"", ""CDN / asset domain"", ""classe documentaire : agm_document""]",[],C:\Users\hp\Desktop\ESG\AGMRetriever\data\dossier_ingestion_0\agm_documents\lvmh\2024\candidates\candidate_009_score_83_0.pdf,C:\Users\hp\Desktop\ESG\AGMRetriever\data\dossier_ingestion_0\agm_documents\lvmh\2024\candidates\candidate_009_manifest.json,06cc343bbe92b12c7e2a413d3673bafb99515be1140741b0072f396dcdc64d48,0.2106,agm_document_candidate,high_score_candidate,9,2026-05-09T20:48:45+00:00,C:\Users\hp\Desktop\ESG\AGMRetriever\data\dossier_ingestion_0\agm_documents\lvmh\2024\candidates\candidate_009_manifest.json
7b5987898dfb81b8f53ffa31,AGMRetriever,agm_document,LVMH,lvmh,2024,https://lvmh-com.cdn.prismic.io/lvmh-com/ZnKfgJm069VX13x6_avis-de-convocation-publie-au-balo-le-27-mars-2024.pdf,Avis de convocation publié au BALO le 27 mars 2024,PDF extrait depuis une page HTML. Page source : https://www.lvmh.com/fr/le-calendrier-des-evenements-financiers/assemblee-generale-2024. Titre page : Assemblée Générale 2024 - LVMH. Texte du lien : Avis de convocation publié au BALO le 27 mars 2024.,html_pdf_resolver,83.0,auto_download,"[""mots-clés secondaires AGM : ['assemblée générale']"", ""mots-clés faibles : ['assemblée']"", ""année trouvée : 2024"", ""nom de l'entreprise détecté"", ""URL PDF directe"", ""CDN / asset domain"", ""classe documentaire : agm_document""]",[],C:\Users\hp\Desktop\ESG\AGMRetriever\data\dossier_ingestion_0\agm_documents\lvmh\2024\candidates\candidate_010_score_83_0.pdf,C:\Users\hp\Desktop\ESG\AGMRetriever\data\dossier_ingestion_0\agm_documents\lvmh\2024\candidates\candidate_010_manifest.json,60686f4d093955808a22a015e58e1937da8a594c0a1c3a1761462ac7fe376f05,0.3551,agm_document_candidate,high_score_candidate,10,2026-05-09T20:48:45+00:00,C:\Users\hp\Desktop\ESG\AGMRetriever\data\dossier_ingestion_0\agm_documents\lvmh\2024\candidates\candidate_010_manifest.json
35f9d2080fff09d3f4cd6df0,AGMRetriever,agm_document,LVMH,lvmh,2024,https://lvmh-com.cdn.prismic.io/lvmh-com/ZnKf0Zm069VX13x-_lvmh_brochure_de_convocation_fr-1-.pdf,Rapports des Commissaires aux comptes sur les projets de résolutions,PDF extrait depuis une page HTML. Page source : https://www.lvmh.com/fr/le-calendrier-des-evenements-financiers/assemblee-generale-2024. Titre page : Assemblée Générale 2024 - LVMH. Texte du lien : Rapports des Commissaires aux comptes sur les projets de résolutions.,html_pdf_resolver,83.0,auto_download,"[""mots-clés secondaires AGM : ['assemblée générale', 'résolutions', 'resolutions']"", ""mots-clés faibles : ['assemblée', 'résolution', 'resolution']"", ""année trouvée : 2024"", ""nom de l'entreprise détecté"", ""URL PDF directe"", ""CDN / asset domain"", ""classe documentaire : agm_document""]",[],C:\Users\hp\Desktop\ESG\AGMRetriever\data\dossier_ingestion_0\agm_documents\lvmh\2024\candidates\candidate_011_score_83_0.pdf,C:\Users\hp\Desktop\ESG\AGMRetriever\data\dossier_ingestion_0\agm_documents\lvmh\2024\candidates\candidate_011_manifest.json,0040b3612bd5f18caffe67f994f1dbc5c1d8aa4889bd9a12ce5a9bf444886722,3.7943,agm_document_candidate,high_score_candidate,11,2026-05-09T20:48:46+00:00,C:\Users\hp\Desktop\ESG\AGMRetriever\data\dossier_ingestion_0\agm_documents\lvmh\2024\candidates\candidate_011_manifest.json
6afd8fa5520224c732573a5e,AGMRetriever,agm_document,LVMH,lvmh,2024,https://lvmh-com.cdn.prismic.io/lvmh-com/ZnKggJm069VX13yv_mise-a-disposition-du-document-denregistrement-universel-2023.pdf,Communiqué de mise à disposition du Document d’enregistrement universel 2023,PDF extrait depuis une page HTML. Page source : https://www.lvmh.com/fr/le-calendrier-des-evenements-financiers/assemblee-generale-2024. Titre page : Assemblée Générale 2024 - LVMH. Texte du lien : Communiqué de mise à disposition du Document d’enregistrement universel 2023.,html_pdf_resolver,83.0,auto_download,"[""mots-clés secondaires AGM : ['assemblée générale']"", ""mots-clés faibles : ['assemblée']"", ""année trouvée : 2024"", ""nom de l'entreprise détecté"", ""URL PDF directe"", ""CDN / asset domain"", ""classe documentaire : agm_document""]",[],C:\Users\hp\Desktop\ESG\AGMRetriever\data\dossier_ingestion_0\agm_documents\lvmh\2024\candidates\candidate_012_score_83_0.pdf,C:\Users\hp\Desktop\ESG\AGMRetriever\data\dossier_ingestion_0\agm_documents\lvmh\2024\candidates\candidate_012_manifest.json,9b9e14d619787cfb6819aebe7ad76f4c7631328e6339d435be805ad23aece33f,0.1345,agm_document_candidate,high_score_candidate,12,2026-05-09T20:48:46+00:00,C:\Users\hp\Desktop\ESG\AGMRetriever\data\dossier_ingestion_0\agm_documents\lvmh\2024\candidates\candidate_012_manifest.json
c11ff854dd6577621062e3af,AGMRetriever,agm_document,LVMH,lvmh,2024,https://lvmh-com.cdn.prismic.io/lvmh-com/ZnKhBZm069VX13zc_deu-2023-vf_vdef.pdf,Document d’enregistrement universel 2023,PDF extrait depuis une page HTML. Page source : https://www.lvmh.com/fr/le-calendrier-des-evenements-financiers/assemblee-generale-2024. Titre page : Assemblée Générale 2024 - LVMH. Texte du lien : Document d’enregistrement universel 2023.,html_pdf_resolver,83.0,auto_download,"[""mots-clés secondaires AGM : ['assemblée générale']"", ""mots-clés faibles : ['assemblée']"", ""année trouvée : 2024"", ""nom de l'entreprise détecté"", ""URL PDF directe"", ""CDN / asset domain"", ""classe documentaire : agm_document""]",[],C:\Users\hp\Desktop\ESG\AGMRetriever\data\dossier_ingestion_0\agm_documents\lvmh\2024\candidates\candidate_013_score_83_0.pdf,C:\Users\hp\Desktop\ESG\AGMRetriever\data\dossier_ingestion_0\agm_documents\lvmh\2024\candidates\candidate_013_manifest.json,ce7c5229952f0955a61d029885fe2f7164382bc20a9be4398ae7aa2ef2f14b98,5.2826,agm_document_candidate,high_score_candidate,13,2026-05-09T20:48:47+00:00,C:\Users\hp\Desktop\ESG\AGMRetriever\data\dossier_ingestion_0\agm_documents\lvmh\2024\candidates\candidate_013_manifest.json
bae9de18137c6d7abc71e757,AGMRetriever,agm_document,LVMH,lvmh,2024,https://lvmh-com.cdn.prismic.io/lvmh-com/ZnKhWZm069VX13zl_lvmh-avis-de-reunion-publie-au-balo-le-11.03.2024.pdf,Avis préalable de réunion paru au BALO le 11 mars 2024,PDF extrait depuis une page HTML. Page source : https://www.lvmh.com/fr/le-calendrier-des-evenements-financiers/assemblee-generale-2024. Titre page : Assemblée Générale 2024 - LVMH. Texte du lien : Avis préalable de réunion paru au BALO le 11 mars 2024.,html_pdf_resolver,83.0,auto_download,"[""mots-clés secondaires AGM : ['assemblée générale']"", ""mots-clés faibles : ['assemblée']"", ""année trouvée : 2024"", ""nom de l'entreprise détecté"", ""URL PDF directe"", ""CDN / asset domain"", ""classe documentaire : agm_document""]",[],C:\Users\hp\Desktop\ESG\AGMRetriever\data\dossier_ingestion_0\agm_documents\lvmh\2024\candidates\candidate_014_score_83_0.pdf,C:\Users\hp\Desktop\ESG\AGMRetriever\data\dossier_ingestion_0\agm_documents\lvmh\2024\candidates\candidate_014_manifest.json,76e1374cf94a93c56d0db366908721488e38a576d0c577d6ed7caca5bba14714,0.5379,agm_document_candidate,high_score_candidate,14,2026-05-09T20:48:47+00:00,C:\Users\hp\Desktop\ESG\AGMRetriever\data\dossier_ingestion_0\agm_documents\lvmh\2024\candidates\candidate_014_manifest.json
076d0061bd2c96396ff34b8c,AGMRetriever,agm_document,LVMH,lvmh,2024,https://lvmh-com.cdn.prismic.io/lvmh-com/ZnKhfZm069VX13zt_lvmh-rapport-du-conseil-dadministration-sur-les-projets-de-resolutions-def-13.03.pdf,Rapport du Conseil d’administration sur les projets de résolutions,PDF extrait depuis une page HTML. Page source : https://www.lvmh.com/fr/le-calendrier-des-evenements-financiers/assemblee-generale-2024. Titre page : Assemblée Générale 2024 - LVMH. Texte du lien : Rapport du Conseil d’administration sur les projets de résolutions.,html_pdf_resolver,83.0,auto_download,"[""mots-clés secondaires AGM : ['assemblée générale', 'résolutions', 'resolutions']"", ""mots-clés faibles : ['assemblée', 'résolution', 'resolution']"", ""année trouvée : 2024"", ""nom de l'entreprise détecté"", ""URL PDF directe"", ""CDN / asset domain"", ""classe documentaire : agm_document""]",[],C:\Users\hp\Desktop\ESG\AGMRetriever\data\dossier_ingestion_0\agm_documents\lvmh\2024\candidates\candidate_015_score_83_0.pdf,C:\Users\hp\Desktop\ESG\AGMRetriever\data\dossier_ingestion_0\agm_documents\lvmh\2024\candidates\candidate_015_manifest.json,4c4fc3e26dff7c680f400552b4cf2a04bea6efd740efb4e9bddcde3b39581e76,1.3789,agm_document_candidate,high_score_candidate,15,2026-05-09T20:48:48+00:00,C:\Users\hp\Desktop\ESG\AGMRetriever\data\dossier_ingestion_0\agm_documents\lvmh\2024\candidates\candidate_015_manifest.json
a43a95d1e83c88836074b15b,AGMRetriever,agm_document,LVMH,lvmh,2024,https://lvmh-com.cdn.prismic.io/lvmh-com/ZnKhzJm069VX130D_tableau-de-synthese-des-delegations-financieres-vf.pdf,Synthèse des délégations financières en cours,PDF extrait depuis une page HTML. Page source : https://www.lvmh.com/fr/le-calendrier-des-evenements-financiers/assemblee-generale-2024. Titre page : Assemblée Générale 2024 - LVMH. Texte du lien : Synthèse des délégations financières en cours.,html_pdf_resolver,83.0,auto_download,"[""mots-clés secondaires AGM : ['assemblée générale']"", ""mots-clés faibles : ['assemblée']"", ""année trouvée : 2024"", ""nom de l'entreprise détecté"", ""URL PDF directe"", ""CDN / asset domain"", ""classe documentaire : agm_document""]",[],C:\Users\hp\Desktop\ESG\AGMRetriever\data\dossier_ingestion_0\agm_documents\lvmh\2024\candidates\candidate_016_score_83_0.pdf,C:\Users\hp\Desktop\ESG\AGMRetriever\data\dossier_ingestion_0\agm_documents\lvmh\2024\candidates\candidate_016_manifest.json,f0df09debf8a94c994b1986a14fea43a6850c013abdbdca925a5bcbd032fdcda,0.2765,agm_document_candidate,high_score_candidate,16,2026-05-09T20:48:48+00:00,C:\Users\hp\Desktop\ESG\AGMRetriever\data\dossier_ingestion_0\agm_documents\lvmh\2024\candidates\candidate_016_manifest.json
5658b9fde1cf0cd23f42883a,AGMRetriever,agm_document,LVMH,lvmh,2024,https://lvmh-com.cdn.prismic.io/lvmh-com/ZnKh45m069VX130K_droits-de-vote-lvmh-au-11.03.2024.pdf,Nombre total de droits de vote et d’actions composant le capital à la date de parution de l’avis préalable du 11 mars 2024,PDF extrait depuis une page HTML. Page source : https://www.lvmh.com/fr/le-calendrier-des-evenements-financiers/assemblee-generale-2024. Titre page : Assemblée Générale 2024 - LVMH. Texte du lien : Nombre total de droits de vote et d’actions composant le capital à la date de parution de l’avis préalable du 11 mars 2024.,html_pdf_resolver,83.0,auto_download,"[""mots-clés secondaires AGM : ['assemblée générale']"", ""mots-clés faibles : ['assemblée', 'vote']"", ""année trouvée : 2024"", ""nom de l'entreprise détecté"", ""URL PDF directe"", ""CDN / asset domain"", ""classe documentaire : agm_document""]",[],C:\Users\hp\Desktop\ESG\AGMRetriever\data\dossier_ingestion_0\agm_documents\lvmh\2024\candidates\candidate_017_score_83_0.pdf,C:\Users\hp\Desktop\ESG\AGMRetriever\data\dossier_ingestion_0\agm_documents\lvmh\2024\candidates\candidate_017_manifest.json,a3cfa122246d008c6742d664c2671f9d3252dfee3ffe76a05b7188b05bb2beda,0.1134,agm_document_candidate,high_score_candidate,17,2026-05-09T20:48:48+00:00,C:\Users\hp\Desktop\ESG\AGMRetriever\data\dossier_ingestion_0\agm_documents\lvmh\2024\candidates\candidate_017_manifest.json
aead64b02868cd3440a7ee79,AGMRetriever,agm_document,LVMH,lvmh,2024,https://lvmh-com.cdn.prismic.io/lvmh-com/Z-PdQHdAxsiBv60m_Mise%C3%A0dispositionduDocumentd%27enregistrementuniversel2024.pdf,Communiqué de mise à disposition du Document d’enregistrement universel 2024,PDF extrait depuis une page HTML. Page source : https://www.lvmh.com/fr/le-calendrier-des-evenements-financiers/assemblee-generale-2025. Titre page : Assemblée générale 2025 - LVMH. Texte du lien : Communiqué de mise à disposition du Document d’enregistrement universel 2024.,html_pdf_resolver,83.0,auto_download,"[""mots-clés secondaires AGM : ['assemblée générale']"", ""mots-clés faibles : ['assemblée']"", ""année trouvée : 2024"", ""nom de l'entreprise détecté"", ""URL PDF directe"", ""CDN / asset domain"", ""classe documentaire : agm_document""]",[],C:\Users\hp\Desktop\ESG\AGMRetriever\data\dossier_ingestion_0\agm_documents\lvmh\2024\candidates\candidate_018_score_83_0.pdf,C:\Users\hp\Desktop\ESG\AGMRetriever\data\dossier_ingestion_0\agm_documents\lvmh\2024\candidates\candidate_018_manifest.json,f1122487b81978221c7f865fc1524b1fe1ae654072113ecbd93bcd82b7cad69b,0.1305,agm_document_candidate,high_score_candidate,18,2026-05-09T20:48:51+00:00,C:\Users\hp\Desktop\ESG\AGMRetriever\data\dossier_ingestion_0\agm_documents\lvmh\2024\candidates\candidate_018_manifest.json
003b914da105a5ddbc1411d5,AGMRetriever,agm_document,LVMH,lvmh,2024,https://lvmh-com.cdn.prismic.io/lvmh-com/Z-PYoHdAxsiBv6v5_Documentd%27enregistrementuniversel2024.pdf,Document d’enregistrement universel 2024,PDF extrait depuis une page HTML. Page source : https://www.lvmh.com/fr/le-calendrier-des-evenements-financiers/assemblee-generale-2025. Titre page : Assemblée générale 2025 - LVMH. Texte du lien : Document d’enregistrement universel 2024.,html_pdf_resolver,83.0,auto_download,"[""mots-clés secondaires AGM : ['assemblée générale']"", ""mots-clés faibles : ['assemblée']"", ""année trouvée : 2024"", ""nom de l'entreprise détecté"", ""URL PDF directe"", ""CDN / asset domain"", ""classe documentaire : agm_document""]",[],C:\Users\hp\Desktop\ESG\AGMRetriever\data\dossier_ingestion_0\agm_documents\lvmh\2024\candidates\candidate_019_score_83_0.pdf,C:\Users\hp\Desktop\ESG\AGMRetriever\data\dossier_ingestion_0\agm_documents\lvmh\2024\candidates\candidate_019_manifest.json,0e1fad746c06f32c697627f6dfbdcee2fb198a0ef95eb58520a569e9ff85fd42,10.8591,agm_document_candidate,high_score_candidate,19,2026-05-09T20:48:52+00:00,C:\Users\hp\Desktop\ESG\AGMRetriever\data\dossier_ingestion_0\agm_documents\lvmh\2024\candidates\candidate_019_manifest.json
caacbd9065f88913201cf79e,AGMRetriever,agm_document,LVMH,lvmh,2024,https://lvmh-com.cdn.prismic.io/lvmh-com/ZmCALZm069VX1fFc_modalites-de-participation-a-lassemblee-generale.pdf,Tableau de synthèse des modalités de participation à l’Assemblée générale,PDF extrait depuis une page HTML. Page source : https://www.lvmh.com/fr/le-calendrier-des-evenements-financiers/assemblee-generale-2023. Titre page : Assemblée Générale 2023 -LVMH - LVMH. Texte du lien : Tableau de synthèse des modalités de participation à l’Assemblée générale.,html_pdf_resolver,98.0,auto_download,"[""mots-clés secondaires AGM : ['assemblée générale']"", ""mots-clés faibles : ['assemblée']"", ""année trouvée : 2024"", ""nom de l'entreprise détecté"", ""URL PDF directe"", ""nom de fichier AGM : ['assemblée-générale']"", ""CDN / asset domain"", ""classe documentaire : agm_document""]",[],C:\Users\hp\Desktop\ESG\AGMRetriever\data\dossier_ingestion_0\agm_documents\lvmh\2024\candidates\candidate_020_score_98_0.pdf,C:\Users\hp\Desktop\ESG\AGMRetriever\data\dossier_ingestion_0\agm_documents\lvmh\2024\candidates\candidate_020_manifest.json,bdcbb606a43f81070f65345ad71e3dd09b724daaf35bb677a7a4bdb76ecc0f59,4.4551,agm_document_candidate,high_score_candidate,20,2026-05-09T20:41:44+00:00,C:\Users\hp\Desktop\ESG\AGMRetriever\data\dossier_ingestion_0\agm_documents\lvmh\2024\candidates\candidate_020_manifest.json
ad8f3bc524ad83ac49dce929,AGMRetriever,agm_document,LVMH,lvmh,2024,https://lvmh-com.cdn.prismic.io/lvmh-com/ZmB7gpm069VX1fBo_politique-de-remuneration-des-administrateurs-et-des-dirigeants-mandataires-sociaux.pdf,Politique de rémunération des Administrateurs et des Dirigeants mandataires sociaux,PDF extrait depuis une page HTML. Page source : https://www.lvmh.com/fr/le-calendrier-des-evenements-financiers/assemblee-generale-2023. Titre page : Assemblée Générale 2023 -LVMH - LVMH. Texte du lien : Politique de rémunération des Administrateurs et des Dirigeants mandataires sociaux.,html_pdf_resolver,83.0,auto_download,"[""mots-clés secondaires AGM : ['assemblée générale']"", ""mots-clés faibles : ['assemblée']"", ""année trouvée : 2024"", ""nom de l'entreprise détecté"", ""URL PDF directe"", ""CDN / asset domain"", ""classe documentaire : agm_document""]",[],C:\Users\hp\Desktop\ESG\AGMRetriever\data\dossier_ingestion_0\agm_documents\lvmh\2024\candidates\candidate_021_score_83_0.pdf,C:\Users\hp\Desktop\ESG\AGMRetriever\data\dossier_ingestion_0\agm_documents\lvmh\2024\candidates\candidate_021_manifest.json,534a7479162a81f84e6bbab7c8cba5bec1f5b4ac727d5b3c8e59e925c9d8c0c7,0.1877,agm_document_candidate,high_score_candidate,21,2026-05-09T20:41:45+00:00,C:\Users\hp\Desktop\ESG\AGMRetriever\data\dossier_ingestion_0\agm_documents\lvmh\2024\candidates\candidate_021_manifest.json
48ec38bc41610dd34b9a140a,AGMRetriever,agm_document,LVMH,lvmh,2024,https://lvmh-com.cdn.prismic.io/lvmh-com/ZmB8RJm069VX1fCk_lvmh-2023-detail-du-vote-des-resolutions.pdf,Détail du vote par résolution,PDF extrait depuis une page HTML. Page source : https://www.lvmh.com/fr/le-calendrier-des-evenements-financiers/assemblee-generale-2023. Titre page : Assemblée Générale 2023 -LVMH - LVMH. Texte du lien : Détail du vote par résolution.,html_pdf_resolver,83.0,auto_download,"[""mots-clés secondaires AGM : ['assemblée générale', 'résolutions', 'resolutions']"", ""mots-clés faibles : ['assemblée', 'vote', 'résolution']"", ""année trouvée : 2024"", ""nom de l'entreprise détecté"", ""URL PDF directe"", ""CDN / asset domain"", ""classe documentaire : agm_document""]",[],C:\Users\hp\Desktop\ESG\AGMRetriever\data\dossier_ingestion_0\agm_documents\lvmh\2024\candidates\candidate_022_score_83_0.pdf,C:\Users\hp\Desktop\ESG\AGMRetriever\data\dossier_ingestion_0\agm_documents\lvmh\2024\candidates\candidate_022_manifest.json,2fbbff4b4bee00369a9069969525d2f2847e2ab36cbd0fa71f4bcc682ee28de2,0.0765,agm_document_candidate,high_score_candidate,22,2026-05-09T20:41:46+00:00,C:\Users\hp\Desktop\ESG\AGMRetriever\data\dossier_ingestion_0\agm_documents\lvmh\2024\candidates\candidate_022_manifest.json
ba081b66dfbe78e4ec12cf2d,AGMRetriever,agm_document,LVMH,lvmh,2024,https://lvmh-com.cdn.prismic.io/lvmh-com/ZmB9K5m069VX1fDb_ag-2023-vf.pdf,Présentation,PDF extrait depuis une page HTML. Page source : https://www.lvmh.com/fr/le-calendrier-des-evenements-financiers/assemblee-generale-2023. Titre page : Assemblée Générale 2023 -LVMH - LVMH. Texte du lien : Présentation.,html_pdf_resolver,83.0,auto_download,"[""mots-clés secondaires AGM : ['assemblée générale']"", ""mots-clés faibles : ['assemblée']"", ""année trouvée : 2024"", ""nom de l'entreprise détecté"", ""URL PDF directe"", ""CDN / asset domain"", ""classe documentaire : agm_document""]",[],C:\Users\hp\Desktop\ESG\AGMRetriever\data\dossier_ingestion_0\agm_documents\lvmh\2024\candidates\candidate_023_score_83_0.pdf,C:\Users\hp\Desktop\ESG\AGMRetriever\data\dossier_ingestion_0\agm_documents\lvmh\2024\candidates\candidate_023_manifest.json,116aaaa46d983f8317ff3094f584903ae4527ceb19948ffcbb003458c6c41d85,10.0786,agm_document_candidate,high_score_candidate,23,2026-05-09T20:41:48+00:00,C:\Users\hp\Desktop\ESG\AGMRetriever\data\dossier_ingestion_0\agm_documents\lvmh\2024\candidates\candidate_023_manifest.json
a5bb39de25c7437aaa11ba99,AGMRetriever,agm_document,LVMH,lvmh,2024,https://lvmh-com.cdn.prismic.io/lvmh-com/ZmB9UJm069VX1fDl_questions-ecrites-doc-global_vf_20042023.pdf,Réponses aux questions écrites,PDF extrait depuis une page HTML. Page source : https://www.lvmh.com/fr/le-calendrier-des-evenements-financiers/assemblee-generale-2023. Titre page : Assemblée Générale 2023 -LVMH - LVMH. Texte du lien : Réponses aux questions écrites.,html_pdf_resolver,83.0,auto_download,"[""mots-clés secondaires AGM : ['assemblée générale']"", ""mots-clés faibles : ['assemblée']"", ""année trouvée : 2024"", ""nom de l'entreprise détecté"", ""URL PDF directe"", ""CDN / asset domain"", ""classe documentaire : agm_document""]",[],C:\Users\hp\Desktop\ESG\AGMRetriever\data\dossier_ingestion_0\agm_documents\lvmh\2024\candidates\candidate_024_score_83_0.pdf,C:\Users\hp\Desktop\ESG\AGMRetriever\data\dossier_ingestion_0\agm_documents\lvmh\2024\candidates\candidate_024_manifest.json,ae843812535e70b5e5802c45fda49fc18e8cfb5bb6fd1d391a0002dcd974b8c7,0.4052,agm_document_candidate,high_score_candidate,24,2026-05-09T20:41:49+00:00,C:\Users\hp\Desktop\ESG\AGMRetriever\data\dossier_ingestion_0\agm_documents\lvmh\2024\candidates\candidate_024_manifest.json
7d8966026323fef7ab2ae327,AGMRetriever,agm_document,LVMH,lvmh,2024,https://lvmh-com.cdn.prismic.io/lvmh-com/ZmB-2Zm069VX1fEl_formulaire-unique-de-participation-single-attendance-form.pdf,Formulaire Unique de Participation,PDF extrait depuis une page HTML. Page source : https://www.lvmh.com/fr/le-calendrier-des-evenements-financiers/assemblee-generale-2023. Titre page : Assemblée Générale 2023 -LVMH - LVMH. Texte du lien : Formulaire Unique de Participation.,html_pdf_resolver,83.0,auto_download,"[""mots-clés secondaires AGM : ['assemblée générale']"", ""mots-clés faibles : ['assemblée']"", ""année trouvée : 2024"", ""nom de l'entreprise détecté"", ""URL PDF directe"", ""CDN / asset domain"", ""classe documentaire : agm_document""]",[],C:\Users\hp\Desktop\ESG\AGMRetriever\data\dossier_ingestion_0\agm_documents\lvmh\2024\candidates\candidate_025_score_83_0.pdf,C:\Users\hp\Desktop\ESG\AGMRetriever\data\dossier_ingestion_0\agm_documents\lvmh\2024\candidates\candidate_025_manifest.json,86ba4dc8c87ced86f4197ad81e5542e07e916659fa80280d57ff3a82e1c9697f,0.5694,agm_document_candidate,high_score_candidate,25,2026-05-09T20:41:51+00:00,C:\Users\hp\Desktop\ESG\AGMRetriever\data\dossier_ingestion_0\agm_documents\lvmh\2024\candidates\candidate_025_manifest.json
fa090755126fac02789a95b2,AGMRetriever,agm_document,LVMH,lvmh,2024,https://lvmh-com.cdn.prismic.io/lvmh-com/ZmB--Jm069VX1fEt_formulaire-doption-pour-le-convocation.pdf,Formulaire d’option pour l’e-convocation,PDF extrait depuis une page HTML. Page source : https://www.lvmh.com/fr/le-calendrier-des-evenements-financiers/assemblee-generale-2023. Titre page : Assemblée Générale 2023 -LVMH - LVMH. Texte du lien : Formulaire d’option pour l’e-convocation.,html_pdf_resolver,83.0,auto_download,"[""mots-clés secondaires AGM : ['assemblée générale']"", ""mots-clés faibles : ['assemblée']"", ""année trouvée : 2024"", ""nom de l'entreprise détecté"", ""URL PDF directe"", ""CDN / asset domain"", ""classe documentaire : agm_document""]",[],C:\Users\hp\Desktop\ESG\AGMRetriever\data\dossier_ingestion_0\agm_documents\lvmh\2024\candidates\candidate_026_score_83_0.pdf,C:\Users\hp\Desktop\ESG\AGMRetriever\data\dossier_ingestion_0\agm_documents\lvmh\2024\candidates\candidate_026_manifest.json,428b8ca97da43ef9e3a64705d516adad84595840b36411d67dd5526e5b0ef295,0.1184,agm_document_candidate,high_score_candidate,26,2026-05-09T20:41:52+00:00,C:\Users\hp\Desktop\ESG\AGMRetriever\data\dossier_ingestion_0\agm_documents\lvmh\2024\candidates\candidate_026_manifest.json
94c9cf4d78f8a6d079dc8d6d,AGMRetriever,agm_document,LVMH,lvmh,2024,https://lvmh-com.cdn.prismic.io/lvmh-com/ZmB_J5m069VX1fE1_avis-de-convocation-publie-au-balo-le-29-mars-2023.pdf,L’avis de convocation publié au BALO le 29 mars 2023,PDF extrait depuis une page HTML. Page source : https://www.lvmh.com/fr/le-calendrier-des-evenements-financiers/assemblee-generale-2023. Titre page : Assemblée Générale 2023 -LVMH - LVMH. Texte du lien : L’avis de convocation publié au BALO le 29 mars 2023.,html_pdf_resolver,83.0,auto_download,"[""mots-clés secondaires AGM : ['assemblée générale']"", ""mots-clés faibles : ['assemblée']"", ""année trouvée : 2024"", ""nom de l'entreprise détecté"", ""URL PDF directe"", ""CDN / asset domain"", ""classe documentaire : agm_document""]",[],C:\Users\hp\Desktop\ESG\AGMRetriever\data\dossier_ingestion_0\agm_documents\lvmh\2024\candidates\candidate_027_score_83_0.pdf,C:\Users\hp\Desktop\ESG\AGMRetriever\data\dossier_ingestion_0\agm_documents\lvmh\2024\candidates\candidate_027_manifest.json,131b5cb67ac57064003566934c1b3e3cb594d81cb6e284a726356eda547f24d2,0.4929,agm_document_candidate,high_score_candidate,27,2026-05-09T20:41:53+00:00,C:\Users\hp\Desktop\ESG\AGMRetriever\data\dossier_ingestion_0\agm_documents\lvmh\2024\candidates\candidate_027_manifest.json
7679547efa68d5b07669f960,AGMRetriever,agm_document,LVMH,lvmh,2024,https://lvmh-com.cdn.prismic.io/lvmh-com/ZmB_RJm069VX1fE7_lvmh-rapports-des-commissaires-aux-comptes-sur-les-projets-de-resolutions-1.pdf,Rapports des Commissaires aux comptes sur les projets de résolutions (inclus dans la Brochure de convocation),PDF extrait depuis une page HTML. Page source : https://www.lvmh.com/fr/le-calendrier-des-evenements-financiers/assemblee-generale-2023. Titre page : Assemblée Générale 2023 -LVMH - LVMH. Texte du lien : Rapports des Commissaires aux comptes sur les projets de résolutions (inclus dans la Brochure de convocation).,html_pdf_resolver,83.0,auto_download,"[""mots-clés secondaires AGM : ['assemblée générale', 'résolutions', 'resolutions']"", ""mots-clés faibles : ['assemblée', 'résolution', 'resolution']"", ""année trouvée : 2024"", ""nom de l'entreprise détecté"", ""URL PDF directe"", ""CDN / asset domain"", ""classe documentaire : agm_document""]",[],C:\Users\hp\Desktop\ESG\AGMRetriever\data\dossier_ingestion_0\agm_documents\lvmh\2024\candidates\candidate_028_score_83_0.pdf,C:\Users\hp\Desktop\ESG\AGMRetriever\data\dossier_ingestion_0\agm_documents\lvmh\2024\candidates\candidate_028_manifest.json,bafa52260427ac4d23bf9113c65e8036e4cb3e2d7751b134931602dab9077a65,0.3029,agm_document_candidate,high_score_candidate,28,2026-05-09T20:41:55+00:00,C:\Users\hp\Desktop\ESG\AGMRetriever\data\dossier_ingestion_0\agm_documents\lvmh\2024\candidates\candidate_028_manifest.json
656dbe7b2cf68a64d7117d3d,AGMRetriever,agm_document,LVMH,lvmh,2024,https://lvmh-com.cdn.prismic.io/lvmh-com/ZmCB25m069VX1fG6_lvmh-avis-de-reunion-publie-au-balo-le-13.03.2023.pdf,Avis préalable de réunion paru au BALO le 13 mars 2023,PDF extrait depuis une page HTML. Page source : https://www.lvmh.com/fr/le-calendrier-des-evenements-financiers/assemblee-generale-2023. Titre page : Assemblée Générale 2023 -LVMH - LVMH. Texte du lien : Avis préalable de réunion paru au BALO le 13 mars 2023.,html_pdf_resolver,83.0,auto_download,"[""mots-clés secondaires AGM : ['assemblée générale']"", ""mots-clés faibles : ['assemblée']"", ""année trouvée : 2024"", ""nom de l'entreprise détecté"", ""URL PDF directe"", ""CDN / asset domain"", ""classe documentaire : agm_document""]",[],C:\Users\hp\Desktop\ESG\AGMRetriever\data\dossier_ingestion_0\agm_documents\lvmh\2024\candidates\candidate_029_score_83_0.pdf,C:\Users\hp\Desktop\ESG\AGMRetriever\data\dossier_ingestion_0\agm_documents\lvmh\2024\candidates\candidate_029_manifest.json,1142a92a3b42efeffb6be2c8177c92845be1958c6aea2c065822cd65eb2358c4,0.6207,agm_document_candidate,high_score_candidate,29,2026-05-09T20:41:56+00:00,C:\Users\hp\Desktop\ESG\AGMRetriever\data\dossier_ingestion_0\agm_documents\lvmh\2024\candidates\candidate_029_manifest.json
3be09cab3709ed3d12e0a73f,AGMRetriever,agm_document,LVMH,lvmh,2024,https://lvmh-com.cdn.prismic.io/lvmh-com/ZmCCFpm069VX1fHO_lvmh-rapport-du-ca-sur-resolutions-v.f.pdf,Rapport du Conseil d’administration sur les projets de résolutions,PDF extrait depuis une page HTML. Page source : https://www.lvmh.com/fr/le-calendrier-des-evenements-financiers/assemblee-generale-2023. Titre page : Assemblée Générale 2023 -LVMH - LVMH. Texte du lien : Rapport du Conseil d’administration sur les projets de résolutions.,html_pdf_resolver,83.0,auto_download,"[""mots-clés secondaires AGM : ['assemblée générale', 'résolutions', 'resolutions']"", ""mots-clés faibles : ['assemblée', 'résolution', 'resolution']"", ""année trouvée : 2024"", ""nom de l'entreprise détecté"", ""URL PDF directe"", ""CDN / asset domain"", ""classe documentaire : agm_document""]",[],C:\Users\hp\Desktop\ESG\AGMRetriever\data\dossier_ingestion_0\agm_documents\lvmh\2024\candidates\candidate_030_score_83_0.pdf,C:\Users\hp\Desktop\ESG\AGMRetriever\data\dossier_ingestion_0\agm_documents\lvmh\2024\candidates\candidate_030_manifest.json,901b24689be5ea3ce8b938d825e1b557905223ff7d2fa873c2a42fe00dad2f1e,1.1039,agm_document_candidate,high_score_candidate,30,2026-05-09T20:41:58+00:00,C:\Users\hp\Desktop\ESG\AGMRetriever\data\dossier_ingestion_0\agm_documents\lvmh\2024\candidates\candidate_030_manifest.json
6633cd893674a6448cddbb4c,AGMRetriever,agm_document,LVMH,lvmh,2024,https://lvmh-com.cdn.prismic.io/lvmh-com/ZmCCMZm069VX1fHR_lvmh-tableau-de-synthese-des-delegations-financieres-vf.pdf,Synthèse des délégations financières en cours,PDF extrait depuis une page HTML. Page source : https://www.lvmh.com/fr/le-calendrier-des-evenements-financiers/assemblee-generale-2023. Titre page : Assemblée Générale 2023 -LVMH - LVMH. Texte du lien : Synthèse des délégations financières en cours.,html_pdf_resolver,83.0,auto_download,"[""mots-clés secondaires AGM : ['assemblée générale']"", ""mots-clés faibles : ['assemblée']"", ""année trouvée : 2024"", ""nom de l'entreprise détecté"", ""URL PDF directe"", ""CDN / asset domain"", ""classe documentaire : agm_document""]",[],C:\Users\hp\Desktop\ESG\AGMRetriever\data\dossier_ingestion_0\agm_documents\lvmh\2024\candidates\candidate_031_score_83_0.pdf,C:\Users\hp\Desktop\ESG\AGMRetriever\data\dossier_ingestion_0\agm_documents\lvmh\2024\candidates\candidate_031_manifest.json,918e97e5c37e09fda8cf3647be88ff18a13ff4e70b87e6ab1df8b0e0332554b8,0.1519,agm_document_candidate,high_score_candidate,31,2026-05-09T20:41:59+00:00,C:\Users\hp\Desktop\ESG\AGMRetriever\data\dossier_ingestion_0\agm_documents\lvmh\2024\candidates\candidate_031_manifest.json
bd4a2bda454cf349b6c92c4d,AGMRetriever,agm_document,LVMH,lvmh,2024,https://lvmh-com.cdn.prismic.io/lvmh-com/ZmCCUJm069VX1fHU_droits-de-vote-lvmh-au-13.03.2023.pdf,Nombre total de droits de vote et d’actions composant le capital à la date de parution de l’avis préalable du 13 mars 2023,PDF extrait depuis une page HTML. Page source : https://www.lvmh.com/fr/le-calendrier-des-evenements-financiers/assemblee-generale-2023. Titre page : Assemblée Générale 2023 -LVMH - LVMH. Texte du lien : Nombre total de droits de vote et d’actions composant le capital à la date de parution de l’avis préalable du 13 mars 2023.,html_pdf_resolver,83.0,auto_download,"[""mots-clés secondaires AGM : ['assemblée générale']"", ""mots-clés faibles : ['assemblée', 'vote']"", ""année trouvée : 2024"", ""nom de l'entreprise détecté"", ""URL PDF directe"", ""CDN / asset domain"", ""classe documentaire : agm_document""]",[],C:\Users\hp\Desktop\ESG\AGMRetriever\data\dossier_ingestion_0\agm_documents\lvmh\2024\candidates\candidate_032_score_83_0.pdf,C:\Users\hp\Desktop\ESG\AGMRetriever\data\dossier_ingestion_0\agm_documents\lvmh\2024\candidates\candidate_032_manifest.json,8db4cbab391687deb6cafc6963cf0bc430b0195712f9c002498a5d7aad9b3fb5,0.1129,agm_document_candidate,high_score_candidate,32,2026-05-09T20:42:00+00:00,C:\Users\hp\Desktop\ESG\AGMRetriever\data\dossier_ingestion_0\agm_documents\lvmh\2024\candidates\candidate_032_manifest.json
edc5824b6234a83f7ecf13ce,AGMRetriever,agm_document,LVMH,lvmh,2024,https://lvmh-com.cdn.prismic.io/lvmh-com/ZnKrnZm069VX138u_lvmh-avis-de-reunion-publie-au-balo-le-11.03.2024-1-.pdf,"Notice of meeting published to the BALO on March 11, 2024 – French version only","PDF extrait depuis une page HTML. Page source : https://www.lvmh.com/en/financial-calendar/2024-annual-general-meeting. Titre page : 2024 Annual General Meeting - LVMH. Texte du lien : Notice of meeting published to the BALO on March 11, 2024 – French version only.",html_pdf_resolver,100.0,auto_download,"[""mots-clés forts AGM : ['notice of meeting']"", ""mots-clés secondaires AGM : ['annual general meeting']"", ""année trouvée : 2024"", ""nom de l'entreprise détecté"", ""URL PDF directe"", ""CDN / asset domain"", ""classe documentaire : agm_document""]",[],C:\Users\hp\Desktop\ESG\AGMRetriever\data\dossier_ingestion_0\agm_documents\lvmh\2024\candidates\candidate_033_score_100_0.pdf,C:\Users\hp\Desktop\ESG\AGMRetriever\data\dossier_ingestion_0\agm_documents\lvmh\2024\candidates\candidate_033_manifest.json,76e1374cf94a93c56d0db366908721488e38a576d0c577d6ed7caca5bba14714,0.5379,agm_document_candidate,high_score_candidate,33,2026-05-09T20:42:02+00:00,C:\Users\hp\Desktop\ESG\AGMRetriever\data\dossier_ingestion_0\agm_documents\lvmh\2024\candidates\candidate_033_manifest.json
b1f32a5abcb4b7c585432045,AGMRetriever,agm_document,LVMH,lvmh,2024,https://lvmh-com.cdn.prismic.io/lvmh-com/ZnKsB5m069VX139G_droits-de-vote-lvmh-au-11.03.2024-1-.pdf,"Disclosure of total outstanding shares and voting rights at the date of the publication of the Notice of Meeting on March 11, 2024 – French version only","PDF extrait depuis une page HTML. Page source : https://www.lvmh.com/en/financial-calendar/2024-annual-general-meeting. Titre page : 2024 Annual General Meeting - LVMH. Texte du lien : Disclosure of total outstanding shares and voting rights at the date of the publication of the Notice of Meeting on March 11, 2024 – French version only.",html_pdf_resolver,100.0,auto_download,"[""mots-clés forts AGM : ['notice of meeting']"", ""mots-clés secondaires AGM : ['annual general meeting', 'voting']"", ""année trouvée : 2024"", ""nom de l'entreprise détecté"", ""URL PDF directe"", ""CDN / asset domain"", ""classe documentaire : agm_document""]",[],C:\Users\hp\Desktop\ESG\AGMRetriever\data\dossier_ingestion_0\agm_documents\lvmh\2024\candidates\candidate_034_score_100_0.pdf,C:\Users\hp\Desktop\ESG\AGMRetriever\data\dossier_ingestion_0\agm_documents\lvmh\2024\candidates\candidate_034_manifest.json,a3cfa122246d008c6742d664c2671f9d3252dfee3ffe76a05b7188b05bb2beda,0.1134,agm_document_candidate,high_score_candidate,34,2026-05-09T20:42:03+00:00,C:\Users\hp\Desktop\ESG\AGMRetriever\data\dossier_ingestion_0\agm_documents\lvmh\2024\candidates\candidate_034_manifest.json
ec94b3588c752d80feb9a19a,AGMRetriever,agm_document,LVMH,lvmh,2024,https://lvmh-com.cdn.prismic.io/lvmh-com/ZnKkNpm069VX132J_compensation-policies-in-respect-of-directors-and-senior-executive-officers.pdf,Compensation policies in respect of Directors and Senior executive officers,PDF extrait depuis une page HTML. Page source : https://www.lvmh.com/en/financial-calendar/2024-annual-general-meeting. Titre page : 2024 Annual General Meeting - LVMH. Texte du lien : Compensation policies in respect of Directors and Senior executive officers.,html_pdf_resolver,83.0,auto_download,"[""mots-clés secondaires AGM : ['annual general meeting']"", ""mots-clés faibles : ['general meeting']"", ""année trouvée : 2024"", ""nom de l'entreprise détecté"", ""URL PDF directe"", ""CDN / asset domain"", ""classe documentaire : agm_document""]",[],C:\Users\hp\Desktop\ESG\AGMRetriever\data\dossier_ingestion_0\agm_documents\lvmh\2024\candidates\candidate_035_score_83_0.pdf,C:\Users\hp\Desktop\ESG\AGMRetriever\data\dossier_ingestion_0\agm_documents\lvmh\2024\candidates\candidate_035_manifest.json,211e11ee38f4f48237e948220f33d99f9d81cf27c8d8a277049328a84d922901,0.064,agm_document_candidate,high_score_candidate,35,2026-05-09T20:42:04+00:00,C:\Users\hp\Desktop\ESG\AGMRetriever\data\dossier_ingestion_0\agm_documents\lvmh\2024\candidates\candidate_035_manifest.json
5513d4013e51292b3fd04ecc,AGMRetriever,agm_document,LVMH,lvmh,2024,https://lvmh-com.cdn.prismic.io/lvmh-com/ZnKkR5m069VX132M_lvmh_consolidated-voting-results_en_ag2024.pdf,Detailed vote of resolutions,PDF extrait depuis une page HTML. Page source : https://www.lvmh.com/en/financial-calendar/2024-annual-general-meeting. Titre page : 2024 Annual General Meeting - LVMH. Texte du lien : Detailed vote of resolutions.,html_pdf_resolver,83.0,auto_download,"[""mots-clés secondaires AGM : ['annual general meeting', 'voting', 'résolutions']"", ""mots-clés faibles : ['general meeting', 'vote', 'résolution']"", ""année trouvée : 2024"", ""nom de l'entreprise détecté"", ""URL PDF directe"", ""CDN / asset domain"", ""classe documentaire : agm_document""]",[],C:\Users\hp\Desktop\ESG\AGMRetriever\data\dossier_ingestion_0\agm_documents\lvmh\2024\candidates\candidate_036_score_83_0.pdf,C:\Users\hp\Desktop\ESG\AGMRetriever\data\dossier_ingestion_0\agm_documents\lvmh\2024\candidates\candidate_036_manifest.json,5b072cdfc3ce360a14877142f2066d5b133be79ad6309921044b2f5936f8b16f,0.1503,agm_document_candidate,high_score_candidate,36,2026-05-09T20:42:06+00:00,C:\Users\hp\Desktop\ESG\AGMRetriever\data\dossier_ingestion_0\agm_documents\lvmh\2024\candidates\candidate_036_manifest.json
a68299af92ead47a3e9866cc,AGMRetriever,agm_document,LVMH,lvmh,2024,https://lvmh-com.cdn.prismic.io/lvmh-com/ZnKlWZm069VX133b_lvmh-ag-2024-va.pdf,Presentation,PDF extrait depuis une page HTML. Page source : https://www.lvmh.com/en/financial-calendar/2024-annual-general-meeting. Titre page : 2024 Annual General Meeting - LVMH. Texte du lien : Presentation.,html_pdf_resolver,83.0,auto_download,"[""mots-clés secondaires AGM : ['annual general meeting']"", ""mots-clés faibles : ['general meeting']"", ""année trouvée : 2024"", ""nom de l'entreprise détecté"", ""URL PDF directe"", ""CDN / asset domain"", ""classe documentaire : agm_document""]",[],C:\Users\hp\Desktop\ESG\AGMRetriever\data\dossier_ingestion_0\agm_documents\lvmh\2024\candidates\candidate_037_score_83_0.pdf,C:\Users\hp\Desktop\ESG\AGMRetriever\data\dossier_ingestion_0\agm_documents\lvmh\2024\candidates\candidate_037_manifest.json,c638941bd0c793d8d8eda12d523f769edd8951de2a5565fdf313b8dc848ff50a,11.3632,agm_document_candidate,high_score_candidate,37,2026-05-09T20:42:07+00:00,C:\Users\hp\Desktop\ESG\AGMRetriever\data\dossier_ingestion_0\agm_documents\lvmh\2024\candidates\candidate_037_manifest.json
b89923baf3089a3ebf75cf02,AGMRetriever,agm_document,LVMH,lvmh,2024,https://lvmh-com.cdn.prismic.io/lvmh-com/ZnKm25m069VX135B_lvmh_questions_ecrites_va_18042024.usv_.pdf,Answers to written questions,PDF extrait depuis une page HTML. Page source : https://www.lvmh.com/en/financial-calendar/2024-annual-general-meeting. Titre page : 2024 Annual General Meeting - LVMH. Texte du lien : Answers to written questions.,html_pdf_resolver,83.0,auto_download,"[""mots-clés secondaires AGM : ['annual general meeting']"", ""mots-clés faibles : ['general meeting']"", ""année trouvée : 2024"", ""nom de l'entreprise détecté"", ""URL PDF directe"", ""CDN / asset domain"", ""classe documentaire : agm_document""]",[],C:\Users\hp\Desktop\ESG\AGMRetriever\data\dossier_ingestion_0\agm_documents\lvmh\2024\candidates\candidate_038_score_83_0.pdf,C:\Users\hp\Desktop\ESG\AGMRetriever\data\dossier_ingestion_0\agm_documents\lvmh\2024\candidates\candidate_038_manifest.json,88cfbc49059818f657e92baf606444b702c639af066632748ac98acb3e4d1df5,7.1203,agm_document_candidate,high_score_candidate,38,2026-05-09T20:42:09+00:00,C:\Users\hp\Desktop\ESG\AGMRetriever\data\dossier_ingestion_0\agm_documents\lvmh\2024\candidates\candidate_038_manifest.json
7888c614b2e64f40de1bbef3,AGMRetriever,agm_document,LVMH,lvmh,2024,https://lvmh-com.cdn.prismic.io/lvmh-com/ZnKo9Zm069VX136V_procedures-for-making-available-and-consulting-preparatory-documents.pdf,Procedures for making available and consulting preparatory documents,PDF extrait depuis une page HTML. Page source : https://www.lvmh.com/en/financial-calendar/2024-annual-general-meeting. Titre page : 2024 Annual General Meeting - LVMH. Texte du lien : Procedures for making available and consulting preparatory documents.,html_pdf_resolver,83.0,auto_download,"[""mots-clés secondaires AGM : ['annual general meeting']"", ""mots-clés faibles : ['general meeting']"", ""année trouvée : 2024"", ""nom de l'entreprise détecté"", ""URL PDF directe"", ""CDN / asset domain"", ""classe documentaire : agm_document""]",[],C:\Users\hp\Desktop\ESG\AGMRetriever\data\dossier_ingestion_0\agm_documents\lvmh\2024\candidates\candidate_039_score_83_0.pdf,C:\Users\hp\Desktop\ESG\AGMRetriever\data\dossier_ingestion_0\agm_documents\lvmh\2024\candidates\candidate_039_manifest.json,70fdf77788b2110813677708cfab393a68737d53526719664b58bb96ed59d34e,0.1928,agm_document_candidate,high_score_candidate,39,2026-05-09T20:42:10+00:00,C:\Users\hp\Desktop\ESG\AGMRetriever\data\dossier_ingestion_0\agm_documents\lvmh\2024\candidates\candidate_039_manifest.json
6c4265040ee1b162c563fe91,AGMRetriever,agm_document,LVMH,lvmh,2024,https://lvmh-com.cdn.prismic.io/lvmh-com/ZnKpVJm069VX136g_convening-brochure-shareholders-meeting-april-18-2024.pdf,"Convening Brochure at the Shareholders’ Meeting April 18, 2024 (e-accessible)","PDF extrait depuis une page HTML. Page source : https://www.lvmh.com/en/financial-calendar/2024-annual-general-meeting. Titre page : 2024 Annual General Meeting - LVMH. Texte du lien : Convening Brochure at the Shareholders’ Meeting April 18, 2024 (e-accessible).",html_pdf_resolver,83.0,auto_download,"[""mots-clés secondaires AGM : ['annual general meeting']"", ""mots-clés faibles : ['general meeting', 'shareholders']"", ""année trouvée : 2024"", ""nom de l'entreprise détecté"", ""URL PDF directe"", ""CDN / asset domain"", ""classe documentaire : agm_document""]",[],C:\Users\hp\Desktop\ESG\AGMRetriever\data\dossier_ingestion_0\agm_documents\lvmh\2024\candidates\candidate_040_score_83_0.pdf,C:\Users\hp\Desktop\ESG\AGMRetriever\data\dossier_ingestion_0\agm_documents\lvmh\2024\candidates\candidate_040_manifest.json,91ea15aaa3408f434ce7402805abc7805c41f853058fa12f62655dcee6eb25b6,4.0128,agm_document_candidate,high_score_candidate,40,2026-05-09T20:42:12+00:00,C:\Users\hp\Desktop\ESG\AGMRetriever\data\dossier_ingestion_0\agm_documents\lvmh\2024\candidates\candidate_040_manifest.json
e099edbabc90e8c55b9959c9,AGMRetriever,agm_document,LVMH,lvmh,2024,https://lvmh-com.cdn.prismic.io/lvmh-com/ZnKpapm069VX136l_lvmh-2024-formulaire-unique-de-participation-single-attendance-form-1-.pdf,Single attendance form,PDF extrait depuis une page HTML. Page source : https://www.lvmh.com/en/financial-calendar/2024-annual-general-meeting. Titre page : 2024 Annual General Meeting - LVMH. Texte du lien : Single attendance form.,html_pdf_resolver,83.0,auto_download,"[""mots-clés secondaires AGM : ['annual general meeting']"", ""mots-clés faibles : ['general meeting']"", ""année trouvée : 2024"", ""nom de l'entreprise détecté"", ""URL PDF directe"", ""CDN / asset domain"", ""classe documentaire : agm_document""]",[],C:\Users\hp\Desktop\ESG\AGMRetriever\data\dossier_ingestion_0\agm_documents\lvmh\2024\candidates\candidate_041_score_83_0.pdf,C:\Users\hp\Desktop\ESG\AGMRetriever\data\dossier_ingestion_0\agm_documents\lvmh\2024\candidates\candidate_041_manifest.json,9030f042798f02536a2e288268dff0af1da30f0ac14e0482a1046be7ec85a7f4,0.4125,agm_document_candidate,high_score_candidate,41,2026-05-09T20:42:13+00:00,C:\Users\hp\Desktop\ESG\AGMRetriever\data\dossier_ingestion_0\agm_documents\lvmh\2024\candidates\candidate_041_manifest.json
3e51b5c19ad6b7b31cff6916,AGMRetriever,agm_document,LVMH,lvmh,2024,https://lvmh-com.cdn.prismic.io/lvmh-com/ZnKpf5m069VX136t_reply-form-to-opt-for-e-notice.pdf,Reply form to opt for e-Notice,PDF extrait depuis une page HTML. Page source : https://www.lvmh.com/en/financial-calendar/2024-annual-general-meeting. Titre page : 2024 Annual General Meeting - LVMH. Texte du lien : Reply form to opt for e-Notice.,html_pdf_resolver,83.0,auto_download,"[""mots-clés secondaires AGM : ['annual general meeting']"", ""mots-clés faibles : ['general meeting']"", ""année trouvée : 2024"", ""nom de l'entreprise détecté"", ""URL PDF directe"", ""CDN / asset domain"", ""classe documentaire : agm_document""]",[],C:\Users\hp\Desktop\ESG\AGMRetriever\data\dossier_ingestion_0\agm_documents\lvmh\2024\candidates\candidate_042_score_83_0.pdf,C:\Users\hp\Desktop\ESG\AGMRetriever\data\dossier_ingestion_0\agm_documents\lvmh\2024\candidates\candidate_042_manifest.json,9c9e3bf43b37a939586324dd65a7fe0fd21eb1338005665be6131f1f429f7591,0.1965,agm_document_candidate,high_score_candidate,42,2026-05-09T20:42:14+00:00,C:\Users\hp\Desktop\ESG\AGMRetriever\data\dossier_ingestion_0\agm_documents\lvmh\2024\candidates\candidate_042_manifest.json
d5f17c960f26930907fcd326,AGMRetriever,agm_document,LVMH,lvmh,2024,https://lvmh-com.cdn.prismic.io/lvmh-com/ZnKpmZm069VX136x_convening-notice-published-to-the-balo-on-march-27-2024.pdf,"Convening notice published to the BALO on March 27, 2024 – French version only","PDF extrait depuis une page HTML. Page source : https://www.lvmh.com/en/financial-calendar/2024-annual-general-meeting. Titre page : 2024 Annual General Meeting - LVMH. Texte du lien : Convening notice published to the BALO on March 27, 2024 – French version only.",html_pdf_resolver,83.0,auto_download,"[""mots-clés secondaires AGM : ['annual general meeting']"", ""mots-clés faibles : ['general meeting']"", ""année trouvée : 2024"", ""nom de l'entreprise détecté"", ""URL PDF directe"", ""CDN / asset domain"", ""classe documentaire : agm_document""]",[],C:\Users\hp\Desktop\ESG\AGMRetriever\data\dossier_ingestion_0\agm_documents\lvmh\2024\candidates\candidate_043_score_83_0.pdf,C:\Users\hp\Desktop\ESG\AGMRetriever\data\dossier_ingestion_0\agm_documents\lvmh\2024\candidates\candidate_043_manifest.json,60686f4d093955808a22a015e58e1937da8a594c0a1c3a1761462ac7fe376f05,0.3551,agm_document_candidate,high_score_candidate,43,2026-05-09T20:42:16+00:00,C:\Users\hp\Desktop\ESG\AGMRetriever\data\dossier_ingestion_0\agm_documents\lvmh\2024\candidates\candidate_043_manifest.json
078d02ea9620d11b1d450a2a,AGMRetriever,agm_document,LVMH,lvmh,2024,https://lvmh-com.cdn.prismic.io/lvmh-com/ZnKqCJm069VX137F_convening-brochure-shareholders-meeting-april-18-2024-1-.pdf,Statutory Auditors’ Reports on the draft resolutions,PDF extrait depuis une page HTML. Page source : https://www.lvmh.com/en/financial-calendar/2024-annual-general-meeting. Titre page : 2024 Annual General Meeting - LVMH. Texte du lien : Statutory Auditors’ Reports on the draft resolutions.,html_pdf_resolver,83.0,auto_download,"[""mots-clés secondaires AGM : ['annual general meeting', 'résolutions', 'resolutions']"", ""mots-clés faibles : ['general meeting', 'shareholders', 'résolution']"", ""année trouvée : 2024"", ""nom de l'entreprise détecté"", ""URL PDF directe"", ""CDN / asset domain"", ""classe documentaire : agm_document""]",[],C:\Users\hp\Desktop\ESG\AGMRetriever\data\dossier_ingestion_0\agm_documents\lvmh\2024\candidates\candidate_044_score_83_0.pdf,C:\Users\hp\Desktop\ESG\AGMRetriever\data\dossier_ingestion_0\agm_documents\lvmh\2024\candidates\candidate_044_manifest.json,91ea15aaa3408f434ce7402805abc7805c41f853058fa12f62655dcee6eb25b6,4.0128,agm_document_candidate,high_score_candidate,44,2026-05-09T20:42:17+00:00,C:\Users\hp\Desktop\ESG\AGMRetriever\data\dossier_ingestion_0\agm_documents\lvmh\2024\candidates\candidate_044_manifest.json
8bfe463f169af7f57830cd62,AGMRetriever,agm_document,LVMH,lvmh,2024,https://lvmh-com.cdn.prismic.io/lvmh-com/ZnKq9Jm069VX138F_lvmh-terms-and-conditions-of-participation-in-the-shareholders-meeting-april-18-2024.pdf,Terms and conditions of participation in the Shareholders’ Meeting,PDF extrait depuis une page HTML. Page source : https://www.lvmh.com/en/financial-calendar/2024-annual-general-meeting. Titre page : 2024 Annual General Meeting - LVMH. Texte du lien : Terms and conditions of participation in the Shareholders’ Meeting.,html_pdf_resolver,83.0,auto_download,"[""mots-clés secondaires AGM : ['annual general meeting']"", ""mots-clés faibles : ['general meeting', 'shareholders']"", ""année trouvée : 2024"", ""nom de l'entreprise détecté"", ""URL PDF directe"", ""CDN / asset domain"", ""classe documentaire : agm_document""]",[],C:\Users\hp\Desktop\ESG\AGMRetriever\data\dossier_ingestion_0\agm_documents\lvmh\2024\candidates\candidate_045_score_83_0.pdf,C:\Users\hp\Desktop\ESG\AGMRetriever\data\dossier_ingestion_0\agm_documents\lvmh\2024\candidates\candidate_045_manifest.json,58195ccf2c7899cad88e9cebee0aa0bc5fd46c45be0dfddf2f0057bc787d00f9,2.0306,agm_document_candidate,high_score_candidate,45,2026-05-09T20:42:18+00:00,C:\Users\hp\Desktop\ESG\AGMRetriever\data\dossier_ingestion_0\agm_documents\lvmh\2024\candidates\candidate_045_manifest.json
c0594cd498b50a1c5b4f768e,AGMRetriever,agm_document,LVMH,lvmh,2024,https://lvmh-com.cdn.prismic.io/lvmh-com/ZnKrEJm069VX138Q_notice-specifying-the-availability-of-2023-universal-registration-document.pdf,Notice specifying the availability of 2023 Universal Registration Document,PDF extrait depuis une page HTML. Page source : https://www.lvmh.com/en/financial-calendar/2024-annual-general-meeting. Titre page : 2024 Annual General Meeting - LVMH. Texte du lien : Notice specifying the availability of 2023 Universal Registration Document.,html_pdf_resolver,83.0,auto_download,"[""mots-clés secondaires AGM : ['annual general meeting']"", ""mots-clés faibles : ['general meeting']"", ""année trouvée : 2024"", ""nom de l'entreprise détecté"", ""URL PDF directe"", ""CDN / asset domain"", ""classe documentaire : agm_document""]",[],C:\Users\hp\Desktop\ESG\AGMRetriever\data\dossier_ingestion_0\agm_documents\lvmh\2024\candidates\candidate_046_score_83_0.pdf,C:\Users\hp\Desktop\ESG\AGMRetriever\data\dossier_ingestion_0\agm_documents\lvmh\2024\candidates\candidate_046_manifest.json,d16d98b86024d6d545217f60b163eecfd597f434cd0531106f4324a6f9838719,0.1366,agm_document_candidate,high_score_candidate,46,2026-05-09T20:42:20+00:00,C:\Users\hp\Desktop\ESG\AGMRetriever\data\dossier_ingestion_0\agm_documents\lvmh\2024\candidates\candidate_046_manifest.json
cbb31caa6600751e0a80662b,AGMRetriever,agm_document,LVMH,lvmh,2024,https://lvmh-com.cdn.prismic.io/lvmh-com/ZnKrfZm069VX138m_urd-2023-va_vdef.pdf,2023 Universal Registration Document,PDF extrait depuis une page HTML. Page source : https://www.lvmh.com/en/financial-calendar/2024-annual-general-meeting. Titre page : 2024 Annual General Meeting - LVMH. Texte du lien : 2023 Universal Registration Document.,html_pdf_resolver,83.0,auto_download,"[""mots-clés secondaires AGM : ['annual general meeting']"", ""mots-clés faibles : ['general meeting']"", ""année trouvée : 2024"", ""nom de l'entreprise détecté"", ""URL PDF directe"", ""CDN / asset domain"", ""classe documentaire : agm_document""]",[],C:\Users\hp\Desktop\ESG\AGMRetriever\data\dossier_ingestion_0\agm_documents\lvmh\2024\candidates\candidate_047_score_83_0.pdf,C:\Users\hp\Desktop\ESG\AGMRetriever\data\dossier_ingestion_0\agm_documents\lvmh\2024\candidates\candidate_047_manifest.json,463f616eab04d3e3a1ac1e9d5fbb3a1d52e3a32ae84df916dad56352ab3e8b44,5.1372,agm_document_candidate,high_score_candidate,47,2026-05-09T20:42:20+00:00,C:\Users\hp\Desktop\ESG\AGMRetriever\data\dossier_ingestion_0\agm_documents\lvmh\2024\candidates\candidate_047_manifest.json
cbeadfd59671e53d2209c031,AGMRetriever,agm_document,LVMH,lvmh,2024,https://lvmh-com.cdn.prismic.io/lvmh-com/ZnKrsZm069VX138z_lvmh-resolutions-combined-shareholders-meeting-april-18-2024-def-13.03.pdf,Resolutions for the approval of the combined shareholders’ meeting,PDF extrait depuis une page HTML. Page source : https://www.lvmh.com/en/financial-calendar/2024-annual-general-meeting. Titre page : 2024 Annual General Meeting - LVMH. Texte du lien : Resolutions for the approval of the combined shareholders’ meeting.,html_pdf_resolver,83.0,auto_download,"[""mots-clés secondaires AGM : ['annual general meeting', 'résolutions', 'resolutions']"", ""mots-clés faibles : ['general meeting', 'shareholders', 'résolution']"", ""année trouvée : 2024"", ""nom de l'entreprise détecté"", ""URL PDF directe"", ""CDN / asset domain"", ""classe documentaire : agm_document""]",[],C:\Users\hp\Desktop\ESG\AGMRetriever\data\dossier_ingestion_0\agm_documents\lvmh\2024\candidates\candidate_048_score_83_0.pdf,C:\Users\hp\Desktop\ESG\AGMRetriever\data\dossier_ingestion_0\agm_documents\lvmh\2024\candidates\candidate_048_manifest.json,c461f7adf4692fb3d5aea688facd6735ebb05ba53307a2115a0d302493afcd81,0.3375,agm_document_candidate,high_score_candidate,48,2026-05-09T20:42:22+00:00,C:\Users\hp\Desktop\ESG\AGMRetriever\data\dossier_ingestion_0\agm_documents\lvmh\2024\candidates\candidate_048_manifest.json
09cae8b6dc4ba8eb0b15ae67,AGMRetriever,agm_document,LVMH,lvmh,2024,https://lvmh-com.cdn.prismic.io/lvmh-com/ZnKr3Jm069VX1386_lvmh-board-of-directors-report-on-the-draft-resolutions_def-13.03.pdf,Board of Directors Report on the draft resolutions,PDF extrait depuis une page HTML. Page source : https://www.lvmh.com/en/financial-calendar/2024-annual-general-meeting. Titre page : 2024 Annual General Meeting - LVMH. Texte du lien : Board of Directors Report on the draft resolutions.,html_pdf_resolver,83.0,auto_download,"[""mots-clés secondaires AGM : ['annual general meeting', 'résolutions', 'resolutions']"", ""mots-clés faibles : ['general meeting', 'résolution', 'resolution']"", ""année trouvée : 2024"", ""nom de l'entreprise détecté"", ""URL PDF directe"", ""CDN / asset domain"", ""classe documentaire : agm_document""]",[],C:\Users\hp\Desktop\ESG\AGMRetriever\data\dossier_ingestion_0\agm_documents\lvmh\2024\candidates\candidate_049_score_83_0.pdf,C:\Users\hp\Desktop\ESG\AGMRetriever\data\dossier_ingestion_0\agm_documents\lvmh\2024\candidates\candidate_049_manifest.json,75efc85a5a4cd8d0d10f81fb6a38ffe383268d088ef9e86c5a55a6b45229a375,1.2937,agm_document_candidate,high_score_candidate,49,2026-05-09T20:42:23+00:00,C:\Users\hp\Desktop\ESG\AGMRetriever\data\dossier_ingestion_0\agm_documents\lvmh\2024\candidates\candidate_049_manifest.json
513eb6e426f3b05716da95cb,AGMRetriever,agm_document,LVMH,lvmh,2024,https://lvmh-com.cdn.prismic.io/lvmh-com/ZnKr85m069VX138__tableau-de-synthese-des-delegations-financieres-va.pdf,Summary of current financial delegations,PDF extrait depuis une page HTML. Page source : https://www.lvmh.com/en/financial-calendar/2024-annual-general-meeting. Titre page : 2024 Annual General Meeting - LVMH. Texte du lien : Summary of current financial delegations.,html_pdf_resolver,83.0,auto_download,"[""mots-clés secondaires AGM : ['annual general meeting']"", ""mots-clés faibles : ['general meeting']"", ""année trouvée : 2024"", ""nom de l'entreprise détecté"", ""URL PDF directe"", ""CDN / asset domain"", ""classe documentaire : agm_document""]",[],C:\Users\hp\Desktop\ESG\AGMRetriever\data\dossier_ingestion_0\agm_documents\lvmh\2024\candidates\candidate_050_score_83_0.pdf,C:\Users\hp\Desktop\ESG\AGMRetriever\data\dossier_ingestion_0\agm_documents\lvmh\2024\candidates\candidate_050_manifest.json,ee37cb805d367bbb863e68b96edc9285f5a44b55e4aed457b8b4ede37a869dbe,0.3254,agm_document_candidate,high_score_candidate,50,2026-05-09T20:42:24+00:00,C:\Users\hp\Desktop\ESG\AGMRetriever\data\dossier_ingestion_0\agm_documents\lvmh\2024\candidates\candidate_050_manifest.json
fd32c28b95e83c94b259163c,AGMRetriever,agm_document,LVMH,lvmh,2024,https://lvmh-com.cdn.prismic.io/lvmh-com/Z-PdQHdAxsiBv60m_Mise%C3%A0dispositionduDocumentd%27enregistrementuniversel2024.pdf,Communiqué de mise à disposition du Document d’enregistrement universel 2024,PDF extrait depuis une page HTML. Page source : https://www.lvmh.com/fr/le-calendrier-des-evenements-financiers/assemblee-generale-2025. Titre page : Assemblée générale 2025 - LVMH. Texte du lien : Communiqué de mise à disposition du Document d’enregistrement universel 2024.,html_pdf_resolver,83.0,auto_download,"[""mots-clés secondaires AGM : ['assemblée générale']"", ""mots-clés faibles : ['assemblée']"", ""année trouvée : 2024"", ""nom de l'entreprise détecté"", ""URL PDF directe"", ""CDN / asset domain"", ""classe documentaire : agm_document""]",[],C:\Users\hp\Desktop\ESG\AGMRetriever\data\dossier_ingestion_0\agm_documents\lvmh\2024\candidates\candidate_051_score_83_0.pdf,C:\Users\hp\Desktop\ESG\AGMRetriever\data\dossier_ingestion_0\agm_documents\lvmh\2024\candidates\candidate_051_manifest.json,f1122487b81978221c7f865fc1524b1fe1ae654072113ecbd93bcd82b7cad69b,0.1305,agm_document_candidate,high_score_candidate,51,2026-05-09T20:42:27+00:00,C:\Users\hp\Desktop\ESG\AGMRetriever\data\dossier_ingestion_0\agm_documents\lvmh\2024\candidates\candidate_051_manifest.json
767383d171611033e23e8b92,AGMRetriever,agm_document,LVMH,lvmh,2024,https://lvmh-com.cdn.prismic.io/lvmh-com/Z-PYoHdAxsiBv6v5_Documentd%27enregistrementuniversel2024.pdf,Document d’enregistrement universel 2024,PDF extrait depuis une page HTML. Page source : https://www.lvmh.com/fr/le-calendrier-des-evenements-financiers/assemblee-generale-2025. Titre page : Assemblée générale 2025 - LVMH. Texte du lien : Document d’enregistrement universel 2024.,html_pdf_resolver,83.0,auto_download,"[""mots-clés secondaires AGM : ['assemblée générale']"", ""mots-clés faibles : ['assemblée']"", ""année trouvée : 2024"", ""nom de l'entreprise détecté"", ""URL PDF directe"", ""CDN / asset domain"", ""classe documentaire : agm_document""]",[],C:\Users\hp\Desktop\ESG\AGMRetriever\data\dossier_ingestion_0\agm_documents\lvmh\2024\candidates\candidate_052_score_83_0.pdf,C:\Users\hp\Desktop\ESG\AGMRetriever\data\dossier_ingestion_0\agm_documents\lvmh\2024\candidates\candidate_052_manifest.json,0e1fad746c06f32c697627f6dfbdcee2fb198a0ef95eb58520a569e9ff85fd42,10.8591,agm_document_candidate,high_score_candidate,52,2026-05-09T20:42:29+00:00,C:\Users\hp\Desktop\ESG\AGMRetriever\data\dossier_ingestion_0\agm_documents\lvmh\2024\candidates\candidate_052_manifest.json
68bd99cae4c2370f07fd1955,AGMRetriever,agm_document,Schneider Electric,schneider-electric,2024,https://www.se.com/ww/en/assets/564/document/470536/release-report-agm-2024.pdf,2024 Annual General Meeting: approval resolutions submitted ...,"Rueil-Malmaison (France), May 23, 2024 - The ordinary and extraordinary Annual General Meeting (AGM) of Schneider Electric SE was held on May 23, 2024, chaired by Jean-Pascal Tricoire, Chairman of the Board.",ddgs,100.0,auto_download,"[""mots-clés secondaires AGM : ['AGM', 'annual general meeting', 'résolutions']"", ""mots-clés faibles : ['general meeting', 'résolution', 'resolution']"", ""année trouvée : 2024"", ""nom de l'entreprise détecté"", ""domaine officiel : se.com"", ""URL PDF directe"", ""nom de fichier AGM : ['agm-2024']"", ""classe documentaire : agm_document""]",[],C:\Users\hp\Desktop\ESG\AGMRetriever\data\dossier_ingestion_0\agm_documents\schneider-electric\2024\candidates\candidate_001_score_100_0.pdf,C:\Users\hp\Desktop\ESG\AGMRetriever\data\dossier_ingestion_0\agm_documents\schneider-electric\2024\candidates\candidate_001_manifest.json,1f4111ee003aef7b9f0cd4a9f193a20b85a8a6c8820385019af22d1b0573ccc8,0.1206,agm_document_candidate,high_score_candidate,1,2026-05-09T20:44:31+00:00,C:\Users\hp\Desktop\ESG\AGMRetriever\data\dossier_ingestion_0\agm_documents\schneider-electric\2024\candidates\candidate_001_manifest.json
0a9d433516cadb6cd09f4d6f,AGMRetriever,agm_document,Schneider Electric,schneider-electric,2024,https://www.se.com/ww/en/assets/564/document/470537/outcome-agm-vote-2024.pdf,"COMBINED GENERAL MEETING SCHNEIDER ELECTRIC SE MAY 23, 2024","COMBINED GENERAL MEETING SCHNEIDER ELECTRIC SE MAY 23, 2024 RESOLUTION SUBMITTED TO SHAREHOLDERS VOTING RESULTS (Article R. 22-10-30 of the French Commercial Code)",ddgs,98.0,auto_download,"[""mots-clés secondaires AGM : ['AGM', 'voting']"", ""mots-clés faibles : ['general meeting', 'shareholders', 'vote']"", ""année trouvée : 2024"", ""nom de l'entreprise détecté"", ""domaine officiel : se.com"", ""URL PDF directe"", ""classe documentaire : agm_document""]",[],C:\Users\hp\Desktop\ESG\AGMRetriever\data\dossier_ingestion_0\agm_documents\schneider-electric\2024\candidates\candidate_002_score_98_0.pdf,C:\Users\hp\Desktop\ESG\AGMRetriever\data\dossier_ingestion_0\agm_documents\schneider-electric\2024\candidates\candidate_002_manifest.json,41bd8ddfaf795c3a796238fdb134bd6a58309c4d500a6ab89450830a8bedd78c,0.2786,agm_document_candidate,high_score_candidate,2,2026-05-09T20:44:36+00:00,C:\Users\hp\Desktop\ESG\AGMRetriever\data\dossier_ingestion_0\agm_documents\schneider-electric\2024\candidates\candidate_002_manifest.json
6a744abfb782112d35c87bd9,AGMRetriever,agm_document,Schneider Electric,schneider-electric,2024,https://guocoland.com.my/wp-content/uploads/2024/10/Notice-of-AGM.pdf,Notice of annual general meeting,"(i) the conclusion of the next Annual General Meeting (“AGM”) of the Company at which time it will lapse, unless by a resolution passed at the meeting, the authority is renewed; or.",ddgs,90.0,auto_download,"[""mots-clés forts AGM : ['notice of annual general meeting']"", ""mots-clés secondaires AGM : ['AGM', 'annual general meeting']"", ""année trouvée : 2024"", ""URL PDF directe"", ""classe documentaire : agm_document""]",[],C:\Users\hp\Desktop\ESG\AGMRetriever\data\dossier_ingestion_0\agm_documents\schneider-electric\2024\candidates\candidate_003_score_90_0.pdf,C:\Users\hp\Desktop\ESG\AGMRetriever\data\dossier_ingestion_0\agm_documents\schneider-electric\2024\candidates\candidate_003_manifest.json,69ee1346e401d3b243d38de5329b737aa13f128259c7d8c64fb0e24a8fb6e2e9,0.2135,agm_document_candidate,high_score_candidate,3,2026-05-09T20:44:38+00:00,C:\Users\hp\Desktop\ESG\AGMRetriever\data\dossier_ingestion_0\agm_documents\schneider-electric\2024\candidates\candidate_003_manifest.json
9afee9c620b30a0a1b1d0136,AGMRetriever,agm_document,Schneider Electric,schneider-electric,2024,https://www.se.com/ww/fr/assets/342/document/466427/mise-disposition-documents-preparatoires-AG.pdf,Lien d'origine,PDF extrait depuis une page HTML. Page source : https://www.moneycontroller.es/noticias-de-la-bolsa-española/schneider-electric-se/mise-a-disposition-des-documents-preparatoires-a-l-assemblee-generale-mixte-des-actionnaires-du-23-mai-2024-2118995. Titre page : Schneider Electric SE: Mise à disposition des documents préparatoires à l'assemblée générale mixte des actionnaires du 23 mai 2024 - MoneyController (ID 2118995). Texte du lien : Lien d'origine.,html_pdf_resolver,98.0,auto_download,"[""mots-clés secondaires AGM : ['assemblée générale']"", ""mots-clés faibles : ['assemblée', 'actionnaires']"", ""année trouvée : 2024"", ""nom de l'entreprise détecté"", ""domaine officiel : se.com"", ""URL PDF directe"", ""classe documentaire : agm_document""]",[],C:\Users\hp\Desktop\ESG\AGMRetriever\data\dossier_ingestion_0\agm_documents\schneider-electric\2024\candidates\candidate_004_score_98_0.pdf,C:\Users\hp\Desktop\ESG\AGMRetriever\data\dossier_ingestion_0\agm_documents\schneider-electric\2024\candidates\candidate_004_manifest.json,50727032071237fb0a94c888037ba1384865fd14e1fd14e56128883e6714cffa,0.1818,agm_document_candidate,high_score_candidate,4,2026-05-09T20:44:45+00:00,C:\Users\hp\Desktop\ESG\AGMRetriever\data\dossier_ingestion_0\agm_documents\schneider-electric\2024\candidates\candidate_004_manifest.json
f5e315aed31a95abedbd770e,AGMRetriever,agm_document,TotalEnergies,totalenergies,2024,https://totalenergies.com/sites/g/files/nytnzq121/files/documents/2024-05/TotalEnergies_Brochure-avis-convocation_2024_en_PDF.pdf,Notice of meeting - TotalEnergies,"In compliance with Article R. 225-73 of the French Commercial Code, the preliminary notice of this Meeting was published in the Bulletin des Annonces Légales Obligatoires (BALO) on March 29, 2024.",ddgs,100.0,auto_download,"[""mots-clés forts AGM : ['notice of meeting']"", ""année trouvée : 2024"", ""nom de l'entreprise détecté"", ""domaine officiel : totalenergies.com"", ""URL PDF directe"", ""classe documentaire : agm_document""]",[],C:\Users\hp\Desktop\ESG\AGMRetriever\data\dossier_ingestion_0\agm_documents\totalenergies\2024\candidates\candidate_001_score_100_0.pdf,C:\Users\hp\Desktop\ESG\AGMRetriever\data\dossier_ingestion_0\agm_documents\totalenergies\2024\candidates\candidate_001_manifest.json,b291f285adaf492fe285daa98640e114b7d69f5e7906d791ab3cde740bfdd62b,3.382,agm_document_candidate,high_score_candidate,1,2026-05-09T20:49:45+00:00,C:\Users\hp\Desktop\ESG\AGMRetriever\data\dossier_ingestion_0\agm_documents\totalenergies\2024\candidates\candidate_001_manifest.json
69ad7230e81b3bd4e3c62bfe,AGMRetriever,agm_document,TotalEnergies,totalenergies,2024,https://totalenergies.com/system/files/documents/2024-05/TotalEnergies_Assemblee-generale-ordinaire-et-extraordinaire-24-mai_2024_pdf.pdf,Assemblée générale ordinaire et extraordinaire du 24 mai 2024 ...,L’avis préalable de réunion de l’Assemblée générale et l’avis de convocation ont été publiés au BALO (Bulletin des annonces légales obligatoires) respectivement le 29 mars 2024 et le 3 mai 2024.,ddgs,100.0,auto_download,"[""mots-clés secondaires AGM : ['assemblée générale']"", ""mots-clés faibles : ['assemblée']"", ""année trouvée : 2024"", ""nom de l'entreprise détecté"", ""domaine officiel : totalenergies.com"", ""URL PDF directe"", ""nom de fichier AGM : ['assemblée-générale']"", ""classe documentaire : agm_document""]",[],C:\Users\hp\Desktop\ESG\AGMRetriever\data\dossier_ingestion_0\agm_documents\totalenergies\2024\candidates\candidate_002_score_100_0.pdf,C:\Users\hp\Desktop\ESG\AGMRetriever\data\dossier_ingestion_0\agm_documents\totalenergies\2024\candidates\candidate_002_manifest.json,9e9bfac84870b7da5e4c44c7c20219058ac4c8fe2c65f900ba2ce9047fd58d63,0.1585,agm_document_candidate,high_score_candidate,2,2026-05-09T20:49:47+00:00,C:\Users\hp\Desktop\ESG\AGMRetriever\data\dossier_ingestion_0\agm_documents\totalenergies\2024\candidates\candidate_002_manifest.json
e32755218cff949d59e54a99,AGMRetriever,agm_document,TotalEnergies,totalenergies,2024,https://totalenergies.com/system/files/documents/2024-03/CP_Convocation_AG2024.pdf,Téléchargez le communiqué de presse (PDF),PDF extrait depuis une page HTML. Page source : https://totalenergies.com/fr/actualites/communiques-de-presse/convocation-de-lassemblee-generale-du-24-mai-2024. Titre page : Convocation de l’Assemblée Générale du 24 mai 2024 | TotalEnergies.com. Texte du lien : Téléchargez le communiqué de presse (PDF).,html_pdf_resolver,98.0,auto_download,"[""mots-clés secondaires AGM : ['assemblée générale']"", ""mots-clés faibles : ['assemblée']"", ""année trouvée : 2024"", ""nom de l'entreprise détecté"", ""domaine officiel : totalenergies.com"", ""URL PDF directe"", ""classe documentaire : agm_document""]",[],C:\Users\hp\Desktop\ESG\AGMRetriever\data\dossier_ingestion_0\agm_documents\totalenergies\2024\candidates\candidate_003_score_98_0.pdf,C:\Users\hp\Desktop\ESG\AGMRetriever\data\dossier_ingestion_0\agm_documents\totalenergies\2024\candidates\candidate_003_manifest.json,15b7ef28e9526712546179e458071ba2ad64287ad663031eecf1e8b41c76aef8,0.2226,agm_document_candidate,high_score_candidate,3,2026-05-09T20:49:48+00:00,C:\Users\hp\Desktop\ESG\AGMRetriever\data\dossier_ingestion_0\agm_documents\totalenergies\2024\candidates\candidate_003_manifest.json
a3659f8a8008c1116417f911,AGMRetriever,agm_document,TotalEnergies,totalenergies,2024,https://totalenergies.com/sites/g/files/nytnzq121/files/documents/2024-05/AG2024_Resultats-des-votes-par-resolution_FR_PDF.pdf,AG 2024 Résultats des votes par résolution - VF - TotalEnergies,"Conformément à l’article R. 22-10-14 IV du Code de commerce, les politiques de rémunération des administrateurs et du Président-directeur général pour l’exercice 2024 telles qu’approuvées par l’Assemblée générale des actionnaires du 24 mai 2024 (11ème et 13ème résolutions) sont disponibles, respectivement en pages 238-239 ...",ddgs,98.0,auto_download,"[""mots-clés secondaires AGM : ['assemblée générale', 'résolutions', 'resolutions']"", ""mots-clés faibles : ['assemblée', 'actionnaires', 'vote']"", ""année trouvée : 2024"", ""nom de l'entreprise détecté"", ""domaine officiel : totalenergies.com"", ""URL PDF directe"", ""classe documentaire : agm_document""]",[],C:\Users\hp\Desktop\ESG\AGMRetriever\data\dossier_ingestion_0\agm_documents\totalenergies\2024\candidates\candidate_004_score_98_0.pdf,C:\Users\hp\Desktop\ESG\AGMRetriever\data\dossier_ingestion_0\agm_documents\totalenergies\2024\candidates\candidate_004_manifest.json,d8135fcc2fb6614634c916dd5b419677d0a9bcc16d3b1142d65338f50c84ea2d,0.1999,agm_document_candidate,high_score_candidate,4,2026-05-09T20:49:49+00:00,C:\Users\hp\Desktop\ESG\AGMRetriever\data\dossier_ingestion_0\agm_documents\totalenergies\2024\candidates\candidate_004_manifest.json
0e815f5beb6ba4804b7509c9,AGMRetriever,agm_document,TotalEnergies,totalenergies,2024,https://totalenergies.com/system/files/documents/2024-05/TotalEnergies_CP-post-AG-2024_VF_PDF.pdf,Assemblée générale ordinaire et extraordinaire du 24 mai 2,Les résultats complets des votes ainsi que les présentations effectuées aux actionnaires seront disponibles le 31 mai sur le site internet totalenergies.com.,ddgs,98.0,auto_download,"[""mots-clés secondaires AGM : ['assemblée générale']"", ""mots-clés faibles : ['assemblée', 'actionnaires', 'vote']"", ""année trouvée : 2024"", ""nom de l'entreprise détecté"", ""domaine officiel : totalenergies.com"", ""URL PDF directe"", ""classe documentaire : agm_document""]",[],C:\Users\hp\Desktop\ESG\AGMRetriever\data\dossier_ingestion_0\agm_documents\totalenergies\2024\candidates\candidate_005_score_98_0.pdf,C:\Users\hp\Desktop\ESG\AGMRetriever\data\dossier_ingestion_0\agm_documents\totalenergies\2024\candidates\candidate_005_manifest.json,6c78a4386e87c388104e63b88813e53f8c7cb3072cf8eb4c2b3e1485a30af804,0.1854,agm_document_candidate,high_score_candidate,5,2026-05-09T20:49:49+00:00,C:\Users\hp\Desktop\ESG\AGMRetriever\data\dossier_ingestion_0\agm_documents\totalenergies\2024\candidates\candidate_005_manifest.json
a5c9f3b88aa7cbf133355644,AGMRetriever,agm_document,TotalEnergies,totalenergies,2024,https://totalenergies.com/sites/g/files/nytnzq121/files/documents/2024-05/TotalEnergies_Brochure-avis-convocation_2024_fr_PDF.pdf,Avis de convocation - TotalEnergies,Je serais heureux de vous y retrouver afin que vous preniez part aux décisions importantes de votre Compagnie et que vous vous prononciez sur les projets de résolutions en assistant éventuellement à l’Assemblée générale.,ddgs,98.0,auto_download,"[""mots-clés secondaires AGM : ['assemblée générale', 'résolutions', 'resolutions']"", ""mots-clés faibles : ['assemblée', 'résolution', 'resolution']"", ""année trouvée : 2024"", ""nom de l'entreprise détecté"", ""domaine officiel : totalenergies.com"", ""URL PDF directe"", ""classe documentaire : agm_document""]",[],C:\Users\hp\Desktop\ESG\AGMRetriever\data\dossier_ingestion_0\agm_documents\totalenergies\2024\candidates\candidate_006_score_98_0.pdf,C:\Users\hp\Desktop\ESG\AGMRetriever\data\dossier_ingestion_0\agm_documents\totalenergies\2024\candidates\candidate_006_manifest.json,e8b5c6aba7158e3a27111808d94eb53723df10b2ccf8b964e4236b94bdc5b4ae,3.4637,agm_document_candidate,high_score_candidate,6,2026-05-09T20:49:50+00:00,C:\Users\hp\Desktop\ESG\AGMRetriever\data\dossier_ingestion_0\agm_documents\totalenergies\2024\candidates\candidate_006_manifest.json
d009d7878b3627e7966b6545,AGMRetriever,agm_document,TotalEnergies,totalenergies,2024,https://totalenergies.com/sites/g/files/nytnzq121/files/documents/2024-05/Totalenergies_Presentation-Assemblee-generale-2024_FR_PDF.pdf,Présentation « Assemblée générale 2024 » (PDF),PDF extrait depuis une page HTML. Page source : https://totalenergies.com/fr/investisseurs/assemblees-generales/archives. Titre page : Archives Assemblées générales TotalEnergies | TotalEnergies.com. Texte du lien : Présentation « Assemblée générale 2024 » (PDF).,html_pdf_resolver,100.0,auto_download,"[""mots-clés secondaires AGM : ['assemblée générale']"", ""mots-clés faibles : ['assemblée']"", ""année trouvée : 2024"", ""nom de l'entreprise détecté"", ""domaine officiel : totalenergies.com"", ""URL PDF directe"", ""nom de fichier AGM : ['assemblée-générale']"", ""classe documentaire : agm_document""]",[],C:\Users\hp\Desktop\ESG\AGMRetriever\data\dossier_ingestion_0\agm_documents\totalenergies\2024\candidates\candidate_007_score_100_0.pdf,C:\Users\hp\Desktop\ESG\AGMRetriever\data\dossier_ingestion_0\agm_documents\totalenergies\2024\candidates\candidate_007_manifest.json,6ef0f382d3fb0942f134c15928bc56922de78f11e0100be340489c8b0aefcbc7,2.0852,agm_document_candidate,high_score_candidate,7,2026-05-09T20:49:53+00:00,C:\Users\hp\Desktop\ESG\AGMRetriever\data\dossier_ingestion_0\agm_documents\totalenergies\2024\candidates\candidate_007_manifest.json
5395ab5dbe068f35dd22af6c,AGMRetriever,agm_document,TotalEnergies,totalenergies,2024,https://totalenergies.com/sites/g/files/nytnzq121/files/documents/2024-03/Avis-prealable-a-l-Assemblee-generale-mixte-publie-au-BALO-du-29-mars-2024.pdf.pdf,Avis préalable à l’Assemblée générale mixte publié au Bulletin des Annonces Légales Obligatoires du 29 mars 2024 (version PDF),PDF extrait depuis une page HTML. Page source : https://totalenergies.com/fr/investisseurs/assemblees-generales/archives. Titre page : Archives Assemblées générales TotalEnergies | TotalEnergies.com. Texte du lien : Avis préalable à l’Assemblée générale mixte publié au Bulletin des Annonces Légales Obligatoires du 29 mars 2024 (version PDF).,html_pdf_resolver,100.0,auto_download,"[""mots-clés secondaires AGM : ['assemblée générale']"", ""mots-clés faibles : ['assemblée']"", ""année trouvée : 2024"", ""nom de l'entreprise détecté"", ""domaine officiel : totalenergies.com"", ""URL PDF directe"", ""nom de fichier AGM : ['assemblée-générale']"", ""classe documentaire : agm_document""]",[],C:\Users\hp\Desktop\ESG\AGMRetriever\data\dossier_ingestion_0\agm_documents\totalenergies\2024\candidates\candidate_008_score_100_0.pdf,C:\Users\hp\Desktop\ESG\AGMRetriever\data\dossier_ingestion_0\agm_documents\totalenergies\2024\candidates\candidate_008_manifest.json,9c4f179756dc155d9ab7e1829dc1ce1c08ee98d3d804f5aa2fe4fedec15a34d2,0.5338,agm_document_candidate,high_score_candidate,8,2026-05-09T20:49:54+00:00,C:\Users\hp\Desktop\ESG\AGMRetriever\data\dossier_ingestion_0\agm_documents\totalenergies\2024\candidates\candidate_008_manifest.json
524021918634656da242bea3,AGMRetriever,agm_document,TotalEnergies,totalenergies,2024,https://totalenergies.com/sites/g/files/nytnzq121/files/documents/2023-05/AG2023_presentation-assemblee-generale.pdf,Présentation « Assemblée générale 2023 » (PDF),PDF extrait depuis une page HTML. Page source : https://totalenergies.com/fr/investisseurs/assemblees-generales/archives. Titre page : Archives Assemblées générales TotalEnergies | TotalEnergies.com. Texte du lien : Présentation « Assemblée générale 2023 » (PDF).,html_pdf_resolver,100.0,auto_download,"[""mots-clés secondaires AGM : ['assemblée générale']"", ""mots-clés faibles : ['assemblée']"", ""année trouvée : 2024"", ""nom de l'entreprise détecté"", ""domaine officiel : totalenergies.com"", ""URL PDF directe"", ""nom de fichier AGM : ['assemblée-générale']"", ""classe documentaire : agm_document""]",[],C:\Users\hp\Desktop\ESG\AGMRetriever\data\dossier_ingestion_0\agm_documents\totalenergies\2024\candidates\candidate_009_score_100_0.pdf,C:\Users\hp\Desktop\ESG\AGMRetriever\data\dossier_ingestion_0\agm_documents\totalenergies\2024\candidates\candidate_009_manifest.json,5520ec973540e165af87f33bcc18d65e669bed627f3c0e4c073db21a7df47630,2.2337,agm_document_candidate,high_score_candidate,9,2026-05-09T20:49:54+00:00,C:\Users\hp\Desktop\ESG\AGMRetriever\data\dossier_ingestion_0\agm_documents\totalenergies\2024\candidates\candidate_009_manifest.json
222fb29128ce2a799ce0b694,AGMRetriever,agm_document,TotalEnergies,totalenergies,2024,https://totalenergies.com/sites/g/files/nytnzq121/files/documents/2023-05/AG_2023_Brochure_avis_convocation_fr.pdf,Brochure Avis de Convocation – Assemblée générale mixte 2023,PDF extrait depuis une page HTML. Page source : https://totalenergies.com/fr/investisseurs/assemblees-generales/archives. Titre page : Archives Assemblées générales TotalEnergies | TotalEnergies.com. Texte du lien : Brochure Avis de Convocation – Assemblée générale mixte 2023.,html_pdf_resolver,100.0,auto_download,"[""mots-clés forts AGM : ['avis de convocation assemblée', 'convocation assemblée générale']"", ""mots-clés secondaires AGM : ['assemblée générale']"", ""année trouvée : 2024"", ""nom de l'entreprise détecté"", ""domaine officiel : totalenergies.com"", ""URL PDF directe"", ""classe documentaire : agm_document""]",[],C:\Users\hp\Desktop\ESG\AGMRetriever\data\dossier_ingestion_0\agm_documents\totalenergies\2024\candidates\candidate_010_score_100_0.pdf,C:\Users\hp\Desktop\ESG\AGMRetriever\data\dossier_ingestion_0\agm_documents\totalenergies\2024\candidates\candidate_010_manifest.json,488f12e9408f4cfdf26894f3dee374dc993adc3bd9fd69e21a30b5bcb12c9136,2.6395,agm_document_candidate,high_score_candidate,10,2026-05-09T20:49:55+00:00,C:\Users\hp\Desktop\ESG\AGMRetriever\data\dossier_ingestion_0\agm_documents\totalenergies\2024\candidates\candidate_010_manifest.json
eb76e701a7aed2ea2ad76b59,AGMRetriever,agm_document,TotalEnergies,totalenergies,2024,https://totalenergies.com/sites/g/files/nytnzq121/files/documents/2023-03/Avis_prealable_a_l-Assemblee_generale_mixte_publie_au_Bulletin_des_Annonces_Legales_Obligatoires_du_24_mars_2023.pdf,Avis préalable à l’Assemblée générale mixte publié au Bulletin des Annonces Légales Obligatoires du 24 mars 2023 (version pdf),PDF extrait depuis une page HTML. Page source : https://totalenergies.com/fr/investisseurs/assemblees-generales/archives. Titre page : Archives Assemblées générales TotalEnergies | TotalEnergies.com. Texte du lien : Avis préalable à l’Assemblée générale mixte publié au Bulletin des Annonces Légales Obligatoires du 24 mars 2023 (version pdf).,html_pdf_resolver,100.0,auto_download,"[""mots-clés secondaires AGM : ['assemblée générale']"", ""mots-clés faibles : ['assemblée']"", ""année trouvée : 2024"", ""nom de l'entreprise détecté"", ""domaine officiel : totalenergies.com"", ""URL PDF directe"", ""nom de fichier AGM : ['assemblée-générale']"", ""classe documentaire : agm_document""]",[],C:\Users\hp\Desktop\ESG\AGMRetriever\data\dossier_ingestion_0\agm_documents\totalenergies\2024\candidates\candidate_011_score_100_0.pdf,C:\Users\hp\Desktop\ESG\AGMRetriever\data\dossier_ingestion_0\agm_documents\totalenergies\2024\candidates\candidate_011_manifest.json,6139aafb0a1b9991083922122b1bfe0d68c41e87722a2ac71b217538c836e701,0.6822,agm_document_candidate,high_score_candidate,11,2026-05-09T20:49:55+00:00,C:\Users\hp\Desktop\ESG\AGMRetriever\data\dossier_ingestion_0\agm_documents\totalenergies\2024\candidates\candidate_011_manifest.json
df8717a2bcbd8c3ba77b13e3,AGMRetriever,agm_document,TotalEnergies,totalenergies,2024,https://totalenergies.com/sites/g/files/nytnzq121/files/documents/2024-05/TotalEnergies_Avis-convocation-paru-au-BALO-du-3-mai_2024_PDF.pdf,Avis de convocation de l’Assemblée générale mixte paru au BALO du 3 mai 2024 (version PDF),PDF extrait depuis une page HTML. Page source : https://totalenergies.com/fr/investisseurs/assemblees-generales/archives. Titre page : Archives Assemblées générales TotalEnergies | TotalEnergies.com. Texte du lien : Avis de convocation de l’Assemblée générale mixte paru au BALO du 3 mai 2024 (version PDF).,html_pdf_resolver,98.0,auto_download,"[""mots-clés secondaires AGM : ['assemblée générale']"", ""mots-clés faibles : ['assemblée']"", ""année trouvée : 2024"", ""nom de l'entreprise détecté"", ""domaine officiel : totalenergies.com"", ""URL PDF directe"", ""classe documentaire : agm_document""]",[],C:\Users\hp\Desktop\ESG\AGMRetriever\data\dossier_ingestion_0\agm_documents\totalenergies\2024\candidates\candidate_012_score_98_0.pdf,C:\Users\hp\Desktop\ESG\AGMRetriever\data\dossier_ingestion_0\agm_documents\totalenergies\2024\candidates\candidate_012_manifest.json,71d2edc9820a66c2fa34610d0d06cb98e59d894cfcfd7b5027a35e645ef9e25b,0.5311,agm_document_candidate,high_score_candidate,12,2026-05-09T20:49:56+00:00,C:\Users\hp\Desktop\ESG\AGMRetriever\data\dossier_ingestion_0\agm_documents\totalenergies\2024\candidates\candidate_012_manifest.json
6e514651b051709b3ab4ea12,AGMRetriever,agm_document,TotalEnergies,totalenergies,2024,https://totalenergies.com/sites/g/files/nytnzq121/files/documents/2023-05/AG2023_Resultats-des-votes-par-resolution_FR.pdf,Résultats des votes des résolutions (PDF),PDF extrait depuis une page HTML. Page source : https://totalenergies.com/fr/investisseurs/assemblees-generales/archives. Titre page : Archives Assemblées générales TotalEnergies | TotalEnergies.com. Texte du lien : Résultats des votes des résolutions (PDF).,html_pdf_resolver,98.0,auto_download,"[""mots-clés secondaires AGM : ['résolutions', 'resolutions']"", ""mots-clés faibles : ['assemblée', 'vote', 'résolution']"", ""année trouvée : 2024"", ""nom de l'entreprise détecté"", ""domaine officiel : totalenergies.com"", ""URL PDF directe"", ""classe documentaire : agm_document""]",[],C:\Users\hp\Desktop\ESG\AGMRetriever\data\dossier_ingestion_0\agm_documents\totalenergies\2024\candidates\candidate_013_score_98_0.pdf,C:\Users\hp\Desktop\ESG\AGMRetriever\data\dossier_ingestion_0\agm_documents\totalenergies\2024\candidates\candidate_013_manifest.json,e6be49e90b30d6ec6c4f8afaf64d35f14e27bda7c9378e79e035273eb8debc5e,0.2788,agm_document_candidate,high_score_candidate,13,2026-05-09T20:49:56+00:00,C:\Users\hp\Desktop\ESG\AGMRetriever\data\dossier_ingestion_0\agm_documents\totalenergies\2024\candidates\candidate_013_manifest.json
5fa4fc2b3531c4d05ea039e4,AGMRetriever,agm_document,TotalEnergies,totalenergies,2024,https://totalenergies.com/system/files/documents/2023-05/Avis_de_convocation_BALO_5_mai_2023.pdf,Avis de convocation de l’Assemblée générale mixte paru au BALO du 5 mai 2023 (version pdf),PDF extrait depuis une page HTML. Page source : https://totalenergies.com/fr/investisseurs/assemblees-generales/archives. Titre page : Archives Assemblées générales TotalEnergies | TotalEnergies.com. Texte du lien : Avis de convocation de l’Assemblée générale mixte paru au BALO du 5 mai 2023 (version pdf).,html_pdf_resolver,98.0,auto_download,"[""mots-clés secondaires AGM : ['assemblée générale']"", ""mots-clés faibles : ['assemblée']"", ""année trouvée : 2024"", ""nom de l'entreprise détecté"", ""domaine officiel : totalenergies.com"", ""URL PDF directe"", ""classe documentaire : agm_document""]",[],C:\Users\hp\Desktop\ESG\AGMRetriever\data\dossier_ingestion_0\agm_documents\totalenergies\2024\candidates\candidate_014_score_98_0.pdf,C:\Users\hp\Desktop\ESG\AGMRetriever\data\dossier_ingestion_0\agm_documents\totalenergies\2024\candidates\candidate_014_manifest.json,996a717a3ecfcd5f74da2ba6c9f9d521a310470deb842b615fae74acbbe1e4f5,0.6265,agm_document_candidate,high_score_candidate,14,2026-05-09T20:49:56+00:00,C:\Users\hp\Desktop\ESG\AGMRetriever\data\dossier_ingestion_0\agm_documents\totalenergies\2024\candidates\candidate_014_manifest.json
16b3106f0481708747951dbf,AGMRetriever,agm_document,TotalEnergies,totalenergies,2024,https://totalenergies.com/sites/g/files/nytnzq111/files/atoms/files/renseignements_concernant_les_administrateurs_dont_le_renouvellement_ou_la_nomination_est_propose_a_lassemblee_generale.pdf,Renseignements concernant les administrateurs dont le renouvellement ou la nomination est proposé à l’Assemblée générale (pdf - 136 Ko),PDF extrait depuis une page HTML. Page source : https://totalenergies.com/fr/investisseurs/assemblees-generales/archives. Titre page : Archives Assemblées générales TotalEnergies | TotalEnergies.com. Texte du lien : Renseignements concernant les administrateurs dont le renouvellement ou la nomination est proposé à l’Assemblée générale (pdf - 136 Ko).,html_pdf_resolver,93.0,auto_download,"[""mots-clés secondaires AGM : ['assemblée générale']"", ""mots-clés faibles : ['assemblée']"", ""nom de l'entreprise détecté"", ""domaine officiel : totalenergies.com"", ""URL PDF directe"", ""nom de fichier AGM : ['assemblée-générale']"", ""classe documentaire : agm_document""]",[],C:\Users\hp\Desktop\ESG\AGMRetriever\data\dossier_ingestion_0\agm_documents\totalenergies\2024\candidates\candidate_015_score_93_0.pdf,C:\Users\hp\Desktop\ESG\AGMRetriever\data\dossier_ingestion_0\agm_documents\totalenergies\2024\candidates\candidate_015_manifest.json,4e056b1ef6453f7cf1ec1bd82df581b5bb08f5f550317ad668bc7d991267bfb8,0.1341,agm_document_candidate,high_score_candidate,15,2026-05-09T20:49:57+00:00,C:\Users\hp\Desktop\ESG\AGMRetriever\data\dossier_ingestion_0\agm_documents\totalenergies\2024\candidates\candidate_015_manifest.json
5120b120ad1fa10c0e231d91,AnnualReportRetriever,annual_report,Air Liquide,air-liquide,2024,https://usa.airliquide.com/sites/al_us/files/2025-05/2024-integrated-annual-report.pdf,[PDF] 2024-integrated-annual-report.pdf - Air Liquide USA,"Performing with Integrated Annual Report Anna-Maria Pubill Melsió Combustion Team Leader, R&D, Air Liquide 2024 Contents Manifesto 03 Joint interview: Benoît Potier, Chairman of the Board of Directors & François Jackow, Chief Executive Officer 04 Highlights 08 Air Liquide in figures 11 12 Sustainable development: our commitments and 2024 results Joint Interview: Diana Schillag & Jérôme Pelletan, Executive Committee members 14 Our molecules, essential to industry and healthcare 17 A unique model 18 Innovation, driving our impact 20 OUR MODEL Interview with Annette Winkler, Director and Chairwoman of Air Liquide's Environment and Society Committee 41 The Board of Directors sets the strategic orientations 42 The Executive Committee steers the strategy 44 Making investment decisions 45 Managing risk 46 Steering our sustainability commitments 48 Upholding the Group’s ethical commitments 49 OUR GOVERNANCE Awards 51 Extra-financial ratings 52 Financial statements 53 Extra-financial reporting 54 Explore more 56 OUR PERFORMANCE OUR ADVANCES Our major advances worldwide 23 Our employees, at the heart of the Air Liquide’s long-term performance 34 Building tomorrow with our stakeholders 38 In Rotterdam, a CO2 Transportation and Storage Project to decarbonize European industry 24 ECO ORIGIN TM: a range of low-carbon industrial and medical gases 27 Renewable and low-carbon hydrogen for TotalEnergies’ Grandpuits biorefinery 30 Towards better management of sleep apnea in Italy 32 An investment project for low-carbon oxygen production in the Americas 26 An electrolyzer to accelerate the decarbonization of German industry 29 Electrification and renewable energy in Tianjin 28 Supporting the semiconductor industry while reducing its environmental footprint 31 Access Oxygen™ deployed in Mali 33  Access the digital version INTEGRATED ANNUAL REPORT 2024 AIR LIQUIDE CONTENTS 2 Manifesto T he mastery of small molecules essential to life, energy, and matter has great impacts for the world.",tavily,100.0,auto_download,"[""année fiscale trouvée : 2024"", ""mots-clés forts rapport annuel : ['annual report']"", ""nom de l'entreprise détecté"", ""domaine officiel détecté : usa.airliquide.com"", ""URL PDF directe"", ""nom de fichier PDF compatible : ['annualreport']"", ""signaux de périmètre groupe : ['group']"", ""classe documentaire : main_annual_report""]",[],C:\Users\hp\Desktop\ESG\AnnualReportRetriever\data\dossier_ingestion_0\annual_reports\air-liquide\2024\annual_report.pdf,C:\Users\hp\Desktop\ESG\AnnualReportRetriever\data\dossier_ingestion_0\annual_reports\air-liquide\2024\manifest.json,6b522790fa357c4e454cafb605fad1ad3a448ff405985db5ac3e7de01014ab1f,32.2359,annual_report,final_selected_document,0,2026-05-09T18:49:10+00:00,C:\Users\hp\Desktop\ESG\AnnualReportRetriever\data\dossier_ingestion_0\annual_reports\air-liquide\2024\manifest.json
52855e64ce5845132f51e2a9,AnnualReportRetriever,annual_report,BNP Paribas,bnp-paribas,2024,https://cdn-group.bnpparibas.com/uploads/file/BNP-Paribas-Integrated-Report-2024.pdf,[PDF] 2024 INTEGRATED REPORT - Groupe BNP Paribas,"As a leader in banking and financial services in Europe,  BNP Paribas is  strong, resilient and profitable and is a major player in financing the economy, the transformations under way, and in supporting Europe’s sovereignty in strategic sectors. This will be particularly beneficial to our division given the launch, by Commercial & Personal Banking in France (CPBF) and BNP Paribas Personal Finance, of a strategic roadmap aimed at increasing their profitability. BNP Paribas’ support is multidimensional: in addition to this investment, Meet My Mama is also a client of CPBF’s Act for Impact programme and its Mamas benefit from a dedicated banking offer (see page 76). In order to put into perspective all of our progress in financial and social inclusion, BNP Paribas published, for the first time in 2024, the Positive Impact Business Accelerator’s activity and social performance report, as well as its third microfinance social performance report. A subsidiary of EDF and BNP Paribas Personal Finance, Domofinance is the only financial institution in France dedicated to financing energy renovation and home improvement projects.",tavily,100.0,auto_download,"[""année fiscale trouvée : 2024"", ""mots-clés forts rapport annuel : ['integrated report']"", ""nom de l'entreprise détecté"", ""domaine officiel détecté : cdn-group.bnpparibas.com"", ""URL PDF directe"", ""nom de fichier PDF compatible : ['integratedreport']"", ""signaux de périmètre groupe : ['group', 'groupe']"", ""classe documentaire : integrated_report""]","[""contexte filiale / produit / émetteur spécifique : ['subsidiary']""]",C:\Users\hp\Desktop\ESG\AnnualReportRetriever\data\dossier_ingestion_0\annual_reports\bnp-paribas\2024\annual_report.pdf,C:\Users\hp\Desktop\ESG\AnnualReportRetriever\data\dossier_ingestion_0\annual_reports\bnp-paribas\2024\manifest.json,9fc754d47162512181a6f7cef448ba76a78ece624fe335f6abfdcc12930e0a7b,6.2106,annual_report,final_selected_document,0,2026-05-09T18:49:33+00:00,C:\Users\hp\Desktop\ESG\AnnualReportRetriever\data\dossier_ingestion_0\annual_reports\bnp-paribas\2024\manifest.json
7e11bfd5247ebeea6357c940,AnnualReportRetriever,annual_report,LVMH,lvmh,2024,https://lvmh-com.cdn.prismic.io/lvmh-com/Z-PY3HdAxsiBv6wN_UniversalRegistrationDocument2024.pdf,LVMH 2024 Universal Registration Document. - Prismic,"From the 14th century to the present 14th century 1365 Le Clos des Lambrays 16th century 1593 Château d’Yquem 18th century 1729 Ruinart 1743 Moët & Chandon 1765 Hennessy 1772 Veuve Clicquot 1780 Chaumet 19th century 1803 Officine Universelle Buly 1815 Ardbeg 1817 Cova 1828 Guerlain 1832 Château Cheval Blanc 1837 Tiffany & Co. 1839 L’Epée 1839 1843 Krug Glenmorangie 1846 Loewe 1849 Royal Van Lent 1852 Le Bon Marché 1854 Louis Vuitton 1858 Mercier 1860 TAG Heuer Jardin d’Acclimatation 1865 Zenith 1870 La Samaritaine 1884 Bulgari 1895 Berluti 1898 Rimowa 20th century 1908 Les Echos 1914 Patou 1916 Acqua di Parma 1923 La Grande Épicerie de Paris 1924 Loro Piana 1925 Fendi 1936 Dom Pérignon Fred Minuty 1944 Le Parisien-Aujourd’hui en France 1945 Celine 1946 Christian Dior Couture 1947 Parfums Christian Dior Emilio Pucci 1949 Paris Match 1952 Givenchy Connaissance des Arts 1955 Château Galoupet 1957 Parfums Givenchy Repossi Vuarnet 1959 Chandon 1960 DFS 1969 Sephora 1970 Kenzo 1972 Perfumes Loewe 1973 Joseph Phelps 1974 Investir-Le Journal des Finances 1976 Benefit Cosmetics Belmond 1977 Newton vineyard 1980 Hublot 1983 Radio Classique Ole Henriksen 1984 Marc Jacobs Make Up For Ever 1985 Cloudy Bay 1988 Kenzo Parfums 1991 Fresh 1992 Colgin Cellars 1993 Belvedere 1996 Terrazas de los Andes 1998 Bodega Numanthia 1999 Cheval des Andes 21st century 2006 Armand de Brignac Château d’Esclans Maisons Cheval Blanc 2007 Barton Perreira 2008 KVD Vegan Beauty 2009 Maison Francis Kurkdjian 2010 Woodinville 2013 Ao Yun 2017 Fenty Beauty by Rihanna Volcán de mi Tierra 2020 Eminente 2024 SirDavis ﻿ 2 2024 Universal Registration Document FINANCIAL HIGHLIGHTS Revenue ( EUR millions) 79,184 86,153 84,683 2022 2023 2024 Profit from recurring operations ( EUR millions) 21,055 22,802 19,571 2022 2023 2024 Stores ( number) 5,664 6,097 6,307 2022 2023 2024 Change in revenue by business group ( EUR millions and percentage) 2024 2023 2024/2023 Change 2022 Published Organic (a) Wines and Spirits 5,862 6,602",tavily,100.0,auto_download,"[""année fiscale trouvée : 2024"", ""mots-clés forts rapport annuel : ['universal registration document']"", ""nom de l'entreprise détecté"", ""URL PDF directe"", ""nom de fichier PDF compatible : ['universalregistrationdocument']"", ""signaux de périmètre groupe : ['group', 'universal registration document']"", ""CDN/asset host plausible pour PDF officiel : lvmh-com.cdn.prismic.io"", ""classe documentaire : universal_registration_document""]","[""domaine non officiel : lvmh-com.cdn.prismic.io""]",C:\Users\hp\Desktop\ESG\AnnualReportRetriever\data\dossier_ingestion_0\annual_reports\lvmh\2024\candidates\candidate_001_score_100_0.pdf,C:\Users\hp\Desktop\ESG\AnnualReportRetriever\data\dossier_ingestion_0\annual_reports\lvmh\2024\candidates\candidate_001_manifest.json,4e67ffaaae7f880fd24e837c30f10c08b0a087ca1b4314dade86e7b5d32c12cb,7.7547,annual_report_candidate,high_score_candidate,1,2026-05-09T18:03:44+00:00,C:\Users\hp\Desktop\ESG\AnnualReportRetriever\data\dossier_ingestion_0\annual_reports\lvmh\2024\candidates\candidate_001_manifest.json
110d9a71319ef4d45443366a,AnnualReportRetriever,annual_report,LVMH,lvmh,2024,https://lvmh-com.cdn.prismic.io/lvmh-com/Z-PY3HdAxsiBv6wN_UniversalRegistrationDocument2024.pdf,LVMH 2024 Universal Registration Document. - Prismic,"From the 14th century to the present 14th century 1365 Le Clos des Lambrays 16th century 1593 Château d’Yquem 18th century 1729 Ruinart 1743 Moët & Chandon 1765 Hennessy 1772 Veuve Clicquot 1780 Chaumet 19th century 1803 Officine Universelle Buly 1815 Ardbeg 1817 Cova 1828 Guerlain 1832 Château Cheval Blanc 1837 Tiffany & Co. 1839 L’Epée 1839 1843 Krug Glenmorangie 1846 Loewe 1849 Royal Van Lent 1852 Le Bon Marché 1854 Louis Vuitton 1858 Mercier 1860 TAG Heuer Jardin d’Acclimatation 1865 Zenith 1870 La Samaritaine 1884 Bulgari 1895 Berluti 1898 Rimowa 20th century 1908 Les Echos 1914 Patou 1916 Acqua di Parma 1923 La Grande Épicerie de Paris 1924 Loro Piana 1925 Fendi 1936 Dom Pérignon Fred Minuty 1944 Le Parisien-Aujourd’hui en France 1945 Celine 1946 Christian Dior Couture 1947 Parfums Christian Dior Emilio Pucci 1949 Paris Match 1952 Givenchy Connaissance des Arts 1955 Château Galoupet 1957 Parfums Givenchy Repossi Vuarnet 1959 Chandon 1960 DFS 1969 Sephora 1970 Kenzo 1972 Perfumes Loewe 1973 Joseph Phelps 1974 Investir-Le Journal des Finances 1976 Benefit Cosmetics Belmond 1977 Newton vineyard 1980 Hublot 1983 Radio Classique Ole Henriksen 1984 Marc Jacobs Make Up For Ever 1985 Cloudy Bay 1988 Kenzo Parfums 1991 Fresh 1992 Colgin Cellars 1993 Belvedere 1996 Terrazas de los Andes 1998 Bodega Numanthia 1999 Cheval des Andes 21st century 2006 Armand de Brignac Château d’Esclans Maisons Cheval Blanc 2007 Barton Perreira 2008 KVD Vegan Beauty 2009 Maison Francis Kurkdjian 2010 Woodinville 2013 Ao Yun 2017 Fenty Beauty by Rihanna Volcán de mi Tierra 2020 Eminente 2024 SirDavis ﻿ 2 2024 Universal Registration Document FINANCIAL HIGHLIGHTS Revenue ( EUR millions) 79,184 86,153 84,683 2022 2023 2024 Profit from recurring operations ( EUR millions) 21,055 22,802 19,571 2022 2023 2024 Stores ( number) 5,664 6,097 6,307 2022 2023 2024 Change in revenue by business group ( EUR millions and percentage) 2024 2023 2024/2023 Change 2022 Published Organic (a) Wines and Spirits 5,862 6,602",tavily,100.0,auto_download,"[""année fiscale trouvée : 2024"", ""mots-clés forts rapport annuel : ['universal registration document']"", ""nom de l'entreprise détecté"", ""URL PDF directe"", ""nom de fichier PDF compatible : ['universalregistrationdocument']"", ""signaux de périmètre groupe : ['group', 'universal registration document']"", ""CDN/asset host plausible pour PDF officiel : lvmh-com.cdn.prismic.io"", ""classe documentaire : universal_registration_document""]","[""domaine non officiel : lvmh-com.cdn.prismic.io""]",C:\Users\hp\Desktop\ESG\AnnualReportRetriever\data\dossier_ingestion_0\annual_reports\lvmh\2024\candidates\candidate_002_score_100_0.pdf,C:\Users\hp\Desktop\ESG\AnnualReportRetriever\data\dossier_ingestion_0\annual_reports\lvmh\2024\candidates\candidate_002_manifest.json,4e67ffaaae7f880fd24e837c30f10c08b0a087ca1b4314dade86e7b5d32c12cb,7.7547,annual_report_candidate,high_score_candidate,2,2026-05-09T18:07:32+00:00,C:\Users\hp\Desktop\ESG\AnnualReportRetriever\data\dossier_ingestion_0\annual_reports\lvmh\2024\candidates\candidate_002_manifest.json
bb277f48e4758aaa98356792,AnnualReportRetriever,annual_report,LVMH,lvmh,2024,https://r.lvmh-static.com/uploads/2024/03/lvmh_rapport-annuel-2023.pdf,lvmh_rapport-annuel-2023.pdf,No information is available for this page. · Learn why,tavily,100.0,auto_download,"[""année fiscale trouvée : 2024"", ""mots-clés forts rapport annuel : ['rapport annuel']"", ""nom de l'entreprise détecté"", ""URL PDF directe"", ""nom de fichier PDF compatible : ['rapportannuel']"", ""classe documentaire : main_annual_report""]","[""domaine non officiel : r.lvmh-static.com""]",C:\Users\hp\Desktop\ESG\AnnualReportRetriever\data\dossier_ingestion_0\annual_reports\lvmh\2024\annual_report.pdf,C:\Users\hp\Desktop\ESG\AnnualReportRetriever\data\dossier_ingestion_0\annual_reports\lvmh\2024\manifest.json,344e51fa8b0fce588abb1fe44dba4eda378a840f9377c7b5a7b17cbfd33bef26,30.3619,annual_report,final_selected_document,0,2026-05-09T18:48:25+00:00,C:\Users\hp\Desktop\ESG\AnnualReportRetriever\data\dossier_ingestion_0\annual_reports\lvmh\2024\manifest.json
c03c868df3089ac9373db003,AnnualReportRetriever,annual_report,Schneider Electric,schneider-electric,2024,https://www.se.com/ww/en/assets/564/document/511188/Integrated-report-2024.pdf?p_enDocType=Financial+release&p_File_Name=Integrated+report+2024,[PDF] Integrated report 2024 - Schneider Electric,2024 was a year of Impact driven by a strong focus on execution across the Group. We delivered against ambitious financial and extra-financial,tavily,100.0,auto_download,"[""année fiscale trouvée : 2024"", ""mots-clés forts rapport annuel : ['integrated report']"", ""nom de l'entreprise détecté"", ""domaine officiel détecté : se.com"", ""URL PDF directe"", ""nom de fichier PDF compatible : ['integratedreport']"", ""signaux de périmètre groupe : ['group']"", ""classe documentaire : integrated_report""]",[],C:\Users\hp\Desktop\ESG\AnnualReportRetriever\data\dossier_ingestion_0\annual_reports\schneider-electric\2024\candidates\candidate_001_score_100_0.pdf,C:\Users\hp\Desktop\ESG\AnnualReportRetriever\data\dossier_ingestion_0\annual_reports\schneider-electric\2024\candidates\candidate_001_manifest.json,5c7265d598ec27abd353fa355dd6830b346c4f564701fea6db373b661af4f349,26.721,annual_report_candidate,high_score_candidate,1,2026-05-09T16:23:43+00:00,C:\Users\hp\Desktop\ESG\AnnualReportRetriever\data\dossier_ingestion_0\annual_reports\schneider-electric\2024\candidates\candidate_001_manifest.json
21013a3ef75da80fbde9b001,AnnualReportRetriever,annual_report,Schneider Electric,schneider-electric,2024,https://www.se.com/ww/en/assets/564/document/510443/2024-universal-registration-document.pdf?,[PDF] 2024 Universal Registration Document - Schneider Electric,"5.1 Principal activities 5.1.1 Nature of transactions made by the Company and its principal activities Integrated Report 6–9, 23–27 5.1.2 New products/services launched on the market Integrated Report 20–21 5.2 Principal markets Integrated Report 23–27 5.3 Exceptional events N/A N/A 5.4 Strategy and objectives Integrated Report Chapter 1, section 1.1 Chapter 1, section 1.4 Chapter 1, section 1.5 2–9 50 59–60 61–64 5.5 Dependence on patents, licenses, contracts, or new manufacturing processes Chapter 3, section 3.4 374–375, 384 5.6 Competitive position N/A N/A 5.7 Investments 5.7.1 Principle investments realized during each year of the period covered by the historical financial information until the date of the Universal Registration Document Chapter 5, section 5.7 567 5.7.2 Major investments planned by the issuer and for which the management bodies have already taken a firm commitment N/A N/A 5.7.3 Information on significant shareholdings in companies Chapter 5, section 5.5 555–561 5.7.4 Environmental issues potentially affecting the use of the tangible fixed assets N/A N/A.",tavily,100.0,auto_download,"[""année fiscale trouvée : 2024"", ""mots-clés forts rapport annuel : ['universal registration document', 'integrated report']"", ""nom de l'entreprise détecté"", ""domaine officiel détecté : se.com"", ""URL PDF directe"", ""nom de fichier PDF compatible : ['universalregistrationdocument']"", ""signaux de périmètre groupe : ['universal registration document']"", ""classe documentaire : universal_registration_document""]","[""contexte filiale / produit / émetteur spécifique : ['issuer']""]",C:\Users\hp\Desktop\ESG\AnnualReportRetriever\data\dossier_ingestion_0\annual_reports\schneider-electric\2024\candidates\candidate_002_score_100_0.pdf,C:\Users\hp\Desktop\ESG\AnnualReportRetriever\data\dossier_ingestion_0\annual_reports\schneider-electric\2024\candidates\candidate_002_manifest.json,88c05720bf7d3f9e3ae2e4fc69c45687da3d7cc88d002f338f538003c4e8e98a,13.9516,annual_report_candidate,high_score_candidate,2,2026-05-09T16:23:44+00:00,C:\Users\hp\Desktop\ESG\AnnualReportRetriever\data\dossier_ingestion_0\annual_reports\schneider-electric\2024\candidates\candidate_002_manifest.json
02f6a88e6c59c374aaa8c0a4,AnnualReportRetriever,annual_report,Schneider Electric,schneider-electric,2024,https://www.se.com/ww/en/assets/564/document/510427/release-2024-universal-registration-document-available.pdf?p_enDocType=Financialrelease&p_File_Name=2024UniversalRegistrationDocumentavailable,2024 Universal Registration Document available - Schneider Electric,The following documents are included in the 2024 Universal Registration Document: • 2024 Annual Financial Report;. • Annual management report of the Board,tavily,100.0,auto_download,"[""année fiscale trouvée : 2024"", ""mots-clés forts rapport annuel : ['annual financial report', 'universal registration document']"", ""nom de l'entreprise détecté"", ""domaine officiel détecté : se.com"", ""URL PDF directe"", ""nom de fichier PDF compatible : ['universalregistrationdocument']"", ""signaux de périmètre groupe : ['annual financial report', 'universal registration document']"", ""classe documentaire : universal_registration_document""]",[],C:\Users\hp\Desktop\ESG\AnnualReportRetriever\data\dossier_ingestion_0\annual_reports\schneider-electric\2024\candidates\candidate_003_score_100_0.pdf,C:\Users\hp\Desktop\ESG\AnnualReportRetriever\data\dossier_ingestion_0\annual_reports\schneider-electric\2024\candidates\candidate_003_manifest.json,b29c2caed223376c4fc95b6bc45e0102cfef042bff8f276f8cfefe60e50356aa,0.1192,annual_report_candidate,high_score_candidate,3,2026-05-09T16:23:45+00:00,C:\Users\hp\Desktop\ESG\AnnualReportRetriever\data\dossier_ingestion_0\annual_reports\schneider-electric\2024\candidates\candidate_003_manifest.json
f012ee5ff2ed9fb6a06cbd76,AnnualReportRetriever,annual_report,Schneider Electric,schneider-electric,2024,https://www.se.com/ww/fr/assets/342/document/510443/2024-document-enregistrement-universel.pdf,[PDF] Document d'Enregistrement Universel 2024 - Schneider Electric,Ce Document d'Enregistrement Universel est une reproduction au format PDF de la version officielle du. Document d'Enregistrement Universel,tavily,100.0,auto_download,"[""année fiscale trouvée : 2024"", ""mots-clés forts rapport annuel : [\""document d'enregistrement universel\"", 'document d enregistrement universel']"", ""nom de l'entreprise détecté"", ""domaine officiel détecté : se.com"", ""URL PDF directe"", ""signaux de périmètre groupe : [\""document d'enregistrement universel\"", 'document d enregistrement universel']"", ""classe documentaire : universal_registration_document""]",[],C:\Users\hp\Desktop\ESG\AnnualReportRetriever\data\dossier_ingestion_0\annual_reports\schneider-electric\2024\candidates\candidate_004_score_100_0.pdf,C:\Users\hp\Desktop\ESG\AnnualReportRetriever\data\dossier_ingestion_0\annual_reports\schneider-electric\2024\candidates\candidate_004_manifest.json,89d162c4a20b0b532fd6c15021ed8bf6cf65551b34fa5c5a0b757b0fa03ce25d,13.9201,annual_report_candidate,high_score_candidate,4,2026-05-09T16:23:47+00:00,C:\Users\hp\Desktop\ESG\AnnualReportRetriever\data\dossier_ingestion_0\annual_reports\schneider-electric\2024\candidates\candidate_004_manifest.json
4be24d46b96ab8224a21a0ae,AnnualReportRetriever,annual_report,Schneider Electric,schneider-electric,2024,https://www.se.com/ww/en/assets/564/document/511188/Integrated-report-2024.pdf?p_enDocType=Financial+release&p_File_Name=Integrated+report+2024,[PDF] Integrated report 2024 - Schneider Electric,2024 was a year of Impact driven by a strong focus on execution across the Group. We delivered against ambitious financial and extra-financial,tavily,100.0,auto_download,"[""année fiscale trouvée : 2024"", ""mots-clés forts rapport annuel : ['integrated report']"", ""nom de l'entreprise détecté"", ""domaine officiel détecté : se.com"", ""URL PDF directe"", ""nom de fichier PDF compatible : ['integratedreport']"", ""signaux de périmètre groupe : ['group']"", ""classe documentaire : integrated_report""]",[],C:\Users\hp\Desktop\ESG\AnnualReportRetriever\data\dossier_ingestion_0\annual_reports\schneider-electric\2024\annual_report.pdf,C:\Users\hp\Desktop\ESG\AnnualReportRetriever\data\dossier_ingestion_0\annual_reports\schneider-electric\2024\manifest.json,5c7265d598ec27abd353fa355dd6830b346c4f564701fea6db373b661af4f349,26.721,annual_report,final_selected_document,0,2026-05-09T18:49:57+00:00,C:\Users\hp\Desktop\ESG\AnnualReportRetriever\data\dossier_ingestion_0\annual_reports\schneider-electric\2024\manifest.json
6a200102f172136fb22119b8,AnnualReportRetriever,annual_report,TotalEnergies,totalenergies,2024,https://totalenergies.com/system/files/documents/totalenergies_universal-registration-document-2024_2025_en.pdf,[PDF] 2024 Universal Registration Document (PDF version) - Total Energies,Contents 1 Presentation of the Company – Integrated report 5 1.1 TotalEnergies at a glance 6 1.2 Our transition strategy 14 1.3 Climate and Sustainable Energy 20 1.4 Our approach to sustainable development 28 1.5 Our investment policy 34 1.6 Innovation for the transition strategy of TotalEnergies 37 1.7 Our strengths 40 1.8 Our governance 43 1.9 Our financial performance 49 2 Business overview for fiscal year 2024 71 2.1 Upstream oil and gas activities 72 2.2 Exploration & Production segment 83 2.3 Integrated LNG segment 91 2.4 Integrated Power Segment 100 2.5 Refining & Chemicals segment 112 2.6 Marketing & Services segment 123 3 Risks and control 131 3.1 Risk factors 132 3.2 Countries under economic sanctions 141 3.3 Internal control and risk management procedures 145 3.4 Insurance and risk management 152 3.5 Legal and arbitration proceedings 153 3.6 Vigilance Plan 154 4 Report on corporate governance 189 4.1 Administration and management bodies 190 4.2 Statement regarding corporate governance 239 4.3 Compensation for the administration and management bodies 239 4.4 Additional information about corporate governance 268 4.5 Statutory auditors’ report on related party agreements 273 5 Sustainability reporting under the CSRD 275 5.1 General information (ESRS 2) 276 5.2 Environmental information 319 5.3 Social information 371 5.4 Governance information 409 5.5 Certification reports of the statutory auditors 416 6 TotalEnergies and its shareholders 421 6.1 Listing details 422 6.2 Shareholder return and dividend 425 6.3 Share buybacks 429 6.4 Shareholders 432 6.5 Information for foreign shareholders 434 6.6 Investor relations 435 7 General information 441 7.1 Share capital 442 7.2 Articles of Association; other information 443 7.3 Historical financial information and additional information 446 8 Consolidated Financial Statements 449 8.1 Statutory auditors’ report on the consolidated financial statements 450 8.2 Consolidated statement of income 455 8.3 Consolidated statement of comprehensive income 456 8.4 Consolidated balance sheet 457 8.5 Consolidated statement of cash flow 458 8.6 Consolidated statement of changes,tavily,100.0,auto_download,"[""année fiscale trouvée : 2024"", ""mots-clés forts rapport annuel : ['universal registration document', 'integrated report']"", ""nom de l'entreprise détecté"", ""domaine officiel détecté : totalenergies.com"", ""URL PDF directe"", ""nom de fichier PDF compatible : ['universalregistrationdocument']"", ""signaux de périmètre groupe : ['consolidated', 'universal registration document']"", ""classe documentaire : universal_registration_document""]",[],C:\Users\hp\Desktop\ESG\AnnualReportRetriever\data\dossier_ingestion_0\annual_reports\totalenergies\2024\annual_report.pdf,C:\Users\hp\Desktop\ESG\AnnualReportRetriever\data\dossier_ingestion_0\annual_reports\totalenergies\2024\manifest.json,c0294fa903042125e9347c0592847defd97f5da88182a640162598828d33b4f0,16.3762,annual_report,final_selected_document,0,2026-05-09T18:48:46+00:00,C:\Users\hp\Desktop\ESG\AnnualReportRetriever\data\dossier_ingestion_0\annual_reports\totalenergies\2024\manifest.json
d067eb3f1661279b78b8c3cf,AssuranceReportRetriever,assurance_report,LVMH,lvmh,2024,https://www.lockheedmartin.com/content/dam/lockheed-martin/eo/documents/sustainability/2025/2024-assurance-statement_lmco.pdf,FY2024 Assurance Statement_Draft_LMCO_03.26.25_v3 - Copy,"Scope and approach This assurance engagement was planned and has been carried out in accordance with AA1000 Assurance Standard (AA1000AS) v3, Type 2 engagement, and the International Standard on Assurance Engagements 3000 (“ISAE 3000 – July 2020”).",ddgs,100.0,auto_download,"[""mots-clés forts assurance : ['aa1000 assurance']"", ""mots-clés secondaires : ['assurance']"", ""année trouvée : 2024"", ""URL PDF directe"", ""nom de fichier assurance : ['assurance-statement']"", ""classe documentaire : assurance_report""]",[],C:\Users\hp\Desktop\ESG\AssuranceReportRetriever\data\dossier_ingestion_0\assurance_reports\lvmh\2024\candidates\candidate_001_score_100_0.pdf,C:\Users\hp\Desktop\ESG\AssuranceReportRetriever\data\dossier_ingestion_0\assurance_reports\lvmh\2024\candidates\candidate_001_manifest.json,25b27a8258de98fe7d8f2d09a71fe9b6392067e2166a71092386d5b716ba8f02,0.3254,assurance_report_candidate,high_score_candidate,1,2026-05-09T20:41:26+00:00,C:\Users\hp\Desktop\ESG\AssuranceReportRetriever\data\dossier_ingestion_0\assurance_reports\lvmh\2024\candidates\candidate_001_manifest.json
ca60a0682ec34cd8f2363a75,AssuranceReportRetriever,assurance_report,Schneider Electric,schneider-electric,2024,https://eu-assets.contentstack.com/v3/assets/blt93c8bc7a598af9f0/blt359d461aad4989ee/69b3470022822b39d2640820/erm-cvs-limited-assurance-report-for-reckitt-2024-19-mar-25_(2).pdf,Independent Limited Assurance Report,ERM Certification and Verification Services Limited (“ERM CVS”) was engaged by Reckitt Benckiser Group plc (“Reckitt”) to provide limited assurance in relation to the Selected Information set out below and presented in the Reckitt Sustainability Report 2024 and the ESG Data Book 2024...,ddgs,100.0,auto_download,"[""mots-clés forts assurance : ['limited assurance report']"", ""mots-clés secondaires : ['assurance', 'verification', 'vérification']"", ""année trouvée : 2024"", ""URL PDF directe"", ""nom de fichier assurance : ['assurance-report', 'assurance_report']"", ""classe documentaire : assurance_report""]",[],C:\Users\hp\Desktop\ESG\AssuranceReportRetriever\data\dossier_ingestion_0\assurance_reports\schneider-electric\2024\candidates\candidate_001_score_100_0.pdf,C:\Users\hp\Desktop\ESG\AssuranceReportRetriever\data\dossier_ingestion_0\assurance_reports\schneider-electric\2024\candidates\candidate_001_manifest.json,1ded281f7ef3c4927bf462a3e30a71d245903ecb43072c406371d76d4bbbf2c6,0.1783,assurance_report_candidate,high_score_candidate,1,2026-05-09T20:43:02+00:00,C:\Users\hp\Desktop\ESG\AssuranceReportRetriever\data\dossier_ingestion_0\assurance_reports\schneider-electric\2024\candidates\candidate_001_manifest.json
98cfddd04be47e467f78fc27,AssuranceReportRetriever,assurance_report,Schneider Electric,schneider-electric,2024,https://www.segro.com/media/3o1fmmrn/41006590200001-segro-2024-isae-3000-statement-final-4225.pdf,ISAE 3000 Assurance Statement,"SEGRO PLC ISAE 3000 Assurance Statement. 4 February 2025 SLR Project No.: 410.065902.00001. 7 A review of group-wide data consolidation and reporting to check for errors or omissions in data analysis, consistency with underlying data sets and reasonableness of reporting.",ddgs,95.0,auto_download,"[""mots-clés forts assurance : ['isae 3000 assurance']"", ""mots-clés secondaires : ['assurance']"", ""année trouvée : 2024"", ""URL PDF directe"", ""classe documentaire : assurance_report""]",[],C:\Users\hp\Desktop\ESG\AssuranceReportRetriever\data\dossier_ingestion_0\assurance_reports\schneider-electric\2024\candidates\candidate_002_score_95_0.pdf,C:\Users\hp\Desktop\ESG\AssuranceReportRetriever\data\dossier_ingestion_0\assurance_reports\schneider-electric\2024\candidates\candidate_002_manifest.json,2275703136143c027bb67f92a02d879a93d2d762ff4715afbee458f4598960d1,0.2649,assurance_report_candidate,high_score_candidate,2,2026-05-09T20:43:03+00:00,C:\Users\hp\Desktop\ESG\AssuranceReportRetriever\data\dossier_ingestion_0\assurance_reports\schneider-electric\2024\candidates\candidate_002_manifest.json
8df0d003af096a9c7e737e60,AssuranceReportRetriever,assurance_report,TotalEnergies,totalenergies,2024,https://totalenergies.com/sites/g/files/nytnzq121/files/documents/totalenergies_tax-transparency-report-2024-statutory-auditors-report-section-4_2026_en.pdf,TotalEnergies SE,"Statutory auditors’ reasonable assurance report on the identified information included in section 4 of TotalEnergies SE’s Tax Transparency Report for the year ended December 31, 2024",ddgs,100.0,auto_download,"[""mots-clés forts assurance : ['reasonable assurance report']"", ""mots-clés secondaires : ['assurance', 'reasonable assurance']"", ""année trouvée : 2024"", ""nom de l'entreprise détecté"", ""domaine officiel : totalenergies.com"", ""URL PDF directe"", ""classe documentaire : assurance_report""]",[],C:\Users\hp\Desktop\ESG\AssuranceReportRetriever\data\dossier_ingestion_0\assurance_reports\totalenergies\2024\candidates\candidate_001_score_100_0.pdf,C:\Users\hp\Desktop\ESG\AssuranceReportRetriever\data\dossier_ingestion_0\assurance_reports\totalenergies\2024\candidates\candidate_001_manifest.json,c414387fbd2a50f0a1f1c78d492bc1e4b867977df6187d012e48ac1a8b8d2485,1.53,assurance_report_candidate,high_score_candidate,1,2026-05-09T20:42:18+00:00,C:\Users\hp\Desktop\ESG\AssuranceReportRetriever\data\dossier_ingestion_0\assurance_reports\totalenergies\2024\candidates\candidate_001_manifest.json
6fc140078e12bc7e9c33593a,AssuranceReportRetriever,assurance_report,TotalEnergies,totalenergies,2024,https://splendid-triumph-d1b9429d86.media.strapiapp.com/AA_1000_AS_v3_Guidance_for_Assurance_Providers_Feb_2024_3ddfbb9049.pdf,AA1000AS v3 Guidance for Assurance Providers_Feb 2024,"This latest version of the AA1000 Assurance Standard and Guidance Document advances AccountAbility’s legacy (over 25 years) of delivering universally-applied sustainability guidance to organisations small and large, spanning industry sectors and geographies.",ddgs,95.0,auto_download,"[""mots-clés forts assurance : ['aa1000 assurance']"", ""mots-clés secondaires : ['assurance', 'assurance provider']"", ""année trouvée : 2024"", ""URL PDF directe"", ""classe documentaire : assurance_report""]",[],C:\Users\hp\Desktop\ESG\AssuranceReportRetriever\data\dossier_ingestion_0\assurance_reports\totalenergies\2024\candidates\candidate_002_score_95_0.pdf,C:\Users\hp\Desktop\ESG\AssuranceReportRetriever\data\dossier_ingestion_0\assurance_reports\totalenergies\2024\candidates\candidate_002_manifest.json,684918b2013757cf105b2d32c0887d064cfae61666489a3cd78eed0b057ade67,5.7506,assurance_report_candidate,high_score_candidate,2,2026-05-09T20:42:20+00:00,C:\Users\hp\Desktop\ESG\AssuranceReportRetriever\data\dossier_ingestion_0\assurance_reports\totalenergies\2024\candidates\candidate_002_manifest.json
476ee4865e46023384c38a58,AssuranceReportRetriever,assurance_report,TotalEnergies,totalenergies,2024,https://totalenergies.com/sites/g/files/nytnzq121/files/documents/2024-07/totalenergies_plan-assurance-securite-standard_2024_fr_pdf.pdf,[nom du contrat],TotalEnergies pourra demander des précisions sur les engagements s’il considère que les réponses apportées par le Fournisseur sur la conformité des engagements sont insuffisantes.,ddgs,85.0,auto_download,"[""mots-clés secondaires : ['assurance']"", ""année trouvée : 2024"", ""nom de l'entreprise détecté"", ""domaine officiel : totalenergies.com"", ""URL PDF directe"", ""classe documentaire : assurance_report""]",[],C:\Users\hp\Desktop\ESG\AssuranceReportRetriever\data\dossier_ingestion_0\assurance_reports\totalenergies\2024\candidates\candidate_003_score_85_0.pdf,C:\Users\hp\Desktop\ESG\AssuranceReportRetriever\data\dossier_ingestion_0\assurance_reports\totalenergies\2024\candidates\candidate_003_manifest.json,0159dd14ce81db2c7a0aeec6848a5ca2d2766ed858d8a7681641a8947d2f0331,1.0927,assurance_report_candidate,high_score_candidate,3,2026-05-09T20:42:20+00:00,C:\Users\hp\Desktop\ESG\AssuranceReportRetriever\data\dossier_ingestion_0\assurance_reports\totalenergies\2024\candidates\candidate_003_manifest.json
9043eddec6501eb55194c501,AssuranceReportRetriever,assurance_report,TotalEnergies,totalenergies,2024,https://cdn.prod.website-files.com/66b2233d3c4dc3712ce73ffe/66ecbe92e3fc032a43d59fbc_AA1000-Assurance-Standard-Application-Guide.pdf,AA1000,"This latest version of the AA1000 Assurance Standard and Guidance Document advances AccountAbility’s legacy (over 25 years) of delivering universally-applied sustainability guidance to organisations small and large, spanning industry sectors and geographies.",ddgs,80.0,auto_download,"[""mots-clés forts assurance : ['aa1000 assurance']"", ""mots-clés secondaires : ['assurance']"", ""URL PDF directe"", ""CDN / asset domain"", ""classe documentaire : assurance_report""]",[],C:\Users\hp\Desktop\ESG\AssuranceReportRetriever\data\dossier_ingestion_0\assurance_reports\totalenergies\2024\candidates\candidate_004_score_80_0.pdf,C:\Users\hp\Desktop\ESG\AssuranceReportRetriever\data\dossier_ingestion_0\assurance_reports\totalenergies\2024\candidates\candidate_004_manifest.json,9f8eca45a6639e43271bd88b6f0c63a985a3560b785d8b5f4e4bc96b45f5505f,1.6204,assurance_report_candidate,high_score_candidate,4,2026-05-09T20:42:21+00:00,C:\Users\hp\Desktop\ESG\AssuranceReportRetriever\data\dossier_ingestion_0\assurance_reports\totalenergies\2024\candidates\candidate_004_manifest.json
427c602e531585e135600bc5,CDPResponseRetriever,cdp_response,LVMH,lvmh,2024,https://corporate.visa.com/content/dam/VCOM/regional/na/us/about-visa/esg/2024-visa-cdp-response.pdf,2024 CDP Climate Response Report,2024 CDP Submission. Important: This export excludes unanswered questions. This document is an export of Visa’s CDP questionnaire response. It contains all data points for questions that are answered.,ddgs,100.0,auto_download,"[""mots-clés forts CDP : ['cdp questionnaire response', 'cdp response pdf', 'cdp submission']"", ""mots-clés CDP secondaires : ['cdp']"", ""année trouvée : 2024"", ""URL PDF directe"", ""nom de fichier CDP : ['cdp-response']"", ""classe documentaire : cdp_response""]",[],C:\Users\hp\Desktop\ESG\CDPResponseRetriever\data\dossier_ingestion_0\cdp_responses\lvmh\2024\candidates\candidate_001_score_100_0.pdf,C:\Users\hp\Desktop\ESG\CDPResponseRetriever\data\dossier_ingestion_0\cdp_responses\lvmh\2024\candidates\candidate_001_manifest.json,1cd15932407bb13b1f2fa2c8f757191801e8d363ac099b50c69c7ffb5ff152d8,1.9518,cdp_response_candidate,high_score_candidate,1,2026-05-09T20:41:14+00:00,C:\Users\hp\Desktop\ESG\CDPResponseRetriever\data\dossier_ingestion_0\cdp_responses\lvmh\2024\candidates\candidate_001_manifest.json
37fd75a1aa0ab11b12ee2821,CDPResponseRetriever,cdp_response,LVMH,lvmh,2024,https://cdn-dynmedia-1.microsoft.com/is/content/microsoftcorp/microsoft/msc/documents/presentations/CSR/Microsoft-Corporation-2024-CDP-Response.pdf,Microsoft Corporation: 2024 CDP Corporate Questionnaire,175. Microsoft_2024_Environmental_Sustainability_Report_Data_Fact_Sheet.pdf. (13.3) Provide the following information for the person that has signed off (approved) your CDP response. (13.3.1) Job title.,ddgs,100.0,auto_download,"[""mots-clés forts CDP : ['cdp response pdf']"", ""mots-clés CDP secondaires : ['cdp']"", ""année trouvée : 2024"", ""URL PDF directe"", ""nom de fichier CDP : ['cdp-response']"", ""classe documentaire : cdp_response""]",[],C:\Users\hp\Desktop\ESG\CDPResponseRetriever\data\dossier_ingestion_0\cdp_responses\lvmh\2024\candidates\candidate_002_score_100_0.pdf,C:\Users\hp\Desktop\ESG\CDPResponseRetriever\data\dossier_ingestion_0\cdp_responses\lvmh\2024\candidates\candidate_002_manifest.json,e962c84ade0da841402efae2d3bae52cc7a66260b00fae933ff22e5ff7806d9b,0.7206,cdp_response_candidate,high_score_candidate,2,2026-05-09T20:41:15+00:00,C:\Users\hp\Desktop\ESG\CDPResponseRetriever\data\dossier_ingestion_0\cdp_responses\lvmh\2024\candidates\candidate_002_manifest.json
338ca774138a2c866454472f,CDPResponseRetriever,cdp_response,LVMH,lvmh,2024,https://group.bnpparibas/uploads/file/bnpparibas_cdp_climate_change_questionnaire_2024.pdf,BNP Paribas CDP Climate Change Questionnaire 2024 - October 2024,BNP Paribas. 2024 CDP Corporate Questionnaire 2024. Word version. Important: this export excludes unanswered questions This document is an export of your organization’s CDP questionnaire response. It contains all data points for questions that are answered or in progress.,ddgs,100.0,auto_download,"[""mots-clés forts CDP : ['cdp questionnaire response', 'cdp climate change questionnaire']"", ""mots-clés CDP secondaires : ['cdp', 'climate change questionnaire']"", ""année trouvée : 2024"", ""URL PDF directe"", ""nom de fichier CDP : ['cdp-climate']"", ""classe documentaire : cdp_response""]",[],C:\Users\hp\Desktop\ESG\CDPResponseRetriever\data\dossier_ingestion_0\cdp_responses\lvmh\2024\candidates\candidate_003_score_100_0.pdf,C:\Users\hp\Desktop\ESG\CDPResponseRetriever\data\dossier_ingestion_0\cdp_responses\lvmh\2024\candidates\candidate_003_manifest.json,b7f093e41a9f6f834185e116d954b0b4d630b20f7994c64cda867074ef8ec446,1.2442,cdp_response_candidate,high_score_candidate,3,2026-05-09T20:41:17+00:00,C:\Users\hp\Desktop\ESG\CDPResponseRetriever\data\dossier_ingestion_0\cdp_responses\lvmh\2024\candidates\candidate_003_manifest.json
45bae8c39ed3e125a0df15f1,CDPResponseRetriever,cdp_response,LVMH,lvmh,2024,https://www.fmc.com/sites/default/files/2025-05/FMC_2024_CDP_Submission_100324.pdf,2024 FMC CDP Climate Change Response PDF (1.53 mb),PDF extrait depuis une page HTML. Page source : https://www.fmc.com/en/cdp-responses. Titre page : CDP Responses | FMC Corp. Texte du lien : 2024 FMC CDP Climate Change Response PDF (1.53 mb).,html_pdf_resolver,100.0,auto_download,"[""mots-clés forts CDP : ['cdp climate change response', 'cdp submission']"", ""mots-clés CDP secondaires : ['cdp']"", ""année trouvée : 2024"", ""URL PDF directe"", ""nom de fichier CDP : ['cdp-submission']"", ""classe documentaire : cdp_response""]",[],C:\Users\hp\Desktop\ESG\CDPResponseRetriever\data\dossier_ingestion_0\cdp_responses\lvmh\2024\candidates\candidate_004_score_100_0.pdf,C:\Users\hp\Desktop\ESG\CDPResponseRetriever\data\dossier_ingestion_0\cdp_responses\lvmh\2024\candidates\candidate_004_manifest.json,cc267e215c04a15c0b9bd32ab218842e6e54790727886c020824fc9b6151880a,1.5279,cdp_response_candidate,high_score_candidate,4,2026-05-09T20:41:19+00:00,C:\Users\hp\Desktop\ESG\CDPResponseRetriever\data\dossier_ingestion_0\cdp_responses\lvmh\2024\candidates\candidate_004_manifest.json
8c3831ba56bef51b8846b89e,CDPResponseRetriever,cdp_response,LVMH,lvmh,2024,https://www.fmc.com/sites/default/files/2023-07/FMC_CDP_Climate_2023.pdf,2023 FMC CDP Climate Change Response PDF (871.03 k),PDF extrait depuis une page HTML. Page source : https://www.fmc.com/en/cdp-responses. Titre page : CDP Responses | FMC Corp. Texte du lien : 2023 FMC CDP Climate Change Response PDF (871.03 k).,html_pdf_resolver,100.0,auto_download,"[""mots-clés forts CDP : ['cdp climate change response']"", ""mots-clés CDP secondaires : ['cdp']"", ""année trouvée : 2024"", ""URL PDF directe"", ""nom de fichier CDP : ['cdp-climate']"", ""classe documentaire : cdp_response""]",[],C:\Users\hp\Desktop\ESG\CDPResponseRetriever\data\dossier_ingestion_0\cdp_responses\lvmh\2024\candidates\candidate_005_score_100_0.pdf,C:\Users\hp\Desktop\ESG\CDPResponseRetriever\data\dossier_ingestion_0\cdp_responses\lvmh\2024\candidates\candidate_005_manifest.json,38930f6c5670ed40e781f47631881facca0e397bffca94942e3fcec16f94e25b,0.8506,cdp_response_candidate,high_score_candidate,5,2026-05-09T20:41:20+00:00,C:\Users\hp\Desktop\ESG\CDPResponseRetriever\data\dossier_ingestion_0\cdp_responses\lvmh\2024\candidates\candidate_005_manifest.json
b7e1e3437ee85bef647d32bf,CDPResponseRetriever,cdp_response,LVMH,lvmh,2024,https://www.fmc.com/sites/default/files/2023-07/FMC_CDP_Water_2023.pdf,2023 FMC CDP Water Security Response PDF (518.06 k),PDF extrait depuis une page HTML. Page source : https://www.fmc.com/en/cdp-responses. Titre page : CDP Responses | FMC Corp. Texte du lien : 2023 FMC CDP Water Security Response PDF (518.06 k).,html_pdf_resolver,100.0,auto_download,"[""mots-clés forts CDP : ['cdp water security response']"", ""mots-clés CDP secondaires : ['cdp']"", ""année trouvée : 2024"", ""URL PDF directe"", ""nom de fichier CDP : ['cdp-water']"", ""classe documentaire : cdp_response""]",[],C:\Users\hp\Desktop\ESG\CDPResponseRetriever\data\dossier_ingestion_0\cdp_responses\lvmh\2024\candidates\candidate_006_score_100_0.pdf,C:\Users\hp\Desktop\ESG\CDPResponseRetriever\data\dossier_ingestion_0\cdp_responses\lvmh\2024\candidates\candidate_006_manifest.json,e95e0ab3cda165b8d0c504f649358c7d4a4ef24febee08b392d4da8395ca1698,0.5059,cdp_response_candidate,high_score_candidate,6,2026-05-09T20:41:21+00:00,C:\Users\hp\Desktop\ESG\CDPResponseRetriever\data\dossier_ingestion_0\cdp_responses\lvmh\2024\candidates\candidate_006_manifest.json
60a359eb23bb4706948fc3e3,CDPResponseRetriever,cdp_response,LVMH,lvmh,2024,https://www.fmc.com/sites/default/files/2023-06/FMC_CDP_Water_2022.pdf,2022 FMC CDP Water Security Response PDF (464.22 k),PDF extrait depuis une page HTML. Page source : https://www.fmc.com/en/cdp-responses. Titre page : CDP Responses | FMC Corp. Texte du lien : 2022 FMC CDP Water Security Response PDF (464.22 k).,html_pdf_resolver,100.0,auto_download,"[""mots-clés forts CDP : ['cdp water security response']"", ""mots-clés CDP secondaires : ['cdp']"", ""année trouvée : 2024"", ""URL PDF directe"", ""nom de fichier CDP : ['cdp-water']"", ""classe documentaire : cdp_response""]",[],C:\Users\hp\Desktop\ESG\CDPResponseRetriever\data\dossier_ingestion_0\cdp_responses\lvmh\2024\candidates\candidate_007_score_100_0.pdf,C:\Users\hp\Desktop\ESG\CDPResponseRetriever\data\dossier_ingestion_0\cdp_responses\lvmh\2024\candidates\candidate_007_manifest.json,ea2b3184c64af68762645227c865dfee6bcef487b723b450e847d48f6afd91af,0.4533,cdp_response_candidate,high_score_candidate,7,2026-05-09T20:41:22+00:00,C:\Users\hp\Desktop\ESG\CDPResponseRetriever\data\dossier_ingestion_0\cdp_responses\lvmh\2024\candidates\candidate_007_manifest.json
50f04292976baee9d76a2201,CDPResponseRetriever,cdp_response,LVMH,lvmh,2024,https://www.fmc.com/sites/default/files/2023-06/FMC%20CDP%20Climate%202021.pdf,2021 FMC CDP Climate Change Response PDF (602.42 k),PDF extrait depuis une page HTML. Page source : https://www.fmc.com/en/cdp-responses. Titre page : CDP Responses | FMC Corp. Texte du lien : 2021 FMC CDP Climate Change Response PDF (602.42 k).,html_pdf_resolver,95.0,auto_download,"[""mots-clés forts CDP : ['cdp climate change response']"", ""mots-clés CDP secondaires : ['cdp']"", ""année trouvée : 2024"", ""URL PDF directe"", ""classe documentaire : cdp_response""]",[],C:\Users\hp\Desktop\ESG\CDPResponseRetriever\data\dossier_ingestion_0\cdp_responses\lvmh\2024\candidates\candidate_008_score_95_0.pdf,C:\Users\hp\Desktop\ESG\CDPResponseRetriever\data\dossier_ingestion_0\cdp_responses\lvmh\2024\candidates\candidate_008_manifest.json,de359431b5696ddf22486aaf6e4bcdedfbe0d22585efac0aaa721640de5d0d19,0.5883,cdp_response_candidate,high_score_candidate,8,2026-05-09T20:41:24+00:00,C:\Users\hp\Desktop\ESG\CDPResponseRetriever\data\dossier_ingestion_0\cdp_responses\lvmh\2024\candidates\candidate_008_manifest.json
9ce8c00793962176c6011e4a,CDPResponseRetriever,cdp_response,LVMH,lvmh,2024,https://www.fmc.com/sites/default/files/2023-06/FMC%20CDP%20Water%202021.pdf,2021 FMC CDP Water Security Response PDF (407.24 k),PDF extrait depuis une page HTML. Page source : https://www.fmc.com/en/cdp-responses. Titre page : CDP Responses | FMC Corp. Texte du lien : 2021 FMC CDP Water Security Response PDF (407.24 k).,html_pdf_resolver,95.0,auto_download,"[""mots-clés forts CDP : ['cdp water security response']"", ""mots-clés CDP secondaires : ['cdp']"", ""année trouvée : 2024"", ""URL PDF directe"", ""classe documentaire : cdp_response""]",[],C:\Users\hp\Desktop\ESG\CDPResponseRetriever\data\dossier_ingestion_0\cdp_responses\lvmh\2024\candidates\candidate_009_score_95_0.pdf,C:\Users\hp\Desktop\ESG\CDPResponseRetriever\data\dossier_ingestion_0\cdp_responses\lvmh\2024\candidates\candidate_009_manifest.json,18684af94be4a399aaa39a1e03cfc6da14dc9e7bac47bfa8538f605438509760,0.3977,cdp_response_candidate,high_score_candidate,9,2026-05-09T20:41:25+00:00,C:\Users\hp\Desktop\ESG\CDPResponseRetriever\data\dossier_ingestion_0\cdp_responses\lvmh\2024\candidates\candidate_009_manifest.json
dd141fb4bd6965db325e0bdf,CDPResponseRetriever,cdp_response,LVMH,lvmh,2024,https://www.unilever.com/files/cdp-integrated-questionnaire-2024.pdf,CDP Integrated Questionnaire 2024,2024 CDP Corporate Questionnaire 2024. Word version. Important: this export excludes unanswered questions This document is an export of your organization’s CDP questionnaire response. It contains all data points for questions that are answered or in progress.,ddgs,95.0,auto_download,"[""mots-clés forts CDP : ['cdp questionnaire response']"", ""mots-clés CDP secondaires : ['cdp']"", ""année trouvée : 2024"", ""URL PDF directe"", ""classe documentaire : cdp_response""]",[],C:\Users\hp\Desktop\ESG\CDPResponseRetriever\data\dossier_ingestion_0\cdp_responses\lvmh\2024\candidates\candidate_010_score_95_0.pdf,C:\Users\hp\Desktop\ESG\CDPResponseRetriever\data\dossier_ingestion_0\cdp_responses\lvmh\2024\candidates\candidate_010_manifest.json,043619c4055d75c576e48cd8b5df9178cf7b0ce5b769899d2d48c33e5ff60567,3.011,cdp_response_candidate,high_score_candidate,10,2026-05-09T20:41:29+00:00,C:\Users\hp\Desktop\ESG\CDPResponseRetriever\data\dossier_ingestion_0\cdp_responses\lvmh\2024\candidates\candidate_010_manifest.json
e2926586c0ea8db6ff81abb7,CDPResponseRetriever,cdp_response,Schneider Electric,schneider-electric,2024,https://www.stantec.com/content/dam/stantec/files/PDFAssets/2024/2024-cdp-disclosure.pdf,Stantec 2024 CDP Climate Change Questionnaire,"Stantec Inc. CDP Climate Change Questionnaire 2024 - Friday, September 27, 2024. possible benefits; providing an inclusive and equitable workplace for our employees; actively volunteering in and engaging with our communities; and demonstrating ethical business behavior.",ddgs,95.0,auto_download,"[""mots-clés forts CDP : ['cdp climate change questionnaire']"", ""mots-clés CDP secondaires : ['cdp', 'climate change questionnaire']"", ""année trouvée : 2024"", ""URL PDF directe"", ""classe documentaire : cdp_response""]",[],C:\Users\hp\Desktop\ESG\CDPResponseRetriever\data\dossier_ingestion_0\cdp_responses\schneider-electric\2024\candidates\candidate_001_score_95_0.pdf,C:\Users\hp\Desktop\ESG\CDPResponseRetriever\data\dossier_ingestion_0\cdp_responses\schneider-electric\2024\candidates\candidate_001_manifest.json,816c7d20ecc27c264a489d5dc3fce8de799e4f1cf4c35415b6469e3f9aaf5106,1.1906,cdp_response_candidate,high_score_candidate,1,2026-05-09T20:42:29+00:00,C:\Users\hp\Desktop\ESG\CDPResponseRetriever\data\dossier_ingestion_0\cdp_responses\schneider-electric\2024\candidates\candidate_001_manifest.json
3187f595af024e432ad307dc,CDPResponseRetriever,cdp_response,Schneider Electric,schneider-electric,2024,https://www.gstatic.com/gumdrop/sustainability/alphabet-2024-cdp-climate-change-response.pdf,Descargar PDF,PDF extrait depuis une page HTML. Page source : https://sustainability.google/intl/es-419/reports/alphabet-2024-cdp-climate-change-response/. Titre page : Respuesta de Alphabet al cuestionario de cambio climático de CDP (2024). Texte du lien : Descargar PDF.,html_pdf_resolver,100.0,auto_download,"[""mots-clés forts CDP : ['cdp climate change response']"", ""mots-clés CDP secondaires : ['cdp']"", ""année trouvée : 2024"", ""URL PDF directe"", ""nom de fichier CDP : ['cdp-climate']"", ""classe documentaire : cdp_response""]",[],C:\Users\hp\Desktop\ESG\CDPResponseRetriever\data\dossier_ingestion_0\cdp_responses\schneider-electric\2024\candidates\candidate_003_score_100_0.pdf,C:\Users\hp\Desktop\ESG\CDPResponseRetriever\data\dossier_ingestion_0\cdp_responses\schneider-electric\2024\candidates\candidate_003_manifest.json,61ebbaaea8b3ab6a9027772f1fb4bddd44b515d896f4e886e6d89a2d5f144fbc,0.9936,cdp_response_candidate,high_score_candidate,3,2026-05-09T20:42:41+00:00,C:\Users\hp\Desktop\ESG\CDPResponseRetriever\data\dossier_ingestion_0\cdp_responses\schneider-electric\2024\candidates\candidate_003_manifest.json
8151d8813868d80717cec231,CDPResponseRetriever,cdp_response,Schneider Electric,schneider-electric,2024,https://www.gstatic.com/gumdrop/sustainability/2024-google-statement-against-modern-slavery.pdf,Declaración en contra de la esclavitud moderna (2024),PDF extrait depuis une page HTML. Page source : https://sustainability.google/intl/es-419/reports/alphabet-2024-cdp-climate-change-response/. Titre page : Respuesta de Alphabet al cuestionario de cambio climático de CDP (2024). Texte du lien : Declaración en contra de la esclavitud moderna (2024).,html_pdf_resolver,95.0,auto_download,"[""mots-clés forts CDP : ['cdp climate change response']"", ""mots-clés CDP secondaires : ['cdp']"", ""année trouvée : 2024"", ""URL PDF directe"", ""classe documentaire : cdp_response""]",[],C:\Users\hp\Desktop\ESG\CDPResponseRetriever\data\dossier_ingestion_0\cdp_responses\schneider-electric\2024\candidates\candidate_004_score_95_0.pdf,C:\Users\hp\Desktop\ESG\CDPResponseRetriever\data\dossier_ingestion_0\cdp_responses\schneider-electric\2024\candidates\candidate_004_manifest.json,0f019457e993d0a078f19b99aa7088198008eeecab7c079df58c48852e70ef37,0.1422,cdp_response_candidate,high_score_candidate,4,2026-05-09T20:42:41+00:00,C:\Users\hp\Desktop\ESG\CDPResponseRetriever\data\dossier_ingestion_0\cdp_responses\schneider-electric\2024\candidates\candidate_004_manifest.json
8610b316efbf85bc4cd564f8,CDPResponseRetriever,cdp_response,TotalEnergies,totalenergies,2024,https://totalenergies.com/sites/g/files/nytnzq121/files/documents/totalenergies_cdp-corporate-questionnaire_2024_en_pdf.pdf,Microsoft Word - TotalEnergies SE-23-10-2024-CORPORATE...,TotalEnergies SE. 2024 CDP Corporate Questionnaire 2024. Word version.,ddgs,85.0,auto_download,"[""mots-clés CDP secondaires : ['cdp']"", ""année trouvée : 2024"", ""nom de l'entreprise détecté"", ""domaine officiel : totalenergies.com"", ""URL PDF directe"", ""classe documentaire : cdp_response""]",[],C:\Users\hp\Desktop\ESG\CDPResponseRetriever\data\dossier_ingestion_0\cdp_responses\totalenergies\2024\candidates\candidate_001_score_85_0.pdf,C:\Users\hp\Desktop\ESG\CDPResponseRetriever\data\dossier_ingestion_0\cdp_responses\totalenergies\2024\candidates\candidate_001_manifest.json,a13f228aa035bede38a0df4b99f81e097b750043345f5208b8cf7dcf906d7bd7,1.0988,cdp_response_candidate,high_score_candidate,1,2026-05-09T20:49:17+00:00,C:\Users\hp\Desktop\ESG\CDPResponseRetriever\data\dossier_ingestion_0\cdp_responses\totalenergies\2024\candidates\candidate_001_manifest.json
9cc179d8839a31abefcecd41,CDPResponseRetriever,cdp_response,TotalEnergies,totalenergies,2024,https://cdn.cdp.net/cdp-production/cms/guidance_docs/pdfs/000/005/712/original/2024_Full_Corporate_Questionnaire_Modules_8-13.pdf,Questionnaire Full Corporate - cdn.cdp.net,"Apr 29, 2024 · In the example below, the “Tags” table indicates that the question will be shown to organizations who are responding to a request from a CDP Supply Chain member, are disclosing on water security, and have any CDP ACS sector other than financial services.",ddgs,80.0,auto_download,"[""mots-clés CDP secondaires : ['cdp']"", ""année trouvée : 2024"", ""plateforme CDP officielle : cdn.cdp.net"", ""URL PDF directe"", ""CDN / asset domain"", ""classe documentaire : cdp_response""]",[],C:\Users\hp\Desktop\ESG\CDPResponseRetriever\data\dossier_ingestion_0\cdp_responses\totalenergies\2024\candidates\candidate_002_score_80_0.pdf,C:\Users\hp\Desktop\ESG\CDPResponseRetriever\data\dossier_ingestion_0\cdp_responses\totalenergies\2024\candidates\candidate_002_manifest.json,b8f92e18ee957ceb3c3a85221caabb334ba0351d64d2704db983cc8bfe563d26,5.61,cdp_response_candidate,high_score_candidate,2,2026-05-09T20:42:04+00:00,C:\Users\hp\Desktop\ESG\CDPResponseRetriever\data\dossier_ingestion_0\cdp_responses\totalenergies\2024\candidates\candidate_002_manifest.json
f98eec0ba5b70263b7182c05,CDPResponseRetriever,cdp_response,TotalEnergies,totalenergies,2024,https://cdn.cdp.net/cdp-production/comfy/cms/files/files/000/009/154/original/2024_Full_Corporate_Scoring_Methodology_-_Climate_Change.pdf,CDP Full Corporate Scoring Methodology - Climate Change,"This document provides the scoring criteria and points available for each question in CDPs 2024 full corporate questionnaire. In 2024, the previously separate CDP questionnaires on climate change, forests and water security have been integrated into one corporate questionnaire.",ddgs,80.0,auto_download,"[""mots-clés CDP secondaires : ['cdp']"", ""année trouvée : 2024"", ""plateforme CDP officielle : cdn.cdp.net"", ""URL PDF directe"", ""CDN / asset domain"", ""classe documentaire : cdp_response""]",[],C:\Users\hp\Desktop\ESG\CDPResponseRetriever\data\dossier_ingestion_0\cdp_responses\totalenergies\2024\candidates\candidate_003_score_80_0.pdf,C:\Users\hp\Desktop\ESG\CDPResponseRetriever\data\dossier_ingestion_0\cdp_responses\totalenergies\2024\candidates\candidate_003_manifest.json,da6c5af0973bab5292c131589bf5d74f0bc63b42b020c19524206144b371053a,3.4445,cdp_response_candidate,high_score_candidate,3,2026-05-09T20:42:06+00:00,C:\Users\hp\Desktop\ESG\CDPResponseRetriever\data\dossier_ingestion_0\cdp_responses\totalenergies\2024\candidates\candidate_003_manifest.json
dd6c9f9d9be90555ece2b1ca,SustainabilityReportRetriever,sustainability_report,LVMH,lvmh,2024,https://ddd.uab.cat/pub/infsos/146081/irsLVMHa2024ieng.pdf,[PDF] 2024 SOCIAL AND ENVIRONMENTAL RESPONSIBILITY REPORT,"France) 25% United States 23% Selective Retailing and Other activities 12% Watches & Jewelry 10% Perfumes & Cosmetics 7% Wines & Spirits 48% Fashion & Leather Goods 12 • 13 LVM H 2 0 2 4 • S o c i a l a n d E n v i r o n m e n t a l R e s p o n s i b i l i t y R e p o r t LVM H G R O U P 2005 LVMH signs the Apprenticeship Charter 2006 LVMH signs the Business Charter for Equal Opportunity in Education 2007 LVMH signs the Diversity Charter 2008 LVMH drafts a Supplier Code of Conduct to strengthen its commitments 2009 LVMH publishes the LVMH Code of Conduct and the Recruitment Code of Conduct LVMH signs the Charter for the Employment of People with Disabilities 2012 LVMH signs up to the French National Strategy for Biodiversity The Group launches LIFE (LVMH Initiatives For the Environment) 2013 LVMH signs the United Nations Women’s Empowerment Principles 2015 The United Nations adopts the Sustainable Development Goals (SDGs) LVMH sets up an internal carbon fund to finance projects that combat climate change: a pioneering initiative in the luxury industry 2016 The first LIFE 360 in Stores Awards were held to shine a spotlight on the virtuous and innovative initiatives put in place within Group stores 2017 LVMH creates the Ethics & Compliance Department LVMH draws up the Charter on Working Relations with Fashion Models and their Well-Being, together with Kering and other industry professionals LVMH revises the LVMH Code of Conduct and the Supplier Code of Conduct to strengthen the principles and better guide action 2018 At the Davos World Economic Forum, LVMH participates in the Gender Parity Task Force LVMH launches the LVMH Alert Line 1992 LVMH creates its Environment Department after the Rio de Janeiro Earth Summit 1998 Hennessy becomes the",tavily,93.0,auto_download,"[""année trouvée : 2024"", ""mots-clés forts durabilité : ['social and environmental responsibility report', 'environmental responsibility report', 'responsibility report']"", ""nom de l'entreprise détecté"", ""URL PDF directe"", ""archive ou agrégateur documentaire : ddd.uab.cat"", ""classe documentaire : standalone_sustainability_report""]","[""domaine non officiel : ddd.uab.cat""]",C:\Users\hp\Desktop\ESG\SustainabilityReportRetriever\data\dossier_ingestion_0\sustainability_reports\lvmh\2024\candidates\candidate_001_score_93_0.pdf,C:\Users\hp\Desktop\ESG\SustainabilityReportRetriever\data\dossier_ingestion_0\sustainability_reports\lvmh\2024\candidates\candidate_001_manifest.json,2827d430de5f8b1cc0e7deb6c9d193b225b8a45a34fcff1367c9022ff6c6cf07,14.4757,sustainability_report_candidate,high_score_candidate,1,2026-05-09T18:44:53+00:00,C:\Users\hp\Desktop\ESG\SustainabilityReportRetriever\data\dossier_ingestion_0\sustainability_reports\lvmh\2024\candidates\candidate_001_manifest.json
23ab3a73550e7b77601461dc,SustainabilityReportRetriever,sustainability_report,LVMH,lvmh,2024,https://lvmh-com.cdn.prismic.io/lvmh-com/aGbA7Hfc4bHWjB6j_LVMH_RSE2024_EN_accessible_version.pdf,aGbA7Hfc4bHWjB6j_LVMH_RS...,"Japan), 10% in other markets ◆ 33% of permanent contract positions filled internally ◆ 71% women, 65% women executives & managers, 48% of key positions held by women, 17 Maisons and divisions headed by women ◆ Average age: 37 ◆ €43 million invested in employee health and safety CREATIVE CAPITAL AND INNOVATION ◆ LVMH Prize for Young Fashion Designers ◆ LVMH Open Innovation ◆ LVMH Innovation Award ◆ LVMH Métiers d’Art ◆ LVMH Gaïa, driving the Group’s scientific research and innovation FINANCIAL CAPITAL ◆ €10.5 billion: Free cash flow ◆ €69.3 billion: Equity ◆ Stable shareholder base: 49% held by the Arnault family group PARTNERS ◆ See the “General information” section, §3, “Strategy”, §3.2, “Involving stakeholders” in the 2024 Universal Registration Document TRAINING AND PASSING ON SKILLS AND EXPERTISE ◆ €216.3 million invested in employee training ◆ Over 280 professions in design, craftsmanship and the customer experience ◆ >3,300 apprentices trained by the Institut des Métiers d’Excellence (IME), launched in 2014 and now present in 8 countries (France, Switzerland, Italy, Spain, Japan, Germany, China and the United States) NATURAL CAPITAL ◆ 20 strategic natural materials ◆ LIFE 360 sustainability program ◆ Animal-Based Raw Materials Sourcing Charter ◆ Participation in SBTN and TNFD reporting ◆ SBTi-validated climate trajectory LOCAL PRESENCE ◆ Presence in 81 countries ◆ 119 production facilities and craft workshops in France, 66 in Italy ◆ 6,307 stores worldwide Business model geared towards risk management and value creation Talent development roadmap Fair Wage policy LIFE 360 Diversity & Inclusion policy Health & Safety Charter Ethics & Compliance policy DESIGN ◆ Recyclability requirements integrated right from the design phase ◆ Support for an innovative ecosystem (LVMH Maison des Startups) ◆ Sustainable design training for creative teams ◆ In-house creative departments CIRCULARITY ◆ Development of repair skills and services ◆ Waste management ◆ Development of innovative processes to reuse and recycle materials as part of LVMH Circularity ◆ Innovation to create",tavily,81.0,auto_download,"[""année trouvée : 2024"", ""mots-clés faibles durabilité : ['sustainability', 'sustainable', 'rse', 'climate']"", ""nom de l'entreprise détecté"", ""URL PDF directe"", ""rapport annuel/URD contenant signaux durabilité : ['universal registration document']"", ""classe documentaire : annual_report_with_sustainability_content""]","[""domaine non officiel : lvmh-com.cdn.prismic.io""]",C:\Users\hp\Desktop\ESG\SustainabilityReportRetriever\data\dossier_ingestion_0\sustainability_reports\lvmh\2024\candidates\candidate_002_score_81_0.pdf,C:\Users\hp\Desktop\ESG\SustainabilityReportRetriever\data\dossier_ingestion_0\sustainability_reports\lvmh\2024\candidates\candidate_002_manifest.json,cb4f46a0de5e59d280ed6ce687ecc690a6dd8a1cda47d95767f080d72887ca42,32.7079,sustainability_report_candidate,high_score_candidate,2,2026-05-09T18:45:01+00:00,C:\Users\hp\Desktop\ESG\SustainabilityReportRetriever\data\dossier_ingestion_0\sustainability_reports\lvmh\2024\candidates\candidate_002_manifest.json
8ac8b1ba60a78ad9ceaac0f6,SustainabilityReportRetriever,sustainability_report,LVMH,lvmh,2024,https://lvmh-com.cdn.prismic.io/lvmh-com/aGbA7Hfc4bHWjB6j_LVMH_RSE2024_EN_accessible_version.pdf,aGbA7Hfc4bHWjB6j_LVMH_RS...,"Japan), 10% in other markets ◆ 33% of permanent contract positions filled internally ◆ 71% women, 65% women executives & managers, 48% of key positions held by women, 17 Maisons and divisions headed by women ◆ Average age: 37 ◆ €43 million invested in employee health and safety CREATIVE CAPITAL AND INNOVATION ◆ LVMH Prize for Young Fashion Designers ◆ LVMH Open Innovation ◆ LVMH Innovation Award ◆ LVMH Métiers d’Art ◆ LVMH Gaïa, driving the Group’s scientific research and innovation FINANCIAL CAPITAL ◆ €10.5 billion: Free cash flow ◆ €69.3 billion: Equity ◆ Stable shareholder base: 49% held by the Arnault family group PARTNERS ◆ See the “General information” section, §3, “Strategy”, §3.2, “Involving stakeholders” in the 2024 Universal Registration Document TRAINING AND PASSING ON SKILLS AND EXPERTISE ◆ €216.3 million invested in employee training ◆ Over 280 professions in design, craftsmanship and the customer experience ◆ >3,300 apprentices trained by the Institut des Métiers d’Excellence (IME), launched in 2014 and now present in 8 countries (France, Switzerland, Italy, Spain, Japan, Germany, China and the United States) NATURAL CAPITAL ◆ 20 strategic natural materials ◆ LIFE 360 sustainability program ◆ Animal-Based Raw Materials Sourcing Charter ◆ Participation in SBTN and TNFD reporting ◆ SBTi-validated climate trajectory LOCAL PRESENCE ◆ Presence in 81 countries ◆ 119 production facilities and craft workshops in France, 66 in Italy ◆ 6,307 stores worldwide Business model geared towards risk management and value creation Talent development roadmap Fair Wage policy LIFE 360 Diversity & Inclusion policy Health & Safety Charter Ethics & Compliance policy DESIGN ◆ Recyclability requirements integrated right from the design phase ◆ Support for an innovative ecosystem (LVMH Maison des Startups) ◆ Sustainable design training for creative teams ◆ In-house creative departments CIRCULARITY ◆ Development of repair skills and services ◆ Waste management ◆ Development of innovative processes to reuse and recycle materials as part of LVMH Circularity ◆ Innovation to create",tavily,81.0,auto_download,"[""année trouvée : 2024"", ""mots-clés faibles durabilité : ['sustainability', 'sustainable', 'rse', 'climate']"", ""nom de l'entreprise détecté"", ""URL PDF directe"", ""rapport annuel/URD contenant signaux durabilité : ['universal registration document']"", ""classe documentaire : annual_report_with_sustainability_content""]","[""domaine non officiel : lvmh-com.cdn.prismic.io""]",C:\Users\hp\Desktop\ESG\SustainabilityReportRetriever\data\dossier_ingestion_0\sustainability_reports\lvmh\2024\candidates\candidate_004_score_81_0.pdf,C:\Users\hp\Desktop\ESG\SustainabilityReportRetriever\data\dossier_ingestion_0\sustainability_reports\lvmh\2024\candidates\candidate_004_manifest.json,cb4f46a0de5e59d280ed6ce687ecc690a6dd8a1cda47d95767f080d72887ca42,32.7079,sustainability_report_candidate,high_score_candidate,4,2026-05-09T17:38:48+00:00,C:\Users\hp\Desktop\ESG\SustainabilityReportRetriever\data\dossier_ingestion_0\sustainability_reports\lvmh\2024\candidates\candidate_004_manifest.json
f738142fa94f5623bdb1ab7f,SustainabilityReportRetriever,sustainability_report,LVMH,lvmh,2024,https://lvmh-com.cdn.prismic.io/lvmh-com/Z-PY3HdAxsiBv6wN_UniversalRegistrationDocument2024.pdf,LVMH 2024 Universal Registration Document. - Prismic,"From the 14th century to the present 14th century 1365 Le Clos des Lambrays 16th century 1593 Château d’Yquem 18th century 1729 Ruinart 1743 Moët & Chandon 1765 Hennessy 1772 Veuve Clicquot 1780 Chaumet 19th century 1803 Officine Universelle Buly 1815 Ardbeg 1817 Cova 1828 Guerlain 1832 Château Cheval Blanc 1837 Tiffany & Co. 1839 L’Epée 1839 1843 Krug Glenmorangie 1846 Loewe 1849 Royal Van Lent 1852 Le Bon Marché 1854 Louis Vuitton 1858 Mercier 1860 TAG Heuer Jardin d’Acclimatation 1865 Zenith 1870 La Samaritaine 1884 Bulgari 1895 Berluti 1898 Rimowa 20th century 1908 Les Echos 1914 Patou 1916 Acqua di Parma 1923 La Grande Épicerie de Paris 1924 Loro Piana 1925 Fendi 1936 Dom Pérignon Fred Minuty 1944 Le Parisien-Aujourd’hui en France 1945 Celine 1946 Christian Dior Couture 1947 Parfums Christian Dior Emilio Pucci 1949 Paris Match 1952 Givenchy Connaissance des Arts 1955 Château Galoupet 1957 Parfums Givenchy Repossi Vuarnet 1959 Chandon 1960 DFS 1969 Sephora 1970 Kenzo 1972 Perfumes Loewe 1973 Joseph Phelps 1974 Investir-Le Journal des Finances 1976 Benefit Cosmetics Belmond 1977 Newton vineyard 1980 Hublot 1983 Radio Classique Ole Henriksen 1984 Marc Jacobs Make Up For Ever 1985 Cloudy Bay 1988 Kenzo Parfums 1991 Fresh 1992 Colgin Cellars 1993 Belvedere 1996 Terrazas de los Andes 1998 Bodega Numanthia 1999 Cheval des Andes 21st century 2006 Armand de Brignac Château d’Esclans Maisons Cheval Blanc 2007 Barton Perreira 2008 KVD Vegan Beauty 2009 Maison Francis Kurkdjian 2010 Woodinville 2013 Ao Yun 2017 Fenty Beauty by Rihanna Volcán de mi Tierra 2020 Eminente 2024 SirDavis ﻿ 2 2024 Universal Registration Document FINANCIAL HIGHLIGHTS Revenue ( EUR millions) 79,184 86,153 84,683 2022 2023 2024 Profit from recurring operations ( EUR millions) 21,055 22,802 19,571 2022 2023 2024 Stores ( number) 5,664 6,097 6,307 2022 2023 2024 Change in revenue by business group ( EUR millions and percentage) 2024 2023 2024/2023 Change 2022 Published Organic (a) Wines and Spirits 5,862 6,602",tavily,81.0,auto_download,"[""année trouvée : 2024"", ""mots-clés faibles durabilité : ['rse']"", ""nom de l'entreprise détecté"", ""URL PDF directe"", ""rapport annuel/URD contenant signaux durabilité : ['universal registration document', 'urd']"", ""classe documentaire : annual_report_with_sustainability_content""]","[""domaine non officiel : lvmh-com.cdn.prismic.io""]",C:\Users\hp\Desktop\ESG\SustainabilityReportRetriever\data\dossier_ingestion_0\sustainability_reports\lvmh\2024\candidates\candidate_005_score_81_0.pdf,C:\Users\hp\Desktop\ESG\SustainabilityReportRetriever\data\dossier_ingestion_0\sustainability_reports\lvmh\2024\candidates\candidate_005_manifest.json,4e67ffaaae7f880fd24e837c30f10c08b0a087ca1b4314dade86e7b5d32c12cb,7.7547,sustainability_report_candidate,high_score_candidate,5,2026-05-09T17:05:06+00:00,C:\Users\hp\Desktop\ESG\SustainabilityReportRetriever\data\dossier_ingestion_0\sustainability_reports\lvmh\2024\candidates\candidate_005_manifest.json
939be4f9a16f0cdc1491ac93,SustainabilityReportRetriever,sustainability_report,Schneider Electric,schneider-electric,2024,https://www.se.com/ww/en/assets/564/document/511188/Integrated-report-2024.pdf?p_enDocType=Financial+release&p_File_Name=Integrated+report+2024,[PDF] Integrated report 2024 - Schneider Electric,Leading ESG in our ecosystem. • Commit to a Net-zero CO2 value chain by 2050. • Recognized by TIME magazine and Statista as. “World's Most,tavily,100.0,auto_download,"[""année trouvée : 2024"", ""mots-clés faibles durabilité : ['esg']"", ""nom de l'entreprise détecté"", ""domaine officiel détecté : se.com"", ""URL PDF directe"", ""rapport annuel/URD contenant signaux durabilité : ['integrated report']"", ""classe documentaire : annual_report_with_sustainability_content""]",[],C:\Users\hp\Desktop\ESG\SustainabilityReportRetriever\data\dossier_ingestion_0\sustainability_reports\schneider-electric\2024\candidates\candidate_001_score_100_0.pdf,C:\Users\hp\Desktop\ESG\SustainabilityReportRetriever\data\dossier_ingestion_0\sustainability_reports\schneider-electric\2024\candidates\candidate_001_manifest.json,5c7265d598ec27abd353fa355dd6830b346c4f564701fea6db373b661af4f349,26.721,sustainability_report_candidate,high_score_candidate,1,2026-05-09T18:45:59+00:00,C:\Users\hp\Desktop\ESG\SustainabilityReportRetriever\data\dossier_ingestion_0\sustainability_reports\schneider-electric\2024\candidates\candidate_001_manifest.json
cc973cfa33ac453a690952ff,SustainabilityReportRetriever,sustainability_report,Schneider Electric,schneider-electric,2024,https://www.se.com/ww/fr/assets/342/document/513141/rapport-developpement-durable-2024.pdf?p_enDocType=EDMS&p_File_Name=Rapport+D%C3%A9veloppement+Durable+2024,[PDF] Rapport Développement Durable 2024 - Schneider Electric,"Preuve de notre engagement, nous sommes arrivé en tête de la liste des « Entreprises les plus durables au monde en 2024 » par. TIME Magazine and Statista. Début",tavily,100.0,auto_download,"[""année trouvée : 2024"", ""mots-clés forts durabilité : ['rapport développement durable', 'rapport developpement durable']"", ""nom de l'entreprise détecté"", ""domaine officiel détecté : se.com"", ""URL PDF directe"", ""classe documentaire : standalone_sustainability_report""]",[],C:\Users\hp\Desktop\ESG\SustainabilityReportRetriever\data\dossier_ingestion_0\sustainability_reports\schneider-electric\2024\candidates\candidate_002_score_100_0.pdf,C:\Users\hp\Desktop\ESG\SustainabilityReportRetriever\data\dossier_ingestion_0\sustainability_reports\schneider-electric\2024\candidates\candidate_002_manifest.json,e821aee202d2c259db861cd67c4a3384a85c9c41fff5040378a95bf65c831763,20.3544,sustainability_report_candidate,high_score_candidate,2,2026-05-09T18:46:02+00:00,C:\Users\hp\Desktop\ESG\SustainabilityReportRetriever\data\dossier_ingestion_0\sustainability_reports\schneider-electric\2024\candidates\candidate_002_manifest.json
ef30c4bb053dded2c7972fa8,SustainabilityReportRetriever,sustainability_report,Schneider Electric,schneider-electric,2024,https://www.se.com/ww/fr/assets/342/document/510443/2024-document-enregistrement-universel.pdf,[PDF] Document d'Enregistrement Universel 2024 - Schneider Electric,Page 1. se.com. RAPPORT FINANCIER ET DÉVELOPPEMENT DURABLE. Document d'Enregistrement. Universel 2024. Technologie pour l'Impact. Page 2,tavily,100.0,auto_download,"[""année trouvée : 2024"", ""mots-clés faibles durabilité : ['rse', 'développement durable', 'developpement durable']"", ""nom de l'entreprise détecté"", ""domaine officiel détecté : se.com"", ""URL PDF directe"", ""rapport annuel/URD contenant signaux durabilité : [\""document d'enregistrement universel\"", 'document d enregistrement universel']"", ""classe documentaire : annual_report_with_sustainability_content""]",[],C:\Users\hp\Desktop\ESG\SustainabilityReportRetriever\data\dossier_ingestion_0\sustainability_reports\schneider-electric\2024\candidates\candidate_003_score_100_0.pdf,C:\Users\hp\Desktop\ESG\SustainabilityReportRetriever\data\dossier_ingestion_0\sustainability_reports\schneider-electric\2024\candidates\candidate_003_manifest.json,89d162c4a20b0b532fd6c15021ed8bf6cf65551b34fa5c5a0b757b0fa03ce25d,13.9201,sustainability_report_candidate,high_score_candidate,3,2026-05-09T18:46:04+00:00,C:\Users\hp\Desktop\ESG\SustainabilityReportRetriever\data\dossier_ingestion_0\sustainability_reports\schneider-electric\2024\candidates\candidate_003_manifest.json
78dbed39cf972e4d6b23735d,SustainabilityReportRetriever,sustainability_report,Schneider Electric,schneider-electric,2024,https://www.se.com/ww/fr/assets/342/document/513141/rapport-developpement-durable-2024.pdf?p_enDocType=EDMS&p_File_Name=Rapport+D%C3%A9veloppement+Durable+2024,[PDF] Rapport Développement Durable 2024 - Schneider Electric,"Preuve de notre engagement, nous sommes arrivé en tête de la liste des « Entreprises les plus durables au monde en 2024 » par. TIME Magazine and Statista. Début",tavily,100.0,auto_download,"[""année trouvée : 2024"", ""mots-clés forts durabilité : ['rapport développement durable', 'rapport developpement durable']"", ""nom de l'entreprise détecté"", ""domaine officiel détecté : se.com"", ""URL PDF directe"", ""classe documentaire : standalone_sustainability_report""]",[],C:\Users\hp\Desktop\ESG\SustainabilityReportRetriever\data\dossier_ingestion_0\sustainability_reports\schneider-electric\2024\candidates\candidate_004_score_100_0.pdf,C:\Users\hp\Desktop\ESG\SustainabilityReportRetriever\data\dossier_ingestion_0\sustainability_reports\schneider-electric\2024\candidates\candidate_004_manifest.json,e821aee202d2c259db861cd67c4a3384a85c9c41fff5040378a95bf65c831763,20.3544,sustainability_report_candidate,high_score_candidate,4,2026-05-09T17:40:05+00:00,C:\Users\hp\Desktop\ESG\SustainabilityReportRetriever\data\dossier_ingestion_0\sustainability_reports\schneider-electric\2024\candidates\candidate_004_manifest.json
ac79ef6365e689153262236b,SustainabilityReportRetriever,sustainability_report,Schneider Electric,schneider-electric,2024,https://www.se.com/ww/fr/assets/342/document/462018/2023-document-enregistrement-universel.pdf,[PDF] document d'enregistrement universel 2023 - Schneider Electric,"RAPPORT FINANCIER ET DÉVELOPPEMENT DURABLE. Page 2. Le document d'enregistrement universel a été déposé le 28 mars 2024 auprès de l'AMF, en sa.",tavily,100.0,auto_download,"[""année trouvée : 2024"", ""mots-clés faibles durabilité : ['rse', 'développement durable', 'developpement durable']"", ""nom de l'entreprise détecté"", ""domaine officiel détecté : se.com"", ""URL PDF directe"", ""rapport annuel/URD contenant signaux durabilité : [\""document d'enregistrement universel\"", 'document d enregistrement universel']"", ""classe documentaire : annual_report_with_sustainability_content""]",[],C:\Users\hp\Desktop\ESG\SustainabilityReportRetriever\data\dossier_ingestion_0\sustainability_reports\schneider-electric\2024\candidates\candidate_005_score_100_0.pdf,C:\Users\hp\Desktop\ESG\SustainabilityReportRetriever\data\dossier_ingestion_0\sustainability_reports\schneider-electric\2024\candidates\candidate_005_manifest.json,d34f43ad366577ccc5574c99bfa7776f381b197f825272b9134b1999675fd084,14.3255,sustainability_report_candidate,high_score_candidate,5,2026-05-09T18:46:13+00:00,C:\Users\hp\Desktop\ESG\SustainabilityReportRetriever\data\dossier_ingestion_0\sustainability_reports\schneider-electric\2024\candidates\candidate_005_manifest.json
5e7ce3cc62148c2d91ee737b,SustainabilityReportRetriever,sustainability_report,Schneider Electric,schneider-electric,2024,https://www.se.com/ww/en/assets/564/document/466155/2023-sustainability-report.pdf,[PDF] 2023 Sustainability Report - Schneider Electric,"# Industrial Tech for Sustainable Impact | www.se.com Schneider Electric  2023 Sustainable Development Report. SSI initiatives act as our sustainability roadmap, tracking our environmental, social, and inclusion transformation in line with six long-term commitments to climate, resources, trust, equality, people of all generations, and the local stakeholders with whom we work. The execution of the Group’s 2021–2025 sustainability strategy is tracked through quantitative key performance indicators (KPIs), under two complementary tools: the Schneider Sustainability Impact (SSI) and the Schneider Sustainability Essentials (SSE). Collectively, the 11 SSI Global and Local Impact programs, as well as the 25 SSE programs, are the Group’s short-term sustainability roadmap and our contribution to the 17 UN SDGs. The SSI is the translation of our six long-term commitments into a selection of 11 highly transformative and innovative programs. Learning & Development cost per employee  €/employee  660.8  560.8  425.8  356.1 www.se.com Schneider Electric  2023 Sustainable Development Report |.",tavily,85.0,auto_download,"[""mots-clés forts durabilité : ['sustainability report', 'sustainable development report']"", ""nom de l'entreprise détecté"", ""domaine officiel détecté : se.com"", ""URL PDF directe"", ""nom de fichier compatible durabilité : ['sustainabilityreport']"", ""classe documentaire : standalone_sustainability_report""]","[""année demandée absente, années détectées : [2021, 2023, 2025]""]",C:\Users\hp\Desktop\ESG\SustainabilityReportRetriever\data\dossier_ingestion_0\sustainability_reports\schneider-electric\2024\candidates\candidate_006_score_85_0.pdf,C:\Users\hp\Desktop\ESG\SustainabilityReportRetriever\data\dossier_ingestion_0\sustainability_reports\schneider-electric\2024\candidates\candidate_006_manifest.json,02226e1cf5328810510451e1e524e966389750963175a41474de835e18d5aaab,14.1676,sustainability_report_candidate,high_score_candidate,6,2026-05-09T18:46:15+00:00,C:\Users\hp\Desktop\ESG\SustainabilityReportRetriever\data\dossier_ingestion_0\sustainability_reports\schneider-electric\2024\candidates\candidate_006_manifest.json
493a8591bbf4e90fea159466,SustainabilityReportRetriever,sustainability_report,Schneider Electric,schneider-electric,2024,https://www.se.com/ww/en/assets/564/document/466155/2023-sustainability-report.pdf,[PDF] 2023 Sustainability Report - Schneider Electric,"# Industrial Tech for Sustainable Impact | www.se.com Schneider Electric  2023 Sustainable Development Report. SSI initiatives act as our sustainability roadmap, tracking our environmental, social, and inclusion transformation in line with six long-term commitments to climate, resources, trust, equality, people of all generations, and the local stakeholders with whom we work. The execution of the Group’s 2021–2025 sustainability strategy is tracked through quantitative key performance indicators (KPIs), under two complementary tools: the Schneider Sustainability Impact (SSI) and the Schneider Sustainability Essentials (SSE). Collectively, the 11 SSI Global and Local Impact programs, as well as the 25 SSE programs, are the Group’s short-term sustainability roadmap and our contribution to the 17 UN SDGs. The SSI is the translation of our six long-term commitments into a selection of 11 highly transformative and innovative programs. Learning & Development cost per employee  €/employee  660.8  560.8  425.8  356.1 www.se.com Schneider Electric  2023 Sustainable Development Report |.",tavily,85.0,auto_download,"[""mots-clés forts durabilité : ['sustainability report', 'sustainable development report']"", ""nom de l'entreprise détecté"", ""domaine officiel détecté : se.com"", ""URL PDF directe"", ""nom de fichier compatible durabilité : ['sustainabilityreport']"", ""classe documentaire : standalone_sustainability_report""]","[""année demandée absente, années détectées : [2021, 2023, 2025]""]",C:\Users\hp\Desktop\ESG\SustainabilityReportRetriever\data\dossier_ingestion_0\sustainability_reports\schneider-electric\2024\candidates\candidate_007_score_85_0.pdf,C:\Users\hp\Desktop\ESG\SustainabilityReportRetriever\data\dossier_ingestion_0\sustainability_reports\schneider-electric\2024\candidates\candidate_007_manifest.json,02226e1cf5328810510451e1e524e966389750963175a41474de835e18d5aaab,14.1676,sustainability_report_candidate,high_score_candidate,7,2026-05-09T17:40:16+00:00,C:\Users\hp\Desktop\ESG\SustainabilityReportRetriever\data\dossier_ingestion_0\sustainability_reports\schneider-electric\2024\candidates\candidate_007_manifest.json
708ed75ded32a486183df699,SustainabilityReportRetriever,sustainability_report,Schneider Electric,schneider-electric,2024,https://www.se.com/ww/en/assets/564/document/396659/2022-sustainability-report.pdf,[PDF] 2022 Sustainable Development Report - Schneider Electric,"Missing the public objectives set by the Group could result in: • Brand and reputational impact • Distrust from stakeholders and loss of attractivity to investors, customers or new talents Internal Governance in place from Board to operational levels to monitor performance and ensure progress SSI performance embedded in managers’ and leaders’ short-term incentives ESG performance in four external ratings linked to attribution of performance shares for leaders (Schneider Sustainability External and Relative Index, SSERI) • SSI 2022 performance reached 4.91/10, above the 4.70/10 target • 100% performance in Schneider Sustainability External and Relative Index (SSERI) thanks to industry leader ranking in several ESG Ratings • Good progress in SSI and SSE Climate programs and CO 2footprint reduction of 22% vs 2021 Higher credibility and attractivity to stakeholders (such as investors, new talents, customers, or governments) Risks mitigation ahead of competition thanks to the SSI disruptive and virtuous continuous improvement process Business opportunities thanks to innovation & transformation 16 Schneider Electric  2022 Sustainable Development Report |  www.se.com.",tavily,85.0,auto_download,"[""mots-clés forts durabilité : ['sustainability report', 'sustainable development report']"", ""nom de l'entreprise détecté"", ""domaine officiel détecté : se.com"", ""URL PDF directe"", ""nom de fichier compatible durabilité : ['sustainabilityreport']"", ""classe documentaire : standalone_sustainability_report""]","[""année demandée absente, années détectées : [2021, 2022]""]",C:\Users\hp\Desktop\ESG\SustainabilityReportRetriever\data\dossier_ingestion_0\sustainability_reports\schneider-electric\2024\candidates\candidate_008_score_85_0.pdf,C:\Users\hp\Desktop\ESG\SustainabilityReportRetriever\data\dossier_ingestion_0\sustainability_reports\schneider-electric\2024\candidates\candidate_008_manifest.json,4f0ecf1a668fa80cca0983a42f49f183912c23ac7636a3b4386614c1d5c108e6,4.6754,sustainability_report_candidate,high_score_candidate,8,2026-05-09T17:40:17+00:00,C:\Users\hp\Desktop\ESG\SustainabilityReportRetriever\data\dossier_ingestion_0\sustainability_reports\schneider-electric\2024\candidates\candidate_008_manifest.json
b27ff26ea3f7a1b8eadd05ff,SustainabilityReportRetriever,sustainability_report,TotalEnergies,totalenergies,2024,https://totalenergies.com/system/files/documents/2024-03/totalenergies_sustainability-climate-2024-progress-report_2024_fr_pdf.pdf,[PDF] Total Energies - Sustainability & Climate 2024 Progress Report,"NOTRE DÉMARCHE NOTRE DÉMARCHE NOTRE RAISON D’ÊTRE Fournir au plus grand nombre une énergie plus abordable, plus disponible et plus durable NOTRE AMBITION Être un acteur majeur de la transition énergétique, engagé vers la neutralité carbone en 2050, ensemble avec la société 10 INDICATEURS SUR LA PÉRIODE 2023-2025 POUR ACCOMPAGNER NOTRE TRANSITION 10 INDICATEURS SUR LA PÉRIODE 2023-2025 POUR ACCOMPAGNER NOTRE TRANSITION CLIMAT ET ÉNERGIE DURABLE PRENDRE SOIN DE L’ENVIRONNEMENT AGIR POUR LE BIEN-ÊTRE DES COLLABORATEURS AVOIR UN IMPACT POSITIF POUR LES PARTIES PRENANTES Énergie & Climat : notre transition énergétique ordonnée Notre ambition et nos progrès Agir pour le bien-être des collaborateurs Avoir un impact positif pour les parties prenantes  Prendre soin de l’environnement Indicateurs de performance Sommaire Introduction Édito de Patrick Pouyanné, Président-directeur général 3 Message de Jacques Aschenbroich, Administrateur référent 6 Gouvernance 7 Nos risques relatifs au climat 9 Notre ambition et nos progrès 10 Enjeux mondiaux : plus d’énergies, moins d’émissions 11 Enjeux mondiaux : la COP28 et les actions à mener 12 Une stratégie multi-énergies en deux piliers 13 Une Compagnie Net Zéro en 2050, ensemble avec la société 14 2030 : nos objectifs pour plus d’énergie et moins d’émissions 15  Positionnement des objectifs de TotalEnergies à l’horizon 2030 au regard des scénarios de l’AIE 16 Focus : accompagner l’Irak dans son indépendance énergétique 17 Une stratégie au service de la réduction des émissions de nos clients 18 Accompagner nos clients dans leur démarche de décarbonation 19 Focus : Texas, États-Unis : une intégration multi-énergies 20 Des investissements disciplinés et durables pour assurer notre stratégie 21 Un portefeuille résilient 23 Taxonomie 2023 : une Compagnie en transition 25  Évaluation de notre transition par des tiers 26 ÉNERGIE & CLIMAT : NOTRE TRANSITION ÉNERGÉTIQUE ORDONNÉE 27 Impact climat de notre stratégie : nos résultats 2023 et nos objectifs 2025 - 2030 28 Pétrole : l’énergie d’aujourd’hui 29 Produire autrement du pétrole : focus",tavily,100.0,auto_download,"[""année trouvée : 2024"", ""mots-clés faibles durabilité : ['sustainability', 'climate']"", ""nom de l'entreprise détecté"", ""domaine officiel détecté : totalenergies.com"", ""URL PDF directe"", ""rapport annuel/URD contenant signaux durabilité : ['urd', 'deu']"", ""classe documentaire : annual_report_with_sustainability_content""]",[],C:\Users\hp\Desktop\ESG\SustainabilityReportRetriever\data\dossier_ingestion_0\sustainability_reports\totalenergies\2024\candidates\candidate_001_score_100_0.pdf,C:\Users\hp\Desktop\ESG\SustainabilityReportRetriever\data\dossier_ingestion_0\sustainability_reports\totalenergies\2024\candidates\candidate_001_manifest.json,65b02fcd781febf91dfc3c3ac4117cdeeb2c7af67ca847c366c2aebac9c390e3,10.0654,sustainability_report_candidate,high_score_candidate,1,2026-05-09T18:45:15+00:00,C:\Users\hp\Desktop\ESG\SustainabilityReportRetriever\data\dossier_ingestion_0\sustainability_reports\totalenergies\2024\candidates\candidate_001_manifest.json
b3f7d35f2501d394cbe21a3a,SustainabilityReportRetriever,sustainability_report,TotalEnergies,totalenergies,2024,https://totalenergies.com/system/files/documents/totalenergies_universal-registration-document-2024_2025_en.pdf,2024 Universal Registration Document (PDF version),PDF extrait depuis une page HTML. Page source : https://totalenergies.com/sustainability/our-approach/esg-documentation. Titre page : ESG Documentation | TotalEnergies.com. Texte du lien : 2024 Universal Registration Document (PDF version).,html_pdf_resolver,100.0,auto_download,"[""année trouvée : 2024"", ""mots-clés faibles durabilité : ['sustainability', 'esg']"", ""nom de l'entreprise détecté"", ""domaine officiel détecté : totalenergies.com"", ""URL PDF directe"", ""rapport annuel/URD contenant signaux durabilité : ['universal registration document']"", ""classe documentaire : annual_report_with_sustainability_content""]",[],C:\Users\hp\Desktop\ESG\SustainabilityReportRetriever\data\dossier_ingestion_0\sustainability_reports\totalenergies\2024\candidates\candidate_002_score_100_0.pdf,C:\Users\hp\Desktop\ESG\SustainabilityReportRetriever\data\dossier_ingestion_0\sustainability_reports\totalenergies\2024\candidates\candidate_002_manifest.json,c0294fa903042125e9347c0592847defd97f5da88182a640162598828d33b4f0,16.3762,sustainability_report_candidate,high_score_candidate,2,2026-05-09T18:45:18+00:00,C:\Users\hp\Desktop\ESG\SustainabilityReportRetriever\data\dossier_ingestion_0\sustainability_reports\totalenergies\2024\candidates\candidate_002_manifest.json
4cd970afe68851af41b3adec,SustainabilityReportRetriever,sustainability_report,TotalEnergies,totalenergies,2024,https://totalenergies.com/system/files/documents/2024-03/totalenergies_universal-registration-document-2023_2023_en_pdf.pdf,2023 Universal Registration Document (PDF version),PDF extrait depuis une page HTML. Page source : https://totalenergies.com/sustainability/our-approach/esg-documentation. Titre page : ESG Documentation | TotalEnergies.com. Texte du lien : 2023 Universal Registration Document (PDF version).,html_pdf_resolver,100.0,auto_download,"[""année trouvée : 2024"", ""mots-clés faibles durabilité : ['sustainability', 'esg']"", ""nom de l'entreprise détecté"", ""domaine officiel détecté : totalenergies.com"", ""URL PDF directe"", ""rapport annuel/URD contenant signaux durabilité : ['universal registration document']"", ""classe documentaire : annual_report_with_sustainability_content""]",[],C:\Users\hp\Desktop\ESG\SustainabilityReportRetriever\data\dossier_ingestion_0\sustainability_reports\totalenergies\2024\candidates\candidate_003_score_100_0.pdf,C:\Users\hp\Desktop\ESG\SustainabilityReportRetriever\data\dossier_ingestion_0\sustainability_reports\totalenergies\2024\candidates\candidate_003_manifest.json,dba48e9f5e7e6fc9862dd95159960eb2a270d6975f2457f443ca422e7449e7d6,17.8381,sustainability_report_candidate,high_score_candidate,3,2026-05-09T18:45:20+00:00,C:\Users\hp\Desktop\ESG\SustainabilityReportRetriever\data\dossier_ingestion_0\sustainability_reports\totalenergies\2024\candidates\candidate_003_manifest.json
2c1f6d0efdb25e298d3ee346,SustainabilityReportRetriever,sustainability_report,TotalEnergies,totalenergies,2024,https://totalenergies.com/system/files/documents/totalenergies_document-enregistrement-universel-2024_2025_fr.pdf,Document d'enregistrement universel 2024 (version PDF),PDF extrait depuis une page HTML. Page source : https://totalenergies.com/fr/developpement-durable/notre-demarche/documentation-esg. Titre page : Documentation ESG | TotalEnergies.com. Texte du lien : Document d'enregistrement universel 2024 (version PDF).,html_pdf_resolver,100.0,auto_download,"[""année trouvée : 2024"", ""mots-clés faibles durabilité : ['esg', 'rse', 'développement durable', 'developpement durable']"", ""nom de l'entreprise détecté"", ""domaine officiel détecté : totalenergies.com"", ""URL PDF directe"", ""rapport annuel/URD contenant signaux durabilité : [\""document d'enregistrement universel\"", 'document d enregistrement universel']"", ""classe documentaire : annual_report_with_sustainability_content""]",[],C:\Users\hp\Desktop\ESG\SustainabilityReportRetriever\data\dossier_ingestion_0\sustainability_reports\totalenergies\2024\candidates\candidate_004_score_100_0.pdf,C:\Users\hp\Desktop\ESG\SustainabilityReportRetriever\data\dossier_ingestion_0\sustainability_reports\totalenergies\2024\candidates\candidate_004_manifest.json,c65ec5c295536fd09cb15ccf7c6172f35215556f5d9b9f74f802a602d22b238d,16.1175,sustainability_report_candidate,high_score_candidate,4,2026-05-09T18:45:22+00:00,C:\Users\hp\Desktop\ESG\SustainabilityReportRetriever\data\dossier_ingestion_0\sustainability_reports\totalenergies\2024\candidates\candidate_004_manifest.json
2d94e08293437571307c0589,SustainabilityReportRetriever,sustainability_report,TotalEnergies,totalenergies,2024,https://totalenergies.com/system/files/documents/2024-03/totalenergies_document-enregistrement-universel-2023_2023_fr_pdf.pdf,Document d'enregistrement universel 2023 (version PDF),PDF extrait depuis une page HTML. Page source : https://totalenergies.com/fr/developpement-durable/notre-demarche/documentation-esg. Titre page : Documentation ESG | TotalEnergies.com. Texte du lien : Document d'enregistrement universel 2023 (version PDF).,html_pdf_resolver,100.0,auto_download,"[""année trouvée : 2024"", ""mots-clés faibles durabilité : ['esg', 'rse', 'développement durable', 'developpement durable']"", ""nom de l'entreprise détecté"", ""domaine officiel détecté : totalenergies.com"", ""URL PDF directe"", ""rapport annuel/URD contenant signaux durabilité : [\""document d'enregistrement universel\"", 'document d enregistrement universel']"", ""classe documentaire : annual_report_with_sustainability_content""]",[],C:\Users\hp\Desktop\ESG\SustainabilityReportRetriever\data\dossier_ingestion_0\sustainability_reports\totalenergies\2024\candidates\candidate_005_score_100_0.pdf,C:\Users\hp\Desktop\ESG\SustainabilityReportRetriever\data\dossier_ingestion_0\sustainability_reports\totalenergies\2024\candidates\candidate_005_manifest.json,58d7b226058c62e948734cdba87bdc8d2d2481a6ecbc97065a41cdb0c0695ea7,22.1127,sustainability_report_candidate,high_score_candidate,5,2026-05-09T18:45:24+00:00,C:\Users\hp\Desktop\ESG\SustainabilityReportRetriever\data\dossier_ingestion_0\sustainability_reports\totalenergies\2024\candidates\candidate_005_manifest.json
53f3130ab9ad2051b6f5b6c4,SustainabilityReportRetriever,sustainability_report,TotalEnergies,totalenergies,2024,https://www.responsibilityreports.com/HostedData/ResponsibilityReportArchive/t/NYSE_TTE_2021.pdf,View Responsibility Report,PDF extrait depuis une page HTML. Page source : https://www.responsibilityreports.com/Company/totalenergies. Titre page : TotalEnergies - ResponsibilityReports.com. Texte du lien : View Responsibility Report.,html_pdf_resolver,80.0,auto_download,"[""mots-clés forts durabilité : ['responsibility report']"", ""nom de l'entreprise détecté"", ""URL PDF directe"", ""nom de fichier compatible durabilité : ['responsibilityreport']"", ""classe documentaire : standalone_sustainability_report""]","[""aucune année détectée"", ""domaine non officiel : responsibilityreports.com""]",C:\Users\hp\Desktop\ESG\SustainabilityReportRetriever\data\dossier_ingestion_0\sustainability_reports\totalenergies\2024\candidates\candidate_006_score_80_0.pdf,C:\Users\hp\Desktop\ESG\SustainabilityReportRetriever\data\dossier_ingestion_0\sustainability_reports\totalenergies\2024\candidates\candidate_006_manifest.json,9913025d1626b18764d4e6307cd90d3d0f09f3696aea23e70eedea1c46e0e12c,8.1396,sustainability_report_candidate,high_score_candidate,6,2026-05-09T18:39:27+00:00,C:\Users\hp\Desktop\ESG\SustainabilityReportRetriever\data\dossier_ingestion_0\sustainability_reports\totalenergies\2024\candidates\candidate_006_manifest.json
1b722fc0fee8711133121fc6,SustainabilityReportRetriever,sustainability_report,TotalEnergies,totalenergies,2024,https://www.responsibilityreports.com/HostedData/ResponsibilityReportArchive/t/NYSE_TTE_2020.pdf,View Responsibility Report,PDF extrait depuis une page HTML. Page source : https://www.responsibilityreports.com/Company/totalenergies. Titre page : TotalEnergies - ResponsibilityReports.com. Texte du lien : View Responsibility Report.,html_pdf_resolver,80.0,auto_download,"[""mots-clés forts durabilité : ['responsibility report']"", ""nom de l'entreprise détecté"", ""URL PDF directe"", ""nom de fichier compatible durabilité : ['responsibilityreport']"", ""classe documentaire : standalone_sustainability_report""]","[""aucune année détectée"", ""domaine non officiel : responsibilityreports.com""]",C:\Users\hp\Desktop\ESG\SustainabilityReportRetriever\data\dossier_ingestion_0\sustainability_reports\totalenergies\2024\candidates\candidate_007_score_80_0.pdf,C:\Users\hp\Desktop\ESG\SustainabilityReportRetriever\data\dossier_ingestion_0\sustainability_reports\totalenergies\2024\candidates\candidate_007_manifest.json,e33e8b6b34a9ec1b8991abae34261532f8714119200b044d1d42ffe65372c94b,12.3805,sustainability_report_candidate,high_score_candidate,7,2026-05-09T18:39:28+00:00,C:\Users\hp\Desktop\ESG\SustainabilityReportRetriever\data\dossier_ingestion_0\sustainability_reports\totalenergies\2024\candidates\candidate_007_manifest.json
b87997f5151614d9e8a691ee,SustainabilityReportRetriever,sustainability_report,TotalEnergies,totalenergies,2024,https://www.responsibilityreports.com/HostedData/ResponsibilityReportArchive/t/NYSE_TTE_2019.pdf,View Responsibility Report,PDF extrait depuis une page HTML. Page source : https://www.responsibilityreports.com/Company/totalenergies. Titre page : TotalEnergies - ResponsibilityReports.com. Texte du lien : View Responsibility Report.,html_pdf_resolver,80.0,auto_download,"[""mots-clés forts durabilité : ['responsibility report']"", ""nom de l'entreprise détecté"", ""URL PDF directe"", ""nom de fichier compatible durabilité : ['responsibilityreport']"", ""classe documentaire : standalone_sustainability_report""]","[""aucune année détectée"", ""domaine non officiel : responsibilityreports.com""]",C:\Users\hp\Desktop\ESG\SustainabilityReportRetriever\data\dossier_ingestion_0\sustainability_reports\totalenergies\2024\candidates\candidate_008_score_80_0.pdf,C:\Users\hp\Desktop\ESG\SustainabilityReportRetriever\data\dossier_ingestion_0\sustainability_reports\totalenergies\2024\candidates\candidate_008_manifest.json,e8b59765b98e5718fc69587889f2d99317eba4b0d1bc98c728771bbc2a82dab6,7.6233,sustainability_report_candidate,high_score_candidate,8,2026-05-09T18:39:30+00:00,C:\Users\hp\Desktop\ESG\SustainabilityReportRetriever\data\dossier_ingestion_0\sustainability_reports\totalenergies\2024\candidates\candidate_008_manifest.json
f856de51fea4b2dad1907645,SustainabilityReportRetriever,sustainability_report,TotalEnergies,totalenergies,2024,https://www.responsibilityreports.com/HostedData/ResponsibilityReportArchive/t/NYSE_TTE_2018.pdf,View Responsibility Report,PDF extrait depuis une page HTML. Page source : https://www.responsibilityreports.com/Company/totalenergies. Titre page : TotalEnergies - ResponsibilityReports.com. Texte du lien : View Responsibility Report.,html_pdf_resolver,80.0,auto_download,"[""mots-clés forts durabilité : ['responsibility report']"", ""nom de l'entreprise détecté"", ""URL PDF directe"", ""nom de fichier compatible durabilité : ['responsibilityreport']"", ""classe documentaire : standalone_sustainability_report""]","[""aucune année détectée"", ""domaine non officiel : responsibilityreports.com""]",C:\Users\hp\Desktop\ESG\SustainabilityReportRetriever\data\dossier_ingestion_0\sustainability_reports\totalenergies\2024\candidates\candidate_009_score_80_0.pdf,C:\Users\hp\Desktop\ESG\SustainabilityReportRetriever\data\dossier_ingestion_0\sustainability_reports\totalenergies\2024\candidates\candidate_009_manifest.json,57ee931c4210d131c0a1eef6b5fdab51b5fa275de97e57a1076ad13d4dd00568,9.1238,sustainability_report_candidate,high_score_candidate,9,2026-05-09T18:39:31+00:00,C:\Users\hp\Desktop\ESG\SustainabilityReportRetriever\data\dossier_ingestion_0\sustainability_reports\totalenergies\2024\candidates\candidate_009_manifest.json
7a26803744e3e75fa20ae959,SustainabilityReportRetriever,sustainability_report,TotalEnergies,totalenergies,2024,https://www.responsibilityreports.com/HostedData/ResponsibilityReportArchive/t/NYSE_TTE_2017.pdf,View Responsibility Report,PDF extrait depuis une page HTML. Page source : https://www.responsibilityreports.com/Company/totalenergies. Titre page : TotalEnergies - ResponsibilityReports.com. Texte du lien : View Responsibility Report.,html_pdf_resolver,80.0,auto_download,"[""mots-clés forts durabilité : ['responsibility report']"", ""nom de l'entreprise détecté"", ""URL PDF directe"", ""nom de fichier compatible durabilité : ['responsibilityreport']"", ""classe documentaire : standalone_sustainability_report""]","[""aucune année détectée"", ""domaine non officiel : responsibilityreports.com""]",C:\Users\hp\Desktop\ESG\SustainabilityReportRetriever\data\dossier_ingestion_0\sustainability_reports\totalenergies\2024\candidates\candidate_010_score_80_0.pdf,C:\Users\hp\Desktop\ESG\SustainabilityReportRetriever\data\dossier_ingestion_0\sustainability_reports\totalenergies\2024\candidates\candidate_010_manifest.json,5ad08504406eed6ffeda55ce5574b2aebfd97efe3c9e46c44a9849e0f4bdd7f9,5.5785,sustainability_report_candidate,high_score_candidate,10,2026-05-09T18:39:33+00:00,C:\Users\hp\Desktop\ESG\SustainabilityReportRetriever\data\dossier_ingestion_0\sustainability_reports\totalenergies\2024\candidates\candidate_010_manifest.json
eeb492802f5d479b9fa40e20,ClimateReportRetriever,climate_report,LVMH,lvmh,2024,https://lvmh-com.cdn.prismic.io/lvmh-com/aGbA7Hfc4bHWjB6j_LVMH_RSE2024_EN_accessible_version.pdf,aGbA7Hfc4bHWjB6j_LVMH_RS...,"Japan), 10% in other markets ◆ 33% of permanent contract positions filled internally ◆ 71% women, 65% women executives & managers, 48% of key positions held by women, 17 Maisons and divisions headed by women ◆ Average age: 37 ◆ €43 million invested in employee health and safety CREATIVE CAPITAL AND INNOVATION ◆ LVMH Prize for Young Fashion Designers ◆ LVMH Open Innovation ◆ LVMH Innovation Award ◆ LVMH Métiers d’Art ◆ LVMH Gaïa, driving the Group’s scientific research and innovation FINANCIAL CAPITAL ◆ €10.5 billion: Free cash flow ◆ €69.3 billion: Equity ◆ Stable shareholder base: 49% held by the Arnault family group PARTNERS ◆ See the “General information” section, §3, “Strategy”, §3.2, “Involving stakeholders” in the 2024 Universal Registration Document TRAINING AND PASSING ON SKILLS AND EXPERTISE ◆ €216.3 million invested in employee training ◆ Over 280 professions in design, craftsmanship and the customer experience ◆ >3,300 apprentices trained by the Institut des Métiers d’Excellence (IME), launched in 2014 and now present in 8 countries (France, Switzerland, Italy, Spain, Japan, Germany, China and the United States) NATURAL CAPITAL ◆ 20 strategic natural materials ◆ LIFE 360 sustainability program ◆ Animal-Based Raw Materials Sourcing Charter ◆ Participation in SBTN and TNFD reporting ◆ SBTi-validated climate trajectory LOCAL PRESENCE ◆ Presence in 81 countries ◆ 119 production facilities and craft workshops in France, 66 in Italy ◆ 6,307 stores worldwide Business model geared towards risk management and value creation Talent development roadmap Fair Wage policy LIFE 360 Diversity & Inclusion policy Health & Safety Charter Ethics & Compliance policy DESIGN ◆ Recyclability requirements integrated right from the design phase ◆ Support for an innovative ecosystem (LVMH Maison des Startups) ◆ Sustainable design training for creative teams ◆ In-house creative departments CIRCULARITY ◆ Development of repair skills and services ◆ Waste management ◆ Development of innovative processes to reuse and recycle materials as part of LVMH Circularity ◆ Innovation to create",tavily,98.0,auto_download,"[""année trouvée : 2024"", ""mots-clés TCFD/CDP : ['sbti']"", ""nom de l'entreprise détecté"", ""URL PDF directe"", ""rapport annuel/URD contenant signaux climat : ['universal registration document']"", ""classe documentaire : tcfd_cdp_disclosure""]","[""domaine non officiel : lvmh-com.cdn.prismic.io""]",C:\Users\hp\Desktop\ESG\ClimateReportRetriever\data\dossier_ingestion_0\climate_reports\lvmh\2024\candidates\candidate_001_score_98_0.pdf,C:\Users\hp\Desktop\ESG\ClimateReportRetriever\data\dossier_ingestion_0\climate_reports\lvmh\2024\candidates\candidate_001_manifest.json,cb4f46a0de5e59d280ed6ce687ecc690a6dd8a1cda47d95767f080d72887ca42,32.7079,climate_report_candidate,high_score_candidate,1,2026-05-09T19:17:14+00:00,C:\Users\hp\Desktop\ESG\ClimateReportRetriever\data\dossier_ingestion_0\climate_reports\lvmh\2024\candidates\candidate_001_manifest.json
2107d877b2f09228584edd8b,ClimateReportRetriever,climate_report,LVMH,lvmh,2024,https://lvmh-com.cdn.prismic.io/lvmh-com/aGbBGnfc4bHWjB6t_LVMH_RSE2024_FR_version_accessible.pdf,aGbBGnfc4bHWjB6t_LVMH_RS...,"« Stratégie » § 3.2 – « L’association des parties prenantes » FORMATION ET TRANSMISSION DES SAVOIR‑FAIRE ◆ 216,3 millions d’euros investis pour la formation des collaborateurs ◆ Plus de 280 métiers dans la création, l’artisanat et l’expérience client ◆ + de 3 300 apprentis formés par l’Institut des Métiers d’Excellence, présent dans 8 pays (France, Suisse, Italie, Espagne, Japon, Allemagne, Chine et États-Unis) depuis sa création, en 2014 CAPITAL NATURE/NATUREL ◆ 20 matières naturelles stratégiques ◆ Programme d’engagement environnemental LIFE 360 ◆ Charte relative à l’approvisionnement responsable des matières premières animales ◆ Participation aux reportings SBT Nature et TNFD ◆ Trajectoire climat validée par la SBTi ANCRAGE TERRITORIAL ◆ Présence dans pays ◆ 119 ateliers de production et d’artisanat en France, 66 en Italie ◆ 6 307 boutiques dans le monde Un modèle de gestion des risques et de création de valeur Roadmap Talent Development Politique Fair Wages LIFE 360 Politique Diversité & Inclusion Charte Santé et Sécurité Politique Éthique et Compliance CONCEPTION ◆ Intégration de l’exigence de recyclabilité dans la conception ◆ Soutien à un écosystème innovant (Maison des Startups LVMH) ◆ Formation des équipes créatives à l’écoconception ◆ Directions artistiques internalisées CIRCULARITÉ ◆ Développement des métiers et services de réparation ◆ Gestion des déchets ◆ Développement de filières innovantes de revalorisation des matières au sein de LVMH Circularity ◆ Innovation pour créer des matières alternatives et durables VENTE ET EXPÉRIENCE CLIENT ◆ Mise en œuvre de l’affichage environnemental ◆ Certification du management environnemental des boutiques ◆ Partenariats exclusifs avec les bailleurs ◆ Réduction de l’empreinte environnementale des événements marketing et des actions publicitaires ◆ Développement de services de réparation en boutiques ◆ Communication responsable et inclusive dans les actions publicitaires et les événements ◆ Charte sur les conditions de travail des mannequins et leur bien-être APPROVISIONNEMENT ◆ Certification des filières d’approvisionnement selon les standards les plus robustes « chain of custody » ◆ Code de Conduite Fournisseurs",tavily,90.0,auto_download,"[""année trouvée : 2024"", ""mots-clés TCFD/CDP : ['sbti']"", ""nom de l'entreprise détecté"", ""URL PDF directe"", ""classe documentaire : tcfd_cdp_disclosure""]","[""domaine non officiel : lvmh-com.cdn.prismic.io""]",C:\Users\hp\Desktop\ESG\ClimateReportRetriever\data\dossier_ingestion_0\climate_reports\lvmh\2024\candidates\candidate_002_score_90_0.pdf,C:\Users\hp\Desktop\ESG\ClimateReportRetriever\data\dossier_ingestion_0\climate_reports\lvmh\2024\candidates\candidate_002_manifest.json,9cc1d783418da963215e66d87a39d2cd01cecdf6715a908aab839e14955a5d01,41.007,climate_report_candidate,high_score_candidate,2,2026-05-09T19:17:18+00:00,C:\Users\hp\Desktop\ESG\ClimateReportRetriever\data\dossier_ingestion_0\climate_reports\lvmh\2024\candidates\candidate_002_manifest.json
1f1ced821b30468f5e7f7b90,ClimateReportRetriever,climate_report,LVMH,lvmh,2024,https://lvmh-com.cdn.prismic.io/lvmh-com/Z-PY3HdAxsiBv6wN_UniversalRegistrationDocument2024.pdf,LVMH 2024 Universal Registration Document. - Prismic,"From the 14th century to the present 14th century 1365 Le Clos des Lambrays 16th century 1593 Château d’Yquem 18th century 1729 Ruinart 1743 Moët & Chandon 1765 Hennessy 1772 Veuve Clicquot 1780 Chaumet 19th century 1803 Officine Universelle Buly 1815 Ardbeg 1817 Cova 1828 Guerlain 1832 Château Cheval Blanc 1837 Tiffany & Co. 1839 L’Epée 1839 1843 Krug Glenmorangie 1846 Loewe 1849 Royal Van Lent 1852 Le Bon Marché 1854 Louis Vuitton 1858 Mercier 1860 TAG Heuer Jardin d’Acclimatation 1865 Zenith 1870 La Samaritaine 1884 Bulgari 1895 Berluti 1898 Rimowa 20th century 1908 Les Echos 1914 Patou 1916 Acqua di Parma 1923 La Grande Épicerie de Paris 1924 Loro Piana 1925 Fendi 1936 Dom Pérignon Fred Minuty 1944 Le Parisien-Aujourd’hui en France 1945 Celine 1946 Christian Dior Couture 1947 Parfums Christian Dior Emilio Pucci 1949 Paris Match 1952 Givenchy Connaissance des Arts 1955 Château Galoupet 1957 Parfums Givenchy Repossi Vuarnet 1959 Chandon 1960 DFS 1969 Sephora 1970 Kenzo 1972 Perfumes Loewe 1973 Joseph Phelps 1974 Investir-Le Journal des Finances 1976 Benefit Cosmetics Belmond 1977 Newton vineyard 1980 Hublot 1983 Radio Classique Ole Henriksen 1984 Marc Jacobs Make Up For Ever 1985 Cloudy Bay 1988 Kenzo Parfums 1991 Fresh 1992 Colgin Cellars 1993 Belvedere 1996 Terrazas de los Andes 1998 Bodega Numanthia 1999 Cheval des Andes 21st century 2006 Armand de Brignac Château d’Esclans Maisons Cheval Blanc 2007 Barton Perreira 2008 KVD Vegan Beauty 2009 Maison Francis Kurkdjian 2010 Woodinville 2013 Ao Yun 2017 Fenty Beauty by Rihanna Volcán de mi Tierra 2020 Eminente 2024 SirDavis ﻿ 2 2024 Universal Registration Document FINANCIAL HIGHLIGHTS Revenue ( EUR millions) 79,184 86,153 84,683 2022 2023 2024 Profit from recurring operations ( EUR millions) 21,055 22,802 19,571 2022 2023 2024 Stores ( number) 5,664 6,097 6,307 2022 2023 2024 Change in revenue by business group ( EUR millions and percentage) 2024 2023 2024/2023 Change 2022 Published Organic (a) Wines and Spirits 5,862 6,602",tavily,81.0,auto_download,"[""année trouvée : 2024"", ""mots-clés faibles climat : ['climat']"", ""nom de l'entreprise détecté"", ""URL PDF directe"", ""rapport annuel/URD contenant signaux climat : ['universal registration document']"", ""classe documentaire : annual_report_with_climate_content""]","[""domaine non officiel : lvmh-com.cdn.prismic.io""]",C:\Users\hp\Desktop\ESG\ClimateReportRetriever\data\dossier_ingestion_0\climate_reports\lvmh\2024\candidates\candidate_003_score_81_0.pdf,C:\Users\hp\Desktop\ESG\ClimateReportRetriever\data\dossier_ingestion_0\climate_reports\lvmh\2024\candidates\candidate_003_manifest.json,4e67ffaaae7f880fd24e837c30f10c08b0a087ca1b4314dade86e7b5d32c12cb,7.7547,climate_report_candidate,high_score_candidate,3,2026-05-09T19:17:19+00:00,C:\Users\hp\Desktop\ESG\ClimateReportRetriever\data\dossier_ingestion_0\climate_reports\lvmh\2024\candidates\candidate_003_manifest.json
2474e4c7131e12a42ef9136c,ClimateReportRetriever,climate_report,Schneider Electric,schneider-electric,2024,https://www.se.com/ww/en/assets/564/document/511188/Integrated-report-2024.pdf?p_enDocType=Financial+release&p_File_Name=Integrated+report+2024,[PDF] Integrated report 2024 - Schneider Electric,"Climate Transparency. (PACT), and avoided emissions. In 2024,. Schneider Electric also contributed to the Built environment workstream.",tavily,100.0,auto_download,"[""année trouvée : 2024"", ""mots-clés faibles climat : ['climate', 'emissions', 'climat', 'émissions', 'emissions']"", ""nom de l'entreprise détecté"", ""domaine officiel détecté : se.com"", ""URL PDF directe"", ""rapport annuel/URD contenant signaux climat : ['integrated report']"", ""classe documentaire : annual_report_with_climate_content""]",[],C:\Users\hp\Desktop\ESG\ClimateReportRetriever\data\dossier_ingestion_0\climate_reports\schneider-electric\2024\candidates\candidate_001_score_100_0.pdf,C:\Users\hp\Desktop\ESG\ClimateReportRetriever\data\dossier_ingestion_0\climate_reports\schneider-electric\2024\candidates\candidate_001_manifest.json,5c7265d598ec27abd353fa355dd6830b346c4f564701fea6db373b661af4f349,26.721,climate_report_candidate,high_score_candidate,1,2026-05-09T19:18:51+00:00,C:\Users\hp\Desktop\ESG\ClimateReportRetriever\data\dossier_ingestion_0\climate_reports\schneider-electric\2024\candidates\candidate_001_manifest.json
55a9ddd617b06a61f2a06816,ClimateReportRetriever,climate_report,Schneider Electric,schneider-electric,2024,https://www.se.com/ww/en/assets/564/document/466151/2023-climate-report.pdf,[PDF] 2023 Climate Report - Schneider Electric,"Starting 2024, Schneider Electric looks to accelerate progress across all of these dimensions: continue to speed actions to further slash emissions in operations, accelerate support for suppliers in scaling the opportunities for high-integrity green materials, advance the work with external stakeholders to accelerate grid decarbonization and drive deeper emissions reductions from the use of the products the company sells, and use the company voice and expertise to support efforts aimed at tackling remaining carbon accounting and measurement challenges. To deliver its “Net-Zero ready” target on these emissions by 2030, the Group leverages its Power and Building EcoStruxure ™ IoT architectures, to monitor and optimize energy consumption, manage assets and grid infrastructure, manage distributed renewable energy resources and electricity load, and power EVs. Schneider set best-in-class operational ambitions engaging with the Climate Group on their EP100, EV100, and RE100 programs.",tavily,100.0,auto_download,"[""année trouvée : 2024"", ""mots-clés forts climat : ['climate report']"", ""nom de l'entreprise détecté"", ""domaine officiel détecté : se.com"", ""URL PDF directe"", ""nom de fichier compatible climat : ['climatereport']"", ""classe documentaire : standalone_climate_report""]",[],C:\Users\hp\Desktop\ESG\ClimateReportRetriever\data\dossier_ingestion_0\climate_reports\schneider-electric\2024\candidates\candidate_003_score_100_0.pdf,C:\Users\hp\Desktop\ESG\ClimateReportRetriever\data\dossier_ingestion_0\climate_reports\schneider-electric\2024\candidates\candidate_003_manifest.json,a479aa243964ca928068a8058a6577c51ef093611e5b342d1d5fbb8928c2632e,6.0229,climate_report_candidate,high_score_candidate,3,2026-05-09T19:19:01+00:00,C:\Users\hp\Desktop\ESG\ClimateReportRetriever\data\dossier_ingestion_0\climate_reports\schneider-electric\2024\candidates\candidate_003_manifest.json
3ce06827a2219b9189bb8bce,ClimateReportRetriever,climate_report,TotalEnergies,totalenergies,2024,https://reclaimfinance.org/site/wp-content/uploads/2024/05/202404_Assessment-of-TotalEnergies-climate-strategy.pdf,[PDF] ASSESSMENT OF TOTALENERGIES' CLIMATE STRATEGY,"To assess TotalEnergies’ climate strategy and provide our analysis, Reclaim Finance relied on the International Energy Agency’s (IEA) Net Zero Emissions by 2050 Scenario (NZE).1 The NZE is based on a 1.5°C trajectory and includes: • A drop in oil and gas production of 21% and 18% respectively by 2030, compared with 2022 levels. Indeed, during this period, the company fully acquired Total Eren in 2023 (3.5 GW),40 acquired 50% of ClearWay in the United States in 2022 (3.9 GW),41 20% of Adani Green in 2021 (3 GW) and 50% of Adani Green’s solar assets in 2020 (2.3 GW).42 As TotalEnergies is developing new oil and gas upstream and LNG projects, additional renewable capacities do not change the company’s fossil-based business model.43 If TotalEnergies meets its targets, the maximum renewable power energy share of the company’s energy production mix in 2030 would remain under 10%, while oil and gas extraction will represent 82% of its energy production mix.",tavily,100.0,auto_download,"[""année trouvée : 2024"", ""mots-clés forts climat : ['climate strategy']"", ""nom de l'entreprise détecté"", ""URL PDF directe"", ""nom de fichier compatible climat : ['climatestrategy']"", ""classe documentaire : standalone_climate_report""]","[""domaine non officiel : reclaimfinance.org""]",C:\Users\hp\Desktop\ESG\ClimateReportRetriever\data\dossier_ingestion_0\climate_reports\totalenergies\2024\candidates\candidate_001_score_100_0.pdf,C:\Users\hp\Desktop\ESG\ClimateReportRetriever\data\dossier_ingestion_0\climate_reports\totalenergies\2024\candidates\candidate_001_manifest.json,047837ccb89b3da4a94ced2d32fa126014ac9f75da2933a2a3412338b7902df4,2.9924,climate_report_candidate,high_score_candidate,1,2026-05-09T19:18:03+00:00,C:\Users\hp\Desktop\ESG\ClimateReportRetriever\data\dossier_ingestion_0\climate_reports\totalenergies\2024\candidates\candidate_001_manifest.json
adf37b98b84157ab03bd94e8,ClimateReportRetriever,climate_report,TotalEnergies,totalenergies,2024,https://totalenergies.com/system/files/documents/2024-03/totalenergies_sustainability-climate-2024-progress-report_2024_fr_pdf.pdf,[PDF] Total Energies - Sustainability & Climate 2024 Progress Report,"NOTRE DÉMARCHE NOTRE DÉMARCHE NOTRE RAISON D’ÊTRE Fournir au plus grand nombre une énergie plus abordable, plus disponible et plus durable NOTRE AMBITION Être un acteur majeur de la transition énergétique, engagé vers la neutralité carbone en 2050, ensemble avec la société 10 INDICATEURS SUR LA PÉRIODE 2023-2025 POUR ACCOMPAGNER NOTRE TRANSITION 10 INDICATEURS SUR LA PÉRIODE 2023-2025 POUR ACCOMPAGNER NOTRE TRANSITION CLIMAT ET ÉNERGIE DURABLE PRENDRE SOIN DE L’ENVIRONNEMENT AGIR POUR LE BIEN-ÊTRE DES COLLABORATEURS AVOIR UN IMPACT POSITIF POUR LES PARTIES PRENANTES Énergie & Climat : notre transition énergétique ordonnée Notre ambition et nos progrès Agir pour le bien-être des collaborateurs Avoir un impact positif pour les parties prenantes  Prendre soin de l’environnement Indicateurs de performance Sommaire Introduction Édito de Patrick Pouyanné, Président-directeur général 3 Message de Jacques Aschenbroich, Administrateur référent 6 Gouvernance 7 Nos risques relatifs au climat 9 Notre ambition et nos progrès 10 Enjeux mondiaux : plus d’énergies, moins d’émissions 11 Enjeux mondiaux : la COP28 et les actions à mener 12 Une stratégie multi-énergies en deux piliers 13 Une Compagnie Net Zéro en 2050, ensemble avec la société 14 2030 : nos objectifs pour plus d’énergie et moins d’émissions 15  Positionnement des objectifs de TotalEnergies à l’horizon 2030 au regard des scénarios de l’AIE 16 Focus : accompagner l’Irak dans son indépendance énergétique 17 Une stratégie au service de la réduction des émissions de nos clients 18 Accompagner nos clients dans leur démarche de décarbonation 19 Focus : Texas, États-Unis : une intégration multi-énergies 20 Des investissements disciplinés et durables pour assurer notre stratégie 21 Un portefeuille résilient 23 Taxonomie 2023 : une Compagnie en transition 25  Évaluation de notre transition par des tiers 26 ÉNERGIE & CLIMAT : NOTRE TRANSITION ÉNERGÉTIQUE ORDONNÉE 27 Impact climat de notre stratégie : nos résultats 2023 et nos objectifs 2025 - 2030 28 Pétrole : l’énergie d’aujourd’hui 29 Produire autrement du pétrole : focus",tavily,100.0,auto_download,"[""année trouvée : 2024"", ""mots-clés TCFD/CDP : ['décarbonation', 'decarbonation']"", ""nom de l'entreprise détecté"", ""domaine officiel détecté : totalenergies.com"", ""URL PDF directe"", ""classe documentaire : tcfd_cdp_disclosure""]",[],C:\Users\hp\Desktop\ESG\ClimateReportRetriever\data\dossier_ingestion_0\climate_reports\totalenergies\2024\candidates\candidate_002_score_100_0.pdf,C:\Users\hp\Desktop\ESG\ClimateReportRetriever\data\dossier_ingestion_0\climate_reports\totalenergies\2024\candidates\candidate_002_manifest.json,65b02fcd781febf91dfc3c3ac4117cdeeb2c7af67ca847c366c2aebac9c390e3,10.0654,climate_report_candidate,high_score_candidate,2,2026-05-09T19:18:04+00:00,C:\Users\hp\Desktop\ESG\ClimateReportRetriever\data\dossier_ingestion_0\climate_reports\totalenergies\2024\candidates\candidate_002_manifest.json
7f4ea984df9bf95b42a3fc10,ClimateReportRetriever,climate_report,TotalEnergies,totalenergies,2024,https://totalenergies.com/sites/g/files/nytnzq121/files/documents/2024-08/totalenergies_SGD-reporting_2024_en_pdf.pdf,[PDF] TotalEnergies SDG REPORTING,"Climate and sustainable energy SDG Targets Related business theme Sources of information SDG 7 Ensure access to affordable, reliable, sustainable and modern energy for all 7.1 By 2030, ensure universal access to affordable, reliable and modern energy services Access to energy URD 2023, 2.6.5.5 Access to Energy, p.127 Sustainability and Climate 2024 Progress Report, Accessible and Affordable Energy for All p.92-93 TotalEnergies’ website, Access to Energy 7.2 By 2030, increase substantially the share of renewable energy in the global energy mix Renewable energies development URD 2023, 1.3.4 Electricity: the energy of decarbonation, p.24-25 URD 2023, 1.3.5.3 Innovating to accelerate the energy transition, p.26 URD 2023, 1.4 Our sustainability ambitions and targets > Advocacy and sector initiatives in support of the energy transition > The development of renewable energies, p.31 URD 2023, 2.4.2 Power generation from renewable sources, p.99-103 Sustainability & Climate 2024 Progress Report, More Energy, Less Emissions, p.3-4 Sustainability & Climate 2024 Progress Report, Electricity: the Energy of Decarbonation, p.46-48 7.2 By 2030, increase substantially the share of renewable energy in the global energy mix Low carbon energies development Biofuels, Biogas, Hydrogen and e-fuels URD 2023, 1.3.5.1 New low-carbon energy, p.25-26 URD 2023, 2.5.1 Refining & Chemicals > Biofuels, p.110 Sustainability & Climate 2024 Progress Report, New Low-carbon Energy p.49-50 Liquified Natural Gas URD 2023, 5.4.2 Strategy > Liquified Natural Gas, p.295 Sustainability & Climate 2024 Progress Report, p.34-35 Storage URD 2023, 2.4.4 Electricity storage, p.104-105 Sustainability & Climate 2024 Progress Report, Our Major Development in Electricity: an Integrated Approach, p.46 Mobility URD 2023, 5.4.2 Strategy > Electricity: the energy of decarbonation > c.Developing electric mobility, p.300 Sustainability & Climate 2024 Progress Report, Developing Electric Mobility p.48 CDP Climate Change 2023, (C4.5a) Please provide details of your 6 products and/or services that you classify as low-carbon products, p.61 7.3 By 2030, double the global rate of improvement in energy efficiency Energy efficiency URD 2023, 1.3.2.4 Our energy efficiency plan:",tavily,100.0,auto_download,"[""année trouvée : 2024"", ""mots-clés TCFD/CDP : ['décarbonation', 'decarbonation']"", ""nom de l'entreprise détecté"", ""domaine officiel détecté : totalenergies.com"", ""URL PDF directe"", ""rapport annuel/URD contenant signaux climat : ['urd']"", ""classe documentaire : tcfd_cdp_disclosure""]",[],C:\Users\hp\Desktop\ESG\ClimateReportRetriever\data\dossier_ingestion_0\climate_reports\totalenergies\2024\candidates\candidate_003_score_100_0.pdf,C:\Users\hp\Desktop\ESG\ClimateReportRetriever\data\dossier_ingestion_0\climate_reports\totalenergies\2024\candidates\candidate_003_manifest.json,ebfaf0f9bf64f274739b49c7e0ba3279e2a988ea507d45c68347b4956194fa01,1.2778,climate_report_candidate,high_score_candidate,3,2026-05-09T19:18:05+00:00,C:\Users\hp\Desktop\ESG\ClimateReportRetriever\data\dossier_ingestion_0\climate_reports\totalenergies\2024\candidates\candidate_003_manifest.json
868a7f706a0fbf859ba99f2b,ClimateReportRetriever,climate_report,TotalEnergies,totalenergies,2024,https://totalenergies.com/sites/g/files/nytnzq121/files/documents/2024-05/Totalenergies_AG2024-Reponses-aux-questions-ecrites_FR_PDF.pdf,[PDF] TotalEnergies SE,"Vous trouverez nos principaux objectifs de décarbonation à horizon 2025 et 2030 en page 28 de notre rapport TotalEnergies Sustainability & Climate 2024 Progress Report et ci-après : Concernant nos objectifs de réduction Scope 1+2 : Pour atteindre notre objectif à 2030, nous mobilisons l’ensemble des leviers disponibles pour éviter et réduire les émissions liées à nos opérations : Nous avons par exemple adopté un plan d’efficacité énergétique d’1 milliard de dollars sur 2 ans (voir TotalEnergies Sustainability & Climate 2024 Progress Report page 32 « Notre plan d’efficacité énergétique : 1 milliard de dollars sur 2 ans »), d’ores et déjà réduit nos émissions de méthane opérées de plus de 60 % depuis 2015 (voir TotalEnergies Sustainability & Climate 2024 Progress Report page 36) et ambitionnons de remplacer d’ici 2030 les 500 kt/an d’hydrogène consommé dans les raffineries européennes par de l’hydrogène vert. La production d’électricité renouvelable (éolienne, solaire, hydro-électrique) intégrée dans ces scénarios est ramenée sur une même base fossile en prenant en compte un facteur de substitution de 2,63 (38 %) pour les rendre comparables avec l’intensité carbone cycle de vie des produits énergétiques vendus de TotalEnergies Question 2 La prise en compte des risques, impacts, dépendances et opportunités liés à la biodiversité dans les activités des entreprises (internes, chaîne d'approvisionnement, produits, services aux clients...) est encore insuffisante.",tavily,100.0,auto_download,"[""année trouvée : 2024"", ""mots-clés TCFD/CDP : ['décarbonation', 'decarbonation']"", ""nom de l'entreprise détecté"", ""domaine officiel détecté : totalenergies.com"", ""URL PDF directe"", ""classe documentaire : tcfd_cdp_disclosure""]",[],C:\Users\hp\Desktop\ESG\ClimateReportRetriever\data\dossier_ingestion_0\climate_reports\totalenergies\2024\candidates\candidate_004_score_100_0.pdf,C:\Users\hp\Desktop\ESG\ClimateReportRetriever\data\dossier_ingestion_0\climate_reports\totalenergies\2024\candidates\candidate_004_manifest.json,994f96dcaffcf4f0405f594c9436b926215a5c4d246e9b90a98e8192ecf4e386,3.8291,climate_report_candidate,high_score_candidate,4,2026-05-09T19:18:06+00:00,C:\Users\hp\Desktop\ESG\ClimateReportRetriever\data\dossier_ingestion_0\climate_reports\totalenergies\2024\candidates\candidate_004_manifest.json
1905aadfad85d9f17a526223,CorporatePolicyRetriever,corporate_policy,LVMH,lvmh,2024,https://ab-inbev.eu/wp-content/uploads/2022/02/ABInBev-FR-Politique-anticorruption-des-fournisseurs-2019.pdf,Politique anticorruption,"Politique anticorruption des fournisseurs de Anheuser-Busch InBev. Décembre 2019.2.2 Les fournisseurs sont tenus et doivent s'assurer que leurs directeurs, responsables, employés et agents : 2.2.1 Se conformeront à toutes les lois anticorruption applicables",ddgs,80.0,auto_download,"[""mots-clés forts politique : ['politique anticorruption']"", ""année récente détectée : 2022"", ""URL PDF directe"", ""nom de fichier politique : ['anticorruption']"", ""classe documentaire : standalone_anticorruption""]",[],C:\Users\hp\Desktop\ESG\CorporatePolicyRetriever\data\dossier_ingestion_0\corporate_policies\anticorruption\lvmh\candidates\candidate_001_score_80_0.pdf,C:\Users\hp\Desktop\ESG\CorporatePolicyRetriever\data\dossier_ingestion_0\corporate_policies\anticorruption\lvmh\candidates\candidate_001_manifest.json,e587fc8f00f85c7a16c98fc231918507e0e77beaeaa6979e35e9af09f2261533,0.3323,corporate_policy_anticorruption,high_score_candidate,1,2026-05-09T20:49:10+00:00,C:\Users\hp\Desktop\ESG\CorporatePolicyRetriever\data\dossier_ingestion_0\corporate_policies\anticorruption\lvmh\candidates\candidate_001_manifest.json
ca2176c324aa12a8eaaae75e,CorporatePolicyRetriever,corporate_policy,LVMH,lvmh,2024,https://www.hexis-graphics.com/hexisgraphics/2023/11/Politique-anti-corruption-HEXIS-2023.pdf,POLITIQUE,"Politique anticorruption HEXIS - 2023.La présente Politique Anticorruption s'applique à tous les établissements présents et futurs de l'Entreprise HEXIS. A ce jour, l'Entreprise est constituée des 4 établissements suivants",ddgs,80.0,auto_download,"[""mots-clés forts politique : ['politique anticorruption', 'politique anti-corruption']"", ""année récente détectée : 2023"", ""URL PDF directe"", ""nom de fichier politique : ['anti-corruption', 'anti_corruption']"", ""classe documentaire : standalone_anticorruption""]",[],C:\Users\hp\Desktop\ESG\CorporatePolicyRetriever\data\dossier_ingestion_0\corporate_policies\anticorruption\lvmh\candidates\candidate_002_score_80_0.pdf,C:\Users\hp\Desktop\ESG\CorporatePolicyRetriever\data\dossier_ingestion_0\corporate_policies\anticorruption\lvmh\candidates\candidate_002_manifest.json,957a082a37541b30edfd7c3a3af4341aa2acf1ba5a4dacc14645f573cb71e4b5,0.4444,corporate_policy_anticorruption,high_score_candidate,2,2026-05-09T20:49:11+00:00,C:\Users\hp\Desktop\ESG\CorporatePolicyRetriever\data\dossier_ingestion_0\corporate_policies\anticorruption\lvmh\candidates\candidate_002_manifest.json
5e1424006c91b41376be6082,CorporatePolicyRetriever,corporate_policy,LVMH,lvmh,2024,https://www.covea-finance.fr/sites/default/files/2024-07/politique_lutte_anticorruption.pdf,POLITIQUE,"d’une politique de communication adaptée. Depuis 2018, cette politique anticorruption s’inscrit dans le cadre plus général de la Politique de lutte contre la corruption mise en place par le Groupe Covéa et portée par le Président du Groupe. Covéa Finance C1 - Public.",ddgs,80.0,auto_download,"[""mots-clés forts politique : ['politique anticorruption', 'lutte contre la corruption']"", ""année récente détectée : 2024"", ""URL PDF directe"", ""nom de fichier politique : ['anticorruption']"", ""classe documentaire : standalone_anticorruption""]",[],C:\Users\hp\Desktop\ESG\CorporatePolicyRetriever\data\dossier_ingestion_0\corporate_policies\anticorruption\lvmh\candidates\candidate_003_score_80_0.pdf,C:\Users\hp\Desktop\ESG\CorporatePolicyRetriever\data\dossier_ingestion_0\corporate_policies\anticorruption\lvmh\candidates\candidate_003_manifest.json,72d17e868769c4559f7fdb6d064fae0d7bbf774110da8234a7b3383dd6653757,0.6343,corporate_policy_anticorruption,high_score_candidate,3,2026-05-09T20:49:11+00:00,C:\Users\hp\Desktop\ESG\CorporatePolicyRetriever\data\dossier_ingestion_0\corporate_policies\anticorruption\lvmh\candidates\candidate_003_manifest.json
5684b0b2bac949188c5e8501,CorporatePolicyRetriever,corporate_policy,Schneider Electric,schneider-electric,2024,https://s29.q4cdn.com/769728925/files/doc_downloads/2024/01/23/HFS-Global-Anticorruption-Policy.pdf,Microsoft Word - HFS Global Anticorruption Policy (8.30.23) FINAL,"Global Anticorruption Policy Revised August 30, 2023 Page 3. V. No Bribes Kickbacks, or Improper Payments. For purposes of this Policy, whether the recipient of any bribe or corrupt payment works in the public or private sector is irrelevant.",ddgs,85.0,auto_download,"[""mots-clés forts politique : ['anticorruption policy']"", ""année récente détectée : 2024"", ""URL PDF directe"", ""nom de fichier politique : ['anticorruption', 'corruption-policy']"", ""CDN / asset domain"", ""classe documentaire : standalone_anticorruption""]",[],C:\Users\hp\Desktop\ESG\CorporatePolicyRetriever\data\dossier_ingestion_0\corporate_policies\anticorruption\schneider-electric\candidates\candidate_001_score_85_0.pdf,C:\Users\hp\Desktop\ESG\CorporatePolicyRetriever\data\dossier_ingestion_0\corporate_policies\anticorruption\schneider-electric\candidates\candidate_001_manifest.json,97d562b899055eeaddecc8808af1469c384bb62d77bab918702fdaecc5d17cc3,0.2736,corporate_policy_anticorruption,high_score_candidate,1,2026-05-09T20:55:37+00:00,C:\Users\hp\Desktop\ESG\CorporatePolicyRetriever\data\dossier_ingestion_0\corporate_policies\anticorruption\schneider-electric\candidates\candidate_001_manifest.json
170ede882027786bf888dc9b,CorporatePolicyRetriever,corporate_policy,Schneider Electric,schneider-electric,2024,https://www.fmsfoils.co.uk/wp-content/uploads/2024/06/Anti-Bribery-Policy.pdf,Anti Bribery Policy,"Anti Bribery Policy. FMS FOILS GROUP LTD, Unit 1 The Forum, Coopers Way, Temple Farm Industrial Estate, Southend-on-Sea, SS2 5TE.",ddgs,80.0,auto_download,"[""mots-clés forts politique : ['anti-bribery policy']"", ""année récente détectée : 2024"", ""URL PDF directe"", ""nom de fichier politique : ['anti-bribery']"", ""classe documentaire : standalone_anticorruption""]",[],C:\Users\hp\Desktop\ESG\CorporatePolicyRetriever\data\dossier_ingestion_0\corporate_policies\anticorruption\schneider-electric\candidates\candidate_002_score_80_0.pdf,C:\Users\hp\Desktop\ESG\CorporatePolicyRetriever\data\dossier_ingestion_0\corporate_policies\anticorruption\schneider-electric\candidates\candidate_002_manifest.json,40ab287bed8360c6d97086cfdd82c5ea7196fd888cd102aaa83fe87592567bc6,0.2282,corporate_policy_anticorruption,high_score_candidate,2,2026-05-09T20:55:37+00:00,C:\Users\hp\Desktop\ESG\CorporatePolicyRetriever\data\dossier_ingestion_0\corporate_policies\anticorruption\schneider-electric\candidates\candidate_002_manifest.json
db8de61dad4deee233882f5e,CorporatePolicyRetriever,corporate_policy,Schneider Electric,schneider-electric,2024,https://ab-inbev.eu/wp-content/uploads/2022/02/ABInBev-FR-Politique-anticorruption-des-fournisseurs-2019.pdf,Politique anticorruption,"Politique anticorruption des fournisseurs de Anheuser-Busch InBev. Décembre 2019.2.2 Les fournisseurs sont tenus et doivent s'assurer que leurs directeurs, responsables, employés et agents : 2.2.1 Se conformeront à toutes les lois anticorruption applicables",ddgs,80.0,auto_download,"[""mots-clés forts politique : ['politique anticorruption']"", ""année récente détectée : 2022"", ""URL PDF directe"", ""nom de fichier politique : ['anticorruption']"", ""classe documentaire : standalone_anticorruption""]",[],C:\Users\hp\Desktop\ESG\CorporatePolicyRetriever\data\dossier_ingestion_0\corporate_policies\anticorruption\schneider-electric\candidates\candidate_003_score_80_0.pdf,C:\Users\hp\Desktop\ESG\CorporatePolicyRetriever\data\dossier_ingestion_0\corporate_policies\anticorruption\schneider-electric\candidates\candidate_003_manifest.json,e587fc8f00f85c7a16c98fc231918507e0e77beaeaa6979e35e9af09f2261533,0.3323,corporate_policy_anticorruption,high_score_candidate,3,2026-05-09T20:55:38+00:00,C:\Users\hp\Desktop\ESG\CorporatePolicyRetriever\data\dossier_ingestion_0\corporate_policies\anticorruption\schneider-electric\candidates\candidate_003_manifest.json
4945e3549a8671beb0eb90bf,CorporatePolicyRetriever,corporate_policy,TotalEnergies,totalenergies,2024,https://totalenergies.com/sites/g/files/nytnzq121/files/documents/2023-03/SASB-Reporting-VEN.pdf,TotalEnergies_DEU_2022_VA,"To prevent risks of corruption, TotalEnergies has implemented a robust and regularly updated anti-corruption compliance program. The aim of this program is to promote a culture of compliance and transparency, which is key in ensuring the sustainability of the Company’s activities.",ddgs,100.0,auto_download,"[""mots-clés forts politique : ['anti-corruption compliance program']"", ""année récente détectée : 2023"", ""nom de l'entreprise détecté"", ""domaine officiel détecté : totalenergies.com"", ""URL PDF directe"", ""classe documentaire : standalone_anticorruption""]",[],C:\Users\hp\Desktop\ESG\CorporatePolicyRetriever\data\dossier_ingestion_0\corporate_policies\anticorruption\totalenergies\candidates\candidate_001_score_100_0.pdf,C:\Users\hp\Desktop\ESG\CorporatePolicyRetriever\data\dossier_ingestion_0\corporate_policies\anticorruption\totalenergies\candidates\candidate_001_manifest.json,57d879543b9e0796d0641e08460dc76c80da93b1821f3eb8ec729dc3f68d7470,0.3813,corporate_policy_anticorruption,high_score_candidate,1,2026-05-09T20:52:50+00:00,C:\Users\hp\Desktop\ESG\CorporatePolicyRetriever\data\dossier_ingestion_0\corporate_policies\anticorruption\totalenergies\candidates\candidate_001_manifest.json
f328772715d46ce30dd044d6,CorporatePolicyRetriever,corporate_policy,LVMH,lvmh,2024,https://metal-on-demand.com/wp-content/uploads/2024/07/040424_LVMH_CodeOfConduct_EN.pdf,Code,"This Code of Conduct is available on the LVMH website and the Group’s intranet, and can be downloaded in several languages. Each manager is responsible for embodying the Code of Conduct’s commitments and pro-moting them within their teams.",ddgs,100.0,auto_download,"[""mots-clés forts politique : ['code of conduct']"", ""année récente détectée : 2024"", ""nom de l'entreprise détecté"", ""URL PDF directe"", ""nom de fichier politique : ['codeofconduct']"", ""classe documentaire : standalone_code_of_conduct""]",[],C:\Users\hp\Desktop\ESG\CorporatePolicyRetriever\data\dossier_ingestion_0\corporate_policies\code_of_conduct\lvmh\candidates\candidate_001_score_100_0.pdf,C:\Users\hp\Desktop\ESG\CorporatePolicyRetriever\data\dossier_ingestion_0\corporate_policies\code_of_conduct\lvmh\candidates\candidate_001_manifest.json,8c0b520ba84ce75ca7b77ddc6345c3f570b2ad5e0b9beab7016293265a8c2812,0.6601,corporate_policy_code_of_conduct,high_score_candidate,1,2026-05-09T20:48:21+00:00,C:\Users\hp\Desktop\ESG\CorporatePolicyRetriever\data\dossier_ingestion_0\corporate_policies\code_of_conduct\lvmh\candidates\candidate_001_manifest.json
f25b61e342b3bd740b9dded4,CorporatePolicyRetriever,corporate_policy,LVMH,lvmh,2024,https://lvmh-com.cdn.prismic.io/lvmh-com/ZpfZWB5LeNNTxPZK_LVMH_CodeOfConduct_EN.pdf,Download,PDF extrait depuis une page HTML. Page source : https://www.lvmh.com/en/ethics-and-compliance/the-lvmh-code-of-conduct. Titre page : The LVMH Code of Conduct - LVMH. Texte du lien : Download.,html_pdf_resolver,100.0,auto_download,"[""mots-clés forts politique : ['code of conduct']"", ""mots-clés secondaires : ['compliance']"", ""nom de l'entreprise détecté"", ""URL PDF directe"", ""nom de fichier politique : ['codeofconduct']"", ""CDN / asset domain"", ""classe documentaire : standalone_code_of_conduct""]",[],C:\Users\hp\Desktop\ESG\CorporatePolicyRetriever\data\dossier_ingestion_0\corporate_policies\code_of_conduct\lvmh\candidates\candidate_002_score_100_0.pdf,C:\Users\hp\Desktop\ESG\CorporatePolicyRetriever\data\dossier_ingestion_0\corporate_policies\code_of_conduct\lvmh\candidates\candidate_002_manifest.json,3c6d316b351cfd6d99499c0e400ae72a989aeb3a5b3ed42182c3b448da09669a,3.3427,corporate_policy_code_of_conduct,high_score_candidate,2,2026-05-09T20:48:23+00:00,C:\Users\hp\Desktop\ESG\CorporatePolicyRetriever\data\dossier_ingestion_0\corporate_policies\code_of_conduct\lvmh\candidates\candidate_002_manifest.json
6281c7885e550c4abbdc83bd,CorporatePolicyRetriever,corporate_policy,LVMH,lvmh,2024,https://lvmh-com.cdn.prismic.io/lvmh-com/ZnBPzpm069VX1z-A_lvmh_codeofconduct_arabic.pdf,Download,PDF extrait depuis une page HTML. Page source : https://www.lvmh.com/en/ethics-and-compliance/the-lvmh-code-of-conduct. Titre page : The LVMH Code of Conduct - LVMH. Texte du lien : Download.,html_pdf_resolver,100.0,auto_download,"[""mots-clés forts politique : ['code of conduct']"", ""mots-clés secondaires : ['compliance']"", ""nom de l'entreprise détecté"", ""URL PDF directe"", ""nom de fichier politique : ['codeofconduct']"", ""CDN / asset domain"", ""classe documentaire : standalone_code_of_conduct""]",[],C:\Users\hp\Desktop\ESG\CorporatePolicyRetriever\data\dossier_ingestion_0\corporate_policies\code_of_conduct\lvmh\candidates\candidate_003_score_100_0.pdf,C:\Users\hp\Desktop\ESG\CorporatePolicyRetriever\data\dossier_ingestion_0\corporate_policies\code_of_conduct\lvmh\candidates\candidate_003_manifest.json,cc0cd029bc515475dbbdd4efffb54c7f0cc5ccb96649d71034081e5eba02395a,1.605,corporate_policy_code_of_conduct,high_score_candidate,3,2026-05-09T20:48:23+00:00,C:\Users\hp\Desktop\ESG\CorporatePolicyRetriever\data\dossier_ingestion_0\corporate_policies\code_of_conduct\lvmh\candidates\candidate_003_manifest.json
2ebe04f7091eb75a09cdea6d,CorporatePolicyRetriever,corporate_policy,LVMH,lvmh,2024,https://lvmh-com.cdn.prismic.io/lvmh-com/Zs3pCEaF0TcGJboW_LVMH_CodeOfConduct_BULGARIAN.pdf,Download,PDF extrait depuis une page HTML. Page source : https://www.lvmh.com/en/ethics-and-compliance/the-lvmh-code-of-conduct. Titre page : The LVMH Code of Conduct - LVMH. Texte du lien : Download.,html_pdf_resolver,100.0,auto_download,"[""mots-clés forts politique : ['code of conduct']"", ""mots-clés secondaires : ['compliance']"", ""nom de l'entreprise détecté"", ""URL PDF directe"", ""nom de fichier politique : ['codeofconduct']"", ""CDN / asset domain"", ""classe documentaire : standalone_code_of_conduct""]",[],C:\Users\hp\Desktop\ESG\CorporatePolicyRetriever\data\dossier_ingestion_0\corporate_policies\code_of_conduct\lvmh\candidates\candidate_004_score_100_0.pdf,C:\Users\hp\Desktop\ESG\CorporatePolicyRetriever\data\dossier_ingestion_0\corporate_policies\code_of_conduct\lvmh\candidates\candidate_004_manifest.json,c943cd3777a0c657f3ccb7a9a3cc6e0baf3def551cdc43e641eb42db209e61c2,1.6328,corporate_policy_code_of_conduct,high_score_candidate,4,2026-05-09T20:48:23+00:00,C:\Users\hp\Desktop\ESG\CorporatePolicyRetriever\data\dossier_ingestion_0\corporate_policies\code_of_conduct\lvmh\candidates\candidate_004_manifest.json
645331bbaba6b77e40172e6c,CorporatePolicyRetriever,corporate_policy,LVMH,lvmh,2024,https://lvmh-com.cdn.prismic.io/lvmh-com/Zj4vX0FLKBtrWyER_210324_LVMH_CodeOfConduct_CN.pdf,Download,PDF extrait depuis une page HTML. Page source : https://www.lvmh.com/en/ethics-and-compliance/the-lvmh-code-of-conduct. Titre page : The LVMH Code of Conduct - LVMH. Texte du lien : Download.,html_pdf_resolver,100.0,auto_download,"[""mots-clés forts politique : ['code of conduct']"", ""mots-clés secondaires : ['compliance']"", ""nom de l'entreprise détecté"", ""URL PDF directe"", ""nom de fichier politique : ['codeofconduct']"", ""CDN / asset domain"", ""classe documentaire : standalone_code_of_conduct""]",[],C:\Users\hp\Desktop\ESG\CorporatePolicyRetriever\data\dossier_ingestion_0\corporate_policies\code_of_conduct\lvmh\candidates\candidate_005_score_100_0.pdf,C:\Users\hp\Desktop\ESG\CorporatePolicyRetriever\data\dossier_ingestion_0\corporate_policies\code_of_conduct\lvmh\candidates\candidate_005_manifest.json,06ae7c56a149067b2a614758bf2688e41c698e9b666f5292fca58cd31c9739d9,1.6891,corporate_policy_code_of_conduct,high_score_candidate,5,2026-05-09T20:48:24+00:00,C:\Users\hp\Desktop\ESG\CorporatePolicyRetriever\data\dossier_ingestion_0\corporate_policies\code_of_conduct\lvmh\candidates\candidate_005_manifest.json
20a4bd6d3db64198f6406217,CorporatePolicyRetriever,corporate_policy,LVMH,lvmh,2024,https://lvmh-com.cdn.prismic.io/lvmh-com/Zs3qUEaF0TcGJbpY_LVMH_CodeOfConduct_TRADITIONALCHINESE.pdf,Download,PDF extrait depuis une page HTML. Page source : https://www.lvmh.com/en/ethics-and-compliance/the-lvmh-code-of-conduct. Titre page : The LVMH Code of Conduct - LVMH. Texte du lien : Download.,html_pdf_resolver,100.0,auto_download,"[""mots-clés forts politique : ['code of conduct']"", ""mots-clés secondaires : ['compliance']"", ""nom de l'entreprise détecté"", ""URL PDF directe"", ""nom de fichier politique : ['codeofconduct']"", ""CDN / asset domain"", ""classe documentaire : standalone_code_of_conduct""]",[],C:\Users\hp\Desktop\ESG\CorporatePolicyRetriever\data\dossier_ingestion_0\corporate_policies\code_of_conduct\lvmh\candidates\candidate_006_score_100_0.pdf,C:\Users\hp\Desktop\ESG\CorporatePolicyRetriever\data\dossier_ingestion_0\corporate_policies\code_of_conduct\lvmh\candidates\candidate_006_manifest.json,830db5eb5a8bba5a3e08775573f47bca4fa6ddac25097743e012926c69fe51aa,1.7412,corporate_policy_code_of_conduct,high_score_candidate,6,2026-05-09T20:48:24+00:00,C:\Users\hp\Desktop\ESG\CorporatePolicyRetriever\data\dossier_ingestion_0\corporate_policies\code_of_conduct\lvmh\candidates\candidate_006_manifest.json
ed7689870177fc6458199c83,CorporatePolicyRetriever,corporate_policy,LVMH,lvmh,2024,https://lvmh-com.cdn.prismic.io/lvmh-com/ZnBQaZm069VX1z-W_lvmh_codeofconduct_czech.pdf,Download,PDF extrait depuis une page HTML. Page source : https://www.lvmh.com/en/ethics-and-compliance/the-lvmh-code-of-conduct. Titre page : The LVMH Code of Conduct - LVMH. Texte du lien : Download.,html_pdf_resolver,100.0,auto_download,"[""mots-clés forts politique : ['code of conduct']"", ""mots-clés secondaires : ['compliance']"", ""nom de l'entreprise détecté"", ""URL PDF directe"", ""nom de fichier politique : ['codeofconduct']"", ""CDN / asset domain"", ""classe documentaire : standalone_code_of_conduct""]",[],C:\Users\hp\Desktop\ESG\CorporatePolicyRetriever\data\dossier_ingestion_0\corporate_policies\code_of_conduct\lvmh\candidates\candidate_007_score_100_0.pdf,C:\Users\hp\Desktop\ESG\CorporatePolicyRetriever\data\dossier_ingestion_0\corporate_policies\code_of_conduct\lvmh\candidates\candidate_007_manifest.json,887f8e0927b65f32a7c30eb133ab14bbaaf32ba70a002f5e4daace2cac34058f,1.5099,corporate_policy_code_of_conduct,high_score_candidate,7,2026-05-09T20:48:24+00:00,C:\Users\hp\Desktop\ESG\CorporatePolicyRetriever\data\dossier_ingestion_0\corporate_policies\code_of_conduct\lvmh\candidates\candidate_007_manifest.json
182af6661a8c20cb59d1b80f,CorporatePolicyRetriever,corporate_policy,LVMH,lvmh,2024,https://lvmh-com.cdn.prismic.io/lvmh-com/Zs3pN0aF0TcGJbou_LVMH_CodeOfConduct_DANISH.pdf,Download,PDF extrait depuis une page HTML. Page source : https://www.lvmh.com/en/ethics-and-compliance/the-lvmh-code-of-conduct. Titre page : The LVMH Code of Conduct - LVMH. Texte du lien : Download.,html_pdf_resolver,100.0,auto_download,"[""mots-clés forts politique : ['code of conduct']"", ""mots-clés secondaires : ['compliance']"", ""nom de l'entreprise détecté"", ""URL PDF directe"", ""nom de fichier politique : ['codeofconduct']"", ""CDN / asset domain"", ""classe documentaire : standalone_code_of_conduct""]",[],C:\Users\hp\Desktop\ESG\CorporatePolicyRetriever\data\dossier_ingestion_0\corporate_policies\code_of_conduct\lvmh\candidates\candidate_008_score_100_0.pdf,C:\Users\hp\Desktop\ESG\CorporatePolicyRetriever\data\dossier_ingestion_0\corporate_policies\code_of_conduct\lvmh\candidates\candidate_008_manifest.json,0fb226d9e14deed392d430f10942b75175949e165ec062a5f12b4a03a04948e6,3.2973,corporate_policy_code_of_conduct,high_score_candidate,8,2026-05-09T20:48:25+00:00,C:\Users\hp\Desktop\ESG\CorporatePolicyRetriever\data\dossier_ingestion_0\corporate_policies\code_of_conduct\lvmh\candidates\candidate_008_manifest.json
874f8d4d4749931ec12d0324,CorporatePolicyRetriever,corporate_policy,LVMH,lvmh,2024,https://lvmh-com.cdn.prismic.io/lvmh-com/Zqyfgh5LeNNTxwD3_LVMH_CodeOfConduct_DUTCH.pdf,Download,PDF extrait depuis une page HTML. Page source : https://www.lvmh.com/en/ethics-and-compliance/the-lvmh-code-of-conduct. Titre page : The LVMH Code of Conduct - LVMH. Texte du lien : Download.,html_pdf_resolver,100.0,auto_download,"[""mots-clés forts politique : ['code of conduct']"", ""mots-clés secondaires : ['compliance']"", ""nom de l'entreprise détecté"", ""URL PDF directe"", ""nom de fichier politique : ['codeofconduct']"", ""CDN / asset domain"", ""classe documentaire : standalone_code_of_conduct""]",[],C:\Users\hp\Desktop\ESG\CorporatePolicyRetriever\data\dossier_ingestion_0\corporate_policies\code_of_conduct\lvmh\candidates\candidate_009_score_100_0.pdf,C:\Users\hp\Desktop\ESG\CorporatePolicyRetriever\data\dossier_ingestion_0\corporate_policies\code_of_conduct\lvmh\candidates\candidate_009_manifest.json,b424fdc7da2749adbb859a518a255d837fd98766212f6aad51a6946cc5d12094,3.3677,corporate_policy_code_of_conduct,high_score_candidate,9,2026-05-09T20:48:25+00:00,C:\Users\hp\Desktop\ESG\CorporatePolicyRetriever\data\dossier_ingestion_0\corporate_policies\code_of_conduct\lvmh\candidates\candidate_009_manifest.json
079bb54c6291ca53aad3c218,CorporatePolicyRetriever,corporate_policy,LVMH,lvmh,2024,https://lvmh-com.cdn.prismic.io/lvmh-com/Z0WxE68jQArT1UKs_LVMH_CodeOfConduct_GERMAN.pdf,Download,PDF extrait depuis une page HTML. Page source : https://www.lvmh.com/en/ethics-and-compliance/the-lvmh-code-of-conduct. Titre page : The LVMH Code of Conduct - LVMH. Texte du lien : Download.,html_pdf_resolver,100.0,auto_download,"[""mots-clés forts politique : ['code of conduct']"", ""mots-clés secondaires : ['compliance']"", ""nom de l'entreprise détecté"", ""URL PDF directe"", ""nom de fichier politique : ['codeofconduct']"", ""CDN / asset domain"", ""classe documentaire : standalone_code_of_conduct""]",[],C:\Users\hp\Desktop\ESG\CorporatePolicyRetriever\data\dossier_ingestion_0\corporate_policies\code_of_conduct\lvmh\candidates\candidate_010_score_100_0.pdf,C:\Users\hp\Desktop\ESG\CorporatePolicyRetriever\data\dossier_ingestion_0\corporate_policies\code_of_conduct\lvmh\candidates\candidate_010_manifest.json,d48f4b0ce10fb8c2c13c75fb58ccc916ac2e3bb2da392e961d1b077b3412e04a,1.5574,corporate_policy_code_of_conduct,high_score_candidate,10,2026-05-09T20:48:26+00:00,C:\Users\hp\Desktop\ESG\CorporatePolicyRetriever\data\dossier_ingestion_0\corporate_policies\code_of_conduct\lvmh\candidates\candidate_010_manifest.json
2f9af8552dc3270e0c046a85,CorporatePolicyRetriever,corporate_policy,LVMH,lvmh,2024,https://lvmh-com.cdn.prismic.io/lvmh-com/ZnBQSZm069VX1z-V_lvmh_codeofconduct_greek-1.pdf,Download,PDF extrait depuis une page HTML. Page source : https://www.lvmh.com/en/ethics-and-compliance/the-lvmh-code-of-conduct. Titre page : The LVMH Code of Conduct - LVMH. Texte du lien : Download.,html_pdf_resolver,100.0,auto_download,"[""mots-clés forts politique : ['code of conduct']"", ""mots-clés secondaires : ['compliance']"", ""nom de l'entreprise détecté"", ""URL PDF directe"", ""nom de fichier politique : ['codeofconduct']"", ""CDN / asset domain"", ""classe documentaire : standalone_code_of_conduct""]",[],C:\Users\hp\Desktop\ESG\CorporatePolicyRetriever\data\dossier_ingestion_0\corporate_policies\code_of_conduct\lvmh\candidates\candidate_011_score_100_0.pdf,C:\Users\hp\Desktop\ESG\CorporatePolicyRetriever\data\dossier_ingestion_0\corporate_policies\code_of_conduct\lvmh\candidates\candidate_011_manifest.json,30fb774f8c30ee16e1c52fd801855a7310c5ad6db3287af503fb6dc80b00d9e5,1.6223,corporate_policy_code_of_conduct,high_score_candidate,11,2026-05-09T20:48:26+00:00,C:\Users\hp\Desktop\ESG\CorporatePolicyRetriever\data\dossier_ingestion_0\corporate_policies\code_of_conduct\lvmh\candidates\candidate_011_manifest.json
2290caa70f594bde22f6b1ff,CorporatePolicyRetriever,corporate_policy,LVMH,lvmh,2024,https://lvmh-com.cdn.prismic.io/lvmh-com/3e0b0c97-178a-4d33-afc3-b8a2753ac053_LVMH_CodeOfConduct_ITALIAN.pdf,Download,PDF extrait depuis une page HTML. Page source : https://www.lvmh.com/en/ethics-and-compliance/the-lvmh-code-of-conduct. Titre page : The LVMH Code of Conduct - LVMH. Texte du lien : Download.,html_pdf_resolver,100.0,auto_download,"[""mots-clés forts politique : ['code of conduct']"", ""mots-clés secondaires : ['compliance']"", ""nom de l'entreprise détecté"", ""URL PDF directe"", ""nom de fichier politique : ['codeofconduct']"", ""CDN / asset domain"", ""classe documentaire : standalone_code_of_conduct""]",[],C:\Users\hp\Desktop\ESG\CorporatePolicyRetriever\data\dossier_ingestion_0\corporate_policies\code_of_conduct\lvmh\candidates\candidate_012_score_100_0.pdf,C:\Users\hp\Desktop\ESG\CorporatePolicyRetriever\data\dossier_ingestion_0\corporate_policies\code_of_conduct\lvmh\candidates\candidate_012_manifest.json,15b2d3b6f4d83d8479b194956b662e8f9e2dccdfb901e501b55a5e36321528c5,17.9936,corporate_policy_code_of_conduct,high_score_candidate,12,2026-05-09T20:48:27+00:00,C:\Users\hp\Desktop\ESG\CorporatePolicyRetriever\data\dossier_ingestion_0\corporate_policies\code_of_conduct\lvmh\candidates\candidate_012_manifest.json
719dc3563d46999b770a08b1,CorporatePolicyRetriever,corporate_policy,LVMH,lvmh,2024,https://lvmh-com.cdn.prismic.io/lvmh-com/aPYINLpReVYa3dj4_LVMH_CodeOfConduct_JAPANESEv.2.pdf,Download,PDF extrait depuis une page HTML. Page source : https://www.lvmh.com/en/ethics-and-compliance/the-lvmh-code-of-conduct. Titre page : The LVMH Code of Conduct - LVMH. Texte du lien : Download.,html_pdf_resolver,100.0,auto_download,"[""mots-clés forts politique : ['code of conduct']"", ""mots-clés secondaires : ['compliance']"", ""nom de l'entreprise détecté"", ""URL PDF directe"", ""nom de fichier politique : ['codeofconduct']"", ""CDN / asset domain"", ""classe documentaire : standalone_code_of_conduct""]",[],C:\Users\hp\Desktop\ESG\CorporatePolicyRetriever\data\dossier_ingestion_0\corporate_policies\code_of_conduct\lvmh\candidates\candidate_013_score_100_0.pdf,C:\Users\hp\Desktop\ESG\CorporatePolicyRetriever\data\dossier_ingestion_0\corporate_policies\code_of_conduct\lvmh\candidates\candidate_013_manifest.json,dab2c6e8162526430ce145e87d6604903ae036b1f1db57d2259e24c8d4a76306,3.4803,corporate_policy_code_of_conduct,high_score_candidate,13,2026-05-09T20:48:28+00:00,C:\Users\hp\Desktop\ESG\CorporatePolicyRetriever\data\dossier_ingestion_0\corporate_policies\code_of_conduct\lvmh\candidates\candidate_013_manifest.json
3161b16caa69da45f3617dfa,CorporatePolicyRetriever,corporate_policy,LVMH,lvmh,2024,https://lvmh-com.cdn.prismic.io/lvmh-com/Zs3pWUaF0TcGJbo0_LVMH_CodeOfConduct_KHMER.pdf,Download,PDF extrait depuis une page HTML. Page source : https://www.lvmh.com/en/ethics-and-compliance/the-lvmh-code-of-conduct. Titre page : The LVMH Code of Conduct - LVMH. Texte du lien : Download.,html_pdf_resolver,100.0,auto_download,"[""mots-clés forts politique : ['code of conduct']"", ""mots-clés secondaires : ['compliance']"", ""nom de l'entreprise détecté"", ""URL PDF directe"", ""nom de fichier politique : ['codeofconduct']"", ""CDN / asset domain"", ""classe documentaire : standalone_code_of_conduct""]",[],C:\Users\hp\Desktop\ESG\CorporatePolicyRetriever\data\dossier_ingestion_0\corporate_policies\code_of_conduct\lvmh\candidates\candidate_014_score_100_0.pdf,C:\Users\hp\Desktop\ESG\CorporatePolicyRetriever\data\dossier_ingestion_0\corporate_policies\code_of_conduct\lvmh\candidates\candidate_014_manifest.json,a24dfcb5235ae633784625bde52d76b0a44f6426a39f627326c1c383e8be68b2,1.0492,corporate_policy_code_of_conduct,high_score_candidate,14,2026-05-09T20:48:28+00:00,C:\Users\hp\Desktop\ESG\CorporatePolicyRetriever\data\dossier_ingestion_0\corporate_policies\code_of_conduct\lvmh\candidates\candidate_014_manifest.json
7ea81d4e7bd9946d2bc719a3,CorporatePolicyRetriever,corporate_policy,LVMH,lvmh,2024,https://lvmh-com.cdn.prismic.io/lvmh-com/fd46d3af-8b0c-4c7f-9e8b-925b247e0af0_lvmh_codeofconduct_korean-1.pdf,Download,PDF extrait depuis une page HTML. Page source : https://www.lvmh.com/en/ethics-and-compliance/the-lvmh-code-of-conduct. Titre page : The LVMH Code of Conduct - LVMH. Texte du lien : Download.,html_pdf_resolver,100.0,auto_download,"[""mots-clés forts politique : ['code of conduct']"", ""mots-clés secondaires : ['compliance']"", ""nom de l'entreprise détecté"", ""URL PDF directe"", ""nom de fichier politique : ['codeofconduct']"", ""CDN / asset domain"", ""classe documentaire : standalone_code_of_conduct""]",[],C:\Users\hp\Desktop\ESG\CorporatePolicyRetriever\data\dossier_ingestion_0\corporate_policies\code_of_conduct\lvmh\candidates\candidate_015_score_100_0.pdf,C:\Users\hp\Desktop\ESG\CorporatePolicyRetriever\data\dossier_ingestion_0\corporate_policies\code_of_conduct\lvmh\candidates\candidate_015_manifest.json,75c049f910200e2fab51ee2b06766fd61e70260a9ee1bd7aa8f29d14fb446d1f,1.6025,corporate_policy_code_of_conduct,high_score_candidate,15,2026-05-09T20:48:29+00:00,C:\Users\hp\Desktop\ESG\CorporatePolicyRetriever\data\dossier_ingestion_0\corporate_policies\code_of_conduct\lvmh\candidates\candidate_015_manifest.json
120f44c41e772e59b8f5d67c,CorporatePolicyRetriever,corporate_policy,LVMH,lvmh,2024,https://lvmh-com.cdn.prismic.io/lvmh-com/ZnBQSJm069VX1z-U_lvmh_codeofconduct_romanian.pdf,Download,PDF extrait depuis une page HTML. Page source : https://www.lvmh.com/en/ethics-and-compliance/the-lvmh-code-of-conduct. Titre page : The LVMH Code of Conduct - LVMH. Texte du lien : Download.,html_pdf_resolver,100.0,auto_download,"[""mots-clés forts politique : ['code of conduct']"", ""mots-clés secondaires : ['compliance']"", ""nom de l'entreprise détecté"", ""URL PDF directe"", ""nom de fichier politique : ['codeofconduct']"", ""CDN / asset domain"", ""classe documentaire : standalone_code_of_conduct""]",[],C:\Users\hp\Desktop\ESG\CorporatePolicyRetriever\data\dossier_ingestion_0\corporate_policies\code_of_conduct\lvmh\candidates\candidate_016_score_100_0.pdf,C:\Users\hp\Desktop\ESG\CorporatePolicyRetriever\data\dossier_ingestion_0\corporate_policies\code_of_conduct\lvmh\candidates\candidate_016_manifest.json,836f1acbdd9a7bc14a8dcbdf0a775b9525529a65a63a8fe29f0ba8c78d741c88,1.5284,corporate_policy_code_of_conduct,high_score_candidate,16,2026-05-09T20:48:29+00:00,C:\Users\hp\Desktop\ESG\CorporatePolicyRetriever\data\dossier_ingestion_0\corporate_policies\code_of_conduct\lvmh\candidates\candidate_016_manifest.json
a99350b53083ee5e42a88d7d,CorporatePolicyRetriever,corporate_policy,LVMH,lvmh,2024,https://lvmh-com.cdn.prismic.io/lvmh-com/b8c278a8-174f-48c8-8e42-413849a3fe15_LVMH_CodeOfConduct_RUSSIAN.pdf,Download,PDF extrait depuis une page HTML. Page source : https://www.lvmh.com/en/ethics-and-compliance/the-lvmh-code-of-conduct. Titre page : The LVMH Code of Conduct - LVMH. Texte du lien : Download.,html_pdf_resolver,100.0,auto_download,"[""mots-clés forts politique : ['code of conduct']"", ""mots-clés secondaires : ['compliance']"", ""nom de l'entreprise détecté"", ""URL PDF directe"", ""nom de fichier politique : ['codeofconduct']"", ""CDN / asset domain"", ""classe documentaire : standalone_code_of_conduct""]",[],C:\Users\hp\Desktop\ESG\CorporatePolicyRetriever\data\dossier_ingestion_0\corporate_policies\code_of_conduct\lvmh\candidates\candidate_017_score_100_0.pdf,C:\Users\hp\Desktop\ESG\CorporatePolicyRetriever\data\dossier_ingestion_0\corporate_policies\code_of_conduct\lvmh\candidates\candidate_017_manifest.json,418cf4897a189227e058cfb1e74a1aafd1e9588d9b0c8dc246abb84b8078e7d3,3.4636,corporate_policy_code_of_conduct,high_score_candidate,17,2026-05-09T20:48:30+00:00,C:\Users\hp\Desktop\ESG\CorporatePolicyRetriever\data\dossier_ingestion_0\corporate_policies\code_of_conduct\lvmh\candidates\candidate_017_manifest.json
33a0af5576955dff619b4132,CorporatePolicyRetriever,corporate_policy,LVMH,lvmh,2024,https://lvmh-com.cdn.prismic.io/lvmh-com/Zs3qOUaF0TcGJbpT_LVMH_CodeOfConduct_SERBIAN.pdf,Download,PDF extrait depuis une page HTML. Page source : https://www.lvmh.com/en/ethics-and-compliance/the-lvmh-code-of-conduct. Titre page : The LVMH Code of Conduct - LVMH. Texte du lien : Download.,html_pdf_resolver,100.0,auto_download,"[""mots-clés forts politique : ['code of conduct']"", ""mots-clés secondaires : ['compliance']"", ""nom de l'entreprise détecté"", ""URL PDF directe"", ""nom de fichier politique : ['codeofconduct']"", ""CDN / asset domain"", ""classe documentaire : standalone_code_of_conduct""]",[],C:\Users\hp\Desktop\ESG\CorporatePolicyRetriever\data\dossier_ingestion_0\corporate_policies\code_of_conduct\lvmh\candidates\candidate_018_score_100_0.pdf,C:\Users\hp\Desktop\ESG\CorporatePolicyRetriever\data\dossier_ingestion_0\corporate_policies\code_of_conduct\lvmh\candidates\candidate_018_manifest.json,3f85323f9e78a6d573cf69d2c6c61ce8a8f9f6c4e97ffdd63fd900b8f5ff8897,1.5319,corporate_policy_code_of_conduct,high_score_candidate,18,2026-05-09T20:48:30+00:00,C:\Users\hp\Desktop\ESG\CorporatePolicyRetriever\data\dossier_ingestion_0\corporate_policies\code_of_conduct\lvmh\candidates\candidate_018_manifest.json
c115f255a9f92330bbe66396,CorporatePolicyRetriever,corporate_policy,LVMH,lvmh,2024,https://lvmh-com.cdn.prismic.io/lvmh-com/dd7a397a-37b7-4109-995a-e424596da7ed_LVMH_CodeOfConduct_SPANISH.pdf,Download,PDF extrait depuis une page HTML. Page source : https://www.lvmh.com/en/ethics-and-compliance/the-lvmh-code-of-conduct. Titre page : The LVMH Code of Conduct - LVMH. Texte du lien : Download.,html_pdf_resolver,100.0,auto_download,"[""mots-clés forts politique : ['code of conduct']"", ""mots-clés secondaires : ['compliance']"", ""nom de l'entreprise détecté"", ""URL PDF directe"", ""nom de fichier politique : ['codeofconduct']"", ""CDN / asset domain"", ""classe documentaire : standalone_code_of_conduct""]",[],C:\Users\hp\Desktop\ESG\CorporatePolicyRetriever\data\dossier_ingestion_0\corporate_policies\code_of_conduct\lvmh\candidates\candidate_019_score_100_0.pdf,C:\Users\hp\Desktop\ESG\CorporatePolicyRetriever\data\dossier_ingestion_0\corporate_policies\code_of_conduct\lvmh\candidates\candidate_019_manifest.json,04dc4f267e6a04b911f2c6bf1e4cdd7a083af01968e9151349ae080876807a91,1.5059,corporate_policy_code_of_conduct,high_score_candidate,19,2026-05-09T20:48:31+00:00,C:\Users\hp\Desktop\ESG\CorporatePolicyRetriever\data\dossier_ingestion_0\corporate_policies\code_of_conduct\lvmh\candidates\candidate_019_manifest.json
7a571b19d176ad164e93625a,CorporatePolicyRetriever,corporate_policy,LVMH,lvmh,2024,https://lvmh-com.cdn.prismic.io/lvmh-com/Zj4vYEFLKBtrWyES_210324_LVMH_CodeOfConduct_TH_240430.pdf,Download,PDF extrait depuis une page HTML. Page source : https://www.lvmh.com/en/ethics-and-compliance/the-lvmh-code-of-conduct. Titre page : The LVMH Code of Conduct - LVMH. Texte du lien : Download.,html_pdf_resolver,100.0,auto_download,"[""mots-clés forts politique : ['code of conduct']"", ""mots-clés secondaires : ['compliance']"", ""nom de l'entreprise détecté"", ""URL PDF directe"", ""nom de fichier politique : ['codeofconduct']"", ""CDN / asset domain"", ""classe documentaire : standalone_code_of_conduct""]",[],C:\Users\hp\Desktop\ESG\CorporatePolicyRetriever\data\dossier_ingestion_0\corporate_policies\code_of_conduct\lvmh\candidates\candidate_020_score_100_0.pdf,C:\Users\hp\Desktop\ESG\CorporatePolicyRetriever\data\dossier_ingestion_0\corporate_policies\code_of_conduct\lvmh\candidates\candidate_020_manifest.json,4c39b5ec3815aeeff6a95ceae57ad633cf6c323853c63afd1fa4f403befe53d8,1.6138,corporate_policy_code_of_conduct,high_score_candidate,20,2026-05-09T20:48:31+00:00,C:\Users\hp\Desktop\ESG\CorporatePolicyRetriever\data\dossier_ingestion_0\corporate_policies\code_of_conduct\lvmh\candidates\candidate_020_manifest.json
b131563ee2e770069aa41258,CorporatePolicyRetriever,corporate_policy,LVMH,lvmh,2024,https://lvmh-com.cdn.prismic.io/lvmh-com/ZnBR4Zm069VX1z-5_lvmh_codeofconduct_turkish.pdf,Download,PDF extrait depuis une page HTML. Page source : https://www.lvmh.com/en/ethics-and-compliance/the-lvmh-code-of-conduct. Titre page : The LVMH Code of Conduct - LVMH. Texte du lien : Download.,html_pdf_resolver,100.0,auto_download,"[""mots-clés forts politique : ['code of conduct']"", ""mots-clés secondaires : ['compliance']"", ""nom de l'entreprise détecté"", ""URL PDF directe"", ""nom de fichier politique : ['codeofconduct']"", ""CDN / asset domain"", ""classe documentaire : standalone_code_of_conduct""]",[],C:\Users\hp\Desktop\ESG\CorporatePolicyRetriever\data\dossier_ingestion_0\corporate_policies\code_of_conduct\lvmh\candidates\candidate_021_score_100_0.pdf,C:\Users\hp\Desktop\ESG\CorporatePolicyRetriever\data\dossier_ingestion_0\corporate_policies\code_of_conduct\lvmh\candidates\candidate_021_manifest.json,82fb67a4f9ee959e5bba5bb9ece304a5b51c59ff9f3c5da284e7f165dc977839,1.5209,corporate_policy_code_of_conduct,high_score_candidate,21,2026-05-09T20:48:31+00:00,C:\Users\hp\Desktop\ESG\CorporatePolicyRetriever\data\dossier_ingestion_0\corporate_policies\code_of_conduct\lvmh\candidates\candidate_021_manifest.json
ddb168a04af5e2dfbb63738c,CorporatePolicyRetriever,corporate_policy,LVMH,lvmh,2024,https://lvmh-com.cdn.prismic.io/lvmh-com/Zs3qe0aF0TcGJbpc_LVMH_CodeOfConduct_VIETNAMESE.pdf,Download,PDF extrait depuis une page HTML. Page source : https://www.lvmh.com/en/ethics-and-compliance/the-lvmh-code-of-conduct. Titre page : The LVMH Code of Conduct - LVMH. Texte du lien : Download.,html_pdf_resolver,100.0,auto_download,"[""mots-clés forts politique : ['code of conduct']"", ""mots-clés secondaires : ['compliance']"", ""nom de l'entreprise détecté"", ""URL PDF directe"", ""nom de fichier politique : ['codeofconduct']"", ""CDN / asset domain"", ""classe documentaire : standalone_code_of_conduct""]",[],C:\Users\hp\Desktop\ESG\CorporatePolicyRetriever\data\dossier_ingestion_0\corporate_policies\code_of_conduct\lvmh\candidates\candidate_022_score_100_0.pdf,C:\Users\hp\Desktop\ESG\CorporatePolicyRetriever\data\dossier_ingestion_0\corporate_policies\code_of_conduct\lvmh\candidates\candidate_022_manifest.json,b0f200ef194baa1c6910769d032ddc0d6df310a61ae4eabf10e390852027ac8f,18.0406,corporate_policy_code_of_conduct,high_score_candidate,22,2026-05-09T20:48:33+00:00,C:\Users\hp\Desktop\ESG\CorporatePolicyRetriever\data\dossier_ingestion_0\corporate_policies\code_of_conduct\lvmh\candidates\candidate_022_manifest.json
2a110519a47042c6197b77f7,CorporatePolicyRetriever,corporate_policy,LVMH,lvmh,2024,https://lvmh-com.cdn.prismic.io/lvmh-com/ZpfZWB5LeNNTxPZL_LVMH_CodeDeConduite_FR.pdf,Download,PDF extrait depuis une page HTML. Page source : https://www.lvmh.com/en/ethics-and-compliance/the-lvmh-code-of-conduct. Titre page : The LVMH Code of Conduct - LVMH. Texte du lien : Download.,html_pdf_resolver,95.0,auto_download,"[""mots-clés forts politique : ['code of conduct']"", ""mots-clés secondaires : ['compliance']"", ""nom de l'entreprise détecté"", ""URL PDF directe"", ""CDN / asset domain"", ""classe documentaire : standalone_code_of_conduct""]",[],C:\Users\hp\Desktop\ESG\CorporatePolicyRetriever\data\dossier_ingestion_0\corporate_policies\code_of_conduct\lvmh\candidates\candidate_023_score_95_0.pdf,C:\Users\hp\Desktop\ESG\CorporatePolicyRetriever\data\dossier_ingestion_0\corporate_policies\code_of_conduct\lvmh\candidates\candidate_023_manifest.json,056adaaccb90133ea20b8ebf9599267dd8831f900ac267efc92bbd0486c9ea59,3.3653,corporate_policy_code_of_conduct,high_score_candidate,23,2026-05-09T20:48:34+00:00,C:\Users\hp\Desktop\ESG\CorporatePolicyRetriever\data\dossier_ingestion_0\corporate_policies\code_of_conduct\lvmh\candidates\candidate_023_manifest.json
6358c0e435f0c8bf703b2cbe,CorporatePolicyRetriever,corporate_policy,LVMH,lvmh,2024,https://lvmh-com.cdn.prismic.io/lvmh-com/ZnBQR5m069VX1z-S_lvmh_codedeconduite_polish.pdf,Download,PDF extrait depuis une page HTML. Page source : https://www.lvmh.com/en/ethics-and-compliance/the-lvmh-code-of-conduct. Titre page : The LVMH Code of Conduct - LVMH. Texte du lien : Download.,html_pdf_resolver,95.0,auto_download,"[""mots-clés forts politique : ['code of conduct']"", ""mots-clés secondaires : ['compliance']"", ""nom de l'entreprise détecté"", ""URL PDF directe"", ""CDN / asset domain"", ""classe documentaire : standalone_code_of_conduct""]",[],C:\Users\hp\Desktop\ESG\CorporatePolicyRetriever\data\dossier_ingestion_0\corporate_policies\code_of_conduct\lvmh\candidates\candidate_024_score_95_0.pdf,C:\Users\hp\Desktop\ESG\CorporatePolicyRetriever\data\dossier_ingestion_0\corporate_policies\code_of_conduct\lvmh\candidates\candidate_024_manifest.json,290509b3593aebcea58b06a8b6370ee1e62f4a3fe647b914ece755c0d38b5938,1.511,corporate_policy_code_of_conduct,high_score_candidate,24,2026-05-09T20:48:34+00:00,C:\Users\hp\Desktop\ESG\CorporatePolicyRetriever\data\dossier_ingestion_0\corporate_policies\code_of_conduct\lvmh\candidates\candidate_024_manifest.json
d059c60fcdcd9fa8e7bd8eb0,CorporatePolicyRetriever,corporate_policy,LVMH,lvmh,2024,https://lvmh-com.cdn.prismic.io/lvmh-com/ZnBPhZm069VX1z92_210324_LVMH_CodeDeConduite_PT-BRAZIL.pdf,Download,PDF extrait depuis une page HTML. Page source : https://www.lvmh.com/en/ethics-and-compliance/the-lvmh-code-of-conduct. Titre page : The LVMH Code of Conduct - LVMH. Texte du lien : Download.,html_pdf_resolver,95.0,auto_download,"[""mots-clés forts politique : ['code of conduct']"", ""mots-clés secondaires : ['compliance']"", ""nom de l'entreprise détecté"", ""URL PDF directe"", ""CDN / asset domain"", ""classe documentaire : standalone_code_of_conduct""]",[],C:\Users\hp\Desktop\ESG\CorporatePolicyRetriever\data\dossier_ingestion_0\corporate_policies\code_of_conduct\lvmh\candidates\candidate_025_score_95_0.pdf,C:\Users\hp\Desktop\ESG\CorporatePolicyRetriever\data\dossier_ingestion_0\corporate_policies\code_of_conduct\lvmh\candidates\candidate_025_manifest.json,5db02adad6fdc7c15ae084fe04edc3c34dfdfaee62f8230f58ac82ee5bc0521c,1.4984,corporate_policy_code_of_conduct,high_score_candidate,25,2026-05-09T20:48:35+00:00,C:\Users\hp\Desktop\ESG\CorporatePolicyRetriever\data\dossier_ingestion_0\corporate_policies\code_of_conduct\lvmh\candidates\candidate_025_manifest.json
b36430e492bd10f852b54498,CorporatePolicyRetriever,corporate_policy,LVMH,lvmh,2024,https://lvmh-com.cdn.prismic.io/lvmh-com/ZnBPCpm069VX1z9l_210324_lvmh_codedeconduite_portuguese.pdf,Download,PDF extrait depuis une page HTML. Page source : https://www.lvmh.com/en/ethics-and-compliance/the-lvmh-code-of-conduct. Titre page : The LVMH Code of Conduct - LVMH. Texte du lien : Download.,html_pdf_resolver,95.0,auto_download,"[""mots-clés forts politique : ['code of conduct']"", ""mots-clés secondaires : ['compliance']"", ""nom de l'entreprise détecté"", ""URL PDF directe"", ""CDN / asset domain"", ""classe documentaire : standalone_code_of_conduct""]",[],C:\Users\hp\Desktop\ESG\CorporatePolicyRetriever\data\dossier_ingestion_0\corporate_policies\code_of_conduct\lvmh\candidates\candidate_026_score_95_0.pdf,C:\Users\hp\Desktop\ESG\CorporatePolicyRetriever\data\dossier_ingestion_0\corporate_policies\code_of_conduct\lvmh\candidates\candidate_026_manifest.json,47e80e9540a17891247b5edf451b2ffa6783fe5c196c2179c6ee037fee1a0eb4,1.4657,corporate_policy_code_of_conduct,high_score_candidate,26,2026-05-09T20:48:35+00:00,C:\Users\hp\Desktop\ESG\CorporatePolicyRetriever\data\dossier_ingestion_0\corporate_policies\code_of_conduct\lvmh\candidates\candidate_026_manifest.json
4c0e1ddba4381fa37d6fbadb,CorporatePolicyRetriever,corporate_policy,LVMH,lvmh,2024,https://lvmh-com.cdn.prismic.io/lvmh-com/Z8GNgZ7c43Q3gXMp_LVMHSupplierandBusinessPartnerCodeofConduct-September2024.pdf,Download,PDF extrait depuis une page HTML. Page source : https://www.lvmh.com/en/ethics-and-compliance/lvmh-supplier-code-of-conduct. Titre page : LVMH Supplier and Business Partner Code of Conduct - LVMH. Texte du lien : Download.,html_pdf_resolver,100.0,auto_download,"[""mots-clés forts politique : ['code of conduct']"", ""mots-clés secondaires : ['compliance']"", ""nom de l'entreprise détecté"", ""URL PDF directe"", ""nom de fichier politique : ['codeofconduct']"", ""CDN / asset domain"", ""classe documentaire : standalone_code_of_conduct""]",[],C:\Users\hp\Desktop\ESG\CorporatePolicyRetriever\data\dossier_ingestion_0\corporate_policies\code_of_conduct\lvmh\candidates\candidate_027_score_100_0.pdf,C:\Users\hp\Desktop\ESG\CorporatePolicyRetriever\data\dossier_ingestion_0\corporate_policies\code_of_conduct\lvmh\candidates\candidate_027_manifest.json,01eadada823c66bf9ded62511dc44a9796cd9cd1d333fbe105889bab075b09b8,0.2675,corporate_policy_code_of_conduct,high_score_candidate,27,2026-05-09T20:48:36+00:00,C:\Users\hp\Desktop\ESG\CorporatePolicyRetriever\data\dossier_ingestion_0\corporate_policies\code_of_conduct\lvmh\candidates\candidate_027_manifest.json
0fd5b22e4c71ea96c32108b9,CorporatePolicyRetriever,corporate_policy,LVMH,lvmh,2024,https://lvmh-com.cdn.prismic.io/lvmh-com/ZnBVRJm069VX10DR_210324_lvmh_codeofconduct_cn.pdf,下载,PDF extrait depuis une page HTML. Page source : https://www.lvmh.cn/ethics-compliance/the-lvmh-code-of-conduct. Titre page : LVMH行为准则 - LVMH. Texte du lien : 下载.,html_pdf_resolver,100.0,auto_download,"[""mots-clés forts politique : ['code of conduct']"", ""mots-clés secondaires : ['compliance']"", ""nom de l'entreprise détecté"", ""URL PDF directe"", ""nom de fichier politique : ['codeofconduct']"", ""CDN / asset domain"", ""classe documentaire : standalone_code_of_conduct""]",[],C:\Users\hp\Desktop\ESG\CorporatePolicyRetriever\data\dossier_ingestion_0\corporate_policies\code_of_conduct\lvmh\candidates\candidate_028_score_100_0.pdf,C:\Users\hp\Desktop\ESG\CorporatePolicyRetriever\data\dossier_ingestion_0\corporate_policies\code_of_conduct\lvmh\candidates\candidate_028_manifest.json,06ae7c56a149067b2a614758bf2688e41c698e9b666f5292fca58cd31c9739d9,1.6891,corporate_policy_code_of_conduct,high_score_candidate,28,2026-05-09T20:48:38+00:00,C:\Users\hp\Desktop\ESG\CorporatePolicyRetriever\data\dossier_ingestion_0\corporate_policies\code_of_conduct\lvmh\candidates\candidate_028_manifest.json
75b24f3776edff0e07538086,CorporatePolicyRetriever,corporate_policy,LVMH,lvmh,2024,https://lvmh-com.cdn.prismic.io/lvmh-com/ZnBUypm069VX10Bv_lvmh_codeofconduct_arabic.pdf,下载,PDF extrait depuis une page HTML. Page source : https://www.lvmh.cn/ethics-compliance/the-lvmh-code-of-conduct. Titre page : LVMH行为准则 - LVMH. Texte du lien : 下载.,html_pdf_resolver,100.0,auto_download,"[""mots-clés forts politique : ['code of conduct']"", ""mots-clés secondaires : ['compliance']"", ""nom de l'entreprise détecté"", ""URL PDF directe"", ""nom de fichier politique : ['codeofconduct']"", ""CDN / asset domain"", ""classe documentaire : standalone_code_of_conduct""]",[],C:\Users\hp\Desktop\ESG\CorporatePolicyRetriever\data\dossier_ingestion_0\corporate_policies\code_of_conduct\lvmh\candidates\candidate_029_score_100_0.pdf,C:\Users\hp\Desktop\ESG\CorporatePolicyRetriever\data\dossier_ingestion_0\corporate_policies\code_of_conduct\lvmh\candidates\candidate_029_manifest.json,cc0cd029bc515475dbbdd4efffb54c7f0cc5ccb96649d71034081e5eba02395a,1.605,corporate_policy_code_of_conduct,high_score_candidate,29,2026-05-09T20:48:38+00:00,C:\Users\hp\Desktop\ESG\CorporatePolicyRetriever\data\dossier_ingestion_0\corporate_policies\code_of_conduct\lvmh\candidates\candidate_029_manifest.json
6b6493a4df883f795779168f,CorporatePolicyRetriever,corporate_policy,LVMH,lvmh,2024,https://lvmh-com.cdn.prismic.io/lvmh-com/ZkdYryol0Zci9Pha_LVMH_CodeOfConduct_CZECH.pdf,下载,PDF extrait depuis une page HTML. Page source : https://www.lvmh.cn/ethics-compliance/the-lvmh-code-of-conduct. Titre page : LVMH行为准则 - LVMH. Texte du lien : 下载.,html_pdf_resolver,100.0,auto_download,"[""mots-clés forts politique : ['code of conduct']"", ""mots-clés secondaires : ['compliance']"", ""nom de l'entreprise détecté"", ""URL PDF directe"", ""nom de fichier politique : ['codeofconduct']"", ""CDN / asset domain"", ""classe documentaire : standalone_code_of_conduct""]",[],C:\Users\hp\Desktop\ESG\CorporatePolicyRetriever\data\dossier_ingestion_0\corporate_policies\code_of_conduct\lvmh\candidates\candidate_030_score_100_0.pdf,C:\Users\hp\Desktop\ESG\CorporatePolicyRetriever\data\dossier_ingestion_0\corporate_policies\code_of_conduct\lvmh\candidates\candidate_030_manifest.json,887f8e0927b65f32a7c30eb133ab14bbaaf32ba70a002f5e4daace2cac34058f,1.5099,corporate_policy_code_of_conduct,high_score_candidate,30,2026-05-09T20:48:39+00:00,C:\Users\hp\Desktop\ESG\CorporatePolicyRetriever\data\dossier_ingestion_0\corporate_policies\code_of_conduct\lvmh\candidates\candidate_030_manifest.json
40bf7429783083ad6f6af596,CorporatePolicyRetriever,corporate_policy,LVMH,lvmh,2024,https://lvmh-com.cdn.prismic.io/lvmh-com/ZkdX_Col0Zci9Pg0_LVMH_CodeOfConduct_GREEK.pdf,下载,PDF extrait depuis une page HTML. Page source : https://www.lvmh.cn/ethics-compliance/the-lvmh-code-of-conduct. Titre page : LVMH行为准则 - LVMH. Texte du lien : 下载.,html_pdf_resolver,100.0,auto_download,"[""mots-clés forts politique : ['code of conduct']"", ""mots-clés secondaires : ['compliance']"", ""nom de l'entreprise détecté"", ""URL PDF directe"", ""nom de fichier politique : ['codeofconduct']"", ""CDN / asset domain"", ""classe documentaire : standalone_code_of_conduct""]",[],C:\Users\hp\Desktop\ESG\CorporatePolicyRetriever\data\dossier_ingestion_0\corporate_policies\code_of_conduct\lvmh\candidates\candidate_031_score_100_0.pdf,C:\Users\hp\Desktop\ESG\CorporatePolicyRetriever\data\dossier_ingestion_0\corporate_policies\code_of_conduct\lvmh\candidates\candidate_031_manifest.json,30fb774f8c30ee16e1c52fd801855a7310c5ad6db3287af503fb6dc80b00d9e5,1.6223,corporate_policy_code_of_conduct,high_score_candidate,31,2026-05-09T20:48:39+00:00,C:\Users\hp\Desktop\ESG\CorporatePolicyRetriever\data\dossier_ingestion_0\corporate_policies\code_of_conduct\lvmh\candidates\candidate_031_manifest.json
6bdb749dfca1b3eb04ca21ef,CorporatePolicyRetriever,corporate_policy,LVMH,lvmh,2024,https://lvmh-com.cdn.prismic.io/lvmh-com/a1111bae-30f2-4da4-bdf5-4ea32f82d8de_LVMH_CodeOfConduct_JAPANESE+10.06.02.pdf,下载,PDF extrait depuis une page HTML. Page source : https://www.lvmh.cn/ethics-compliance/the-lvmh-code-of-conduct. Titre page : LVMH行为准则 - LVMH. Texte du lien : 下载.,html_pdf_resolver,100.0,auto_download,"[""mots-clés forts politique : ['code of conduct']"", ""mots-clés secondaires : ['compliance']"", ""nom de l'entreprise détecté"", ""URL PDF directe"", ""nom de fichier politique : ['codeofconduct']"", ""CDN / asset domain"", ""classe documentaire : standalone_code_of_conduct""]",[],C:\Users\hp\Desktop\ESG\CorporatePolicyRetriever\data\dossier_ingestion_0\corporate_policies\code_of_conduct\lvmh\candidates\candidate_032_score_100_0.pdf,C:\Users\hp\Desktop\ESG\CorporatePolicyRetriever\data\dossier_ingestion_0\corporate_policies\code_of_conduct\lvmh\candidates\candidate_032_manifest.json,da80250e46c29137dfa77bde636a07b2500ffe9ccac611d6c88f71a4e8ea7daf,3.4877,corporate_policy_code_of_conduct,high_score_candidate,32,2026-05-09T20:48:40+00:00,C:\Users\hp\Desktop\ESG\CorporatePolicyRetriever\data\dossier_ingestion_0\corporate_policies\code_of_conduct\lvmh\candidates\candidate_032_manifest.json
82f6d59f8bf06347c10b427e,CorporatePolicyRetriever,corporate_policy,LVMH,lvmh,2024,https://lvmh-com.cdn.prismic.io/lvmh-com/ZkdYJiol0Zci9Pg8_LVMH_CodeOfConduct_ROMANIAN.pdf,下载,PDF extrait depuis une page HTML. Page source : https://www.lvmh.cn/ethics-compliance/the-lvmh-code-of-conduct. Titre page : LVMH行为准则 - LVMH. Texte du lien : 下载.,html_pdf_resolver,100.0,auto_download,"[""mots-clés forts politique : ['code of conduct']"", ""mots-clés secondaires : ['compliance']"", ""nom de l'entreprise détecté"", ""URL PDF directe"", ""nom de fichier politique : ['codeofconduct']"", ""CDN / asset domain"", ""classe documentaire : standalone_code_of_conduct""]",[],C:\Users\hp\Desktop\ESG\CorporatePolicyRetriever\data\dossier_ingestion_0\corporate_policies\code_of_conduct\lvmh\candidates\candidate_033_score_100_0.pdf,C:\Users\hp\Desktop\ESG\CorporatePolicyRetriever\data\dossier_ingestion_0\corporate_policies\code_of_conduct\lvmh\candidates\candidate_033_manifest.json,836f1acbdd9a7bc14a8dcbdf0a775b9525529a65a63a8fe29f0ba8c78d741c88,1.5284,corporate_policy_code_of_conduct,high_score_candidate,33,2026-05-09T20:48:41+00:00,C:\Users\hp\Desktop\ESG\CorporatePolicyRetriever\data\dossier_ingestion_0\corporate_policies\code_of_conduct\lvmh\candidates\candidate_033_manifest.json
7052fe427bb4c48ef4061670,CorporatePolicyRetriever,corporate_policy,LVMH,lvmh,2024,https://lvmh-com.cdn.prismic.io/lvmh-com/ZkdXpSol0Zci9Pgf_LVMH_CodeOfConduct_TURKISH.pdf,下载,PDF extrait depuis une page HTML. Page source : https://www.lvmh.cn/ethics-compliance/the-lvmh-code-of-conduct. Titre page : LVMH行为准则 - LVMH. Texte du lien : 下载.,html_pdf_resolver,100.0,auto_download,"[""mots-clés forts politique : ['code of conduct']"", ""mots-clés secondaires : ['compliance']"", ""nom de l'entreprise détecté"", ""URL PDF directe"", ""nom de fichier politique : ['codeofconduct']"", ""CDN / asset domain"", ""classe documentaire : standalone_code_of_conduct""]",[],C:\Users\hp\Desktop\ESG\CorporatePolicyRetriever\data\dossier_ingestion_0\corporate_policies\code_of_conduct\lvmh\candidates\candidate_034_score_100_0.pdf,C:\Users\hp\Desktop\ESG\CorporatePolicyRetriever\data\dossier_ingestion_0\corporate_policies\code_of_conduct\lvmh\candidates\candidate_034_manifest.json,82fb67a4f9ee959e5bba5bb9ece304a5b51c59ff9f3c5da284e7f165dc977839,1.5209,corporate_policy_code_of_conduct,high_score_candidate,34,2026-05-09T20:48:41+00:00,C:\Users\hp\Desktop\ESG\CorporatePolicyRetriever\data\dossier_ingestion_0\corporate_policies\code_of_conduct\lvmh\candidates\candidate_034_manifest.json
eec03e6510695566e79034cd,CorporatePolicyRetriever,corporate_policy,LVMH,lvmh,2024,https://lvmh-com.cdn.prismic.io/lvmh-com/ZkdYWyol0Zci9PhH_LVMH_CodeDeConduite_POLISH.pdf,下载,PDF extrait depuis une page HTML. Page source : https://www.lvmh.cn/ethics-compliance/the-lvmh-code-of-conduct. Titre page : LVMH行为准则 - LVMH. Texte du lien : 下载.,html_pdf_resolver,95.0,auto_download,"[""mots-clés forts politique : ['code of conduct']"", ""mots-clés secondaires : ['compliance']"", ""nom de l'entreprise détecté"", ""URL PDF directe"", ""CDN / asset domain"", ""classe documentaire : standalone_code_of_conduct""]",[],C:\Users\hp\Desktop\ESG\CorporatePolicyRetriever\data\dossier_ingestion_0\corporate_policies\code_of_conduct\lvmh\candidates\candidate_035_score_95_0.pdf,C:\Users\hp\Desktop\ESG\CorporatePolicyRetriever\data\dossier_ingestion_0\corporate_policies\code_of_conduct\lvmh\candidates\candidate_035_manifest.json,290509b3593aebcea58b06a8b6370ee1e62f4a3fe647b914ece755c0d38b5938,1.511,corporate_policy_code_of_conduct,high_score_candidate,35,2026-05-09T20:48:42+00:00,C:\Users\hp\Desktop\ESG\CorporatePolicyRetriever\data\dossier_ingestion_0\corporate_policies\code_of_conduct\lvmh\candidates\candidate_035_manifest.json
2cd1308cc6c95b4b324e3fee,CorporatePolicyRetriever,corporate_policy,LVMH,lvmh,2024,https://lvmh-com.cdn.prismic.io/lvmh-com/ZnBUq5m069VX10Bl_210324_LVMH_CodeDeConduite_PT-BRAZIL.pdf,下载,PDF extrait depuis une page HTML. Page source : https://www.lvmh.cn/ethics-compliance/the-lvmh-code-of-conduct. Titre page : LVMH行为准则 - LVMH. Texte du lien : 下载.,html_pdf_resolver,95.0,auto_download,"[""mots-clés forts politique : ['code of conduct']"", ""mots-clés secondaires : ['compliance']"", ""nom de l'entreprise détecté"", ""URL PDF directe"", ""CDN / asset domain"", ""classe documentaire : standalone_code_of_conduct""]",[],C:\Users\hp\Desktop\ESG\CorporatePolicyRetriever\data\dossier_ingestion_0\corporate_policies\code_of_conduct\lvmh\candidates\candidate_036_score_95_0.pdf,C:\Users\hp\Desktop\ESG\CorporatePolicyRetriever\data\dossier_ingestion_0\corporate_policies\code_of_conduct\lvmh\candidates\candidate_036_manifest.json,5db02adad6fdc7c15ae084fe04edc3c34dfdfaee62f8230f58ac82ee5bc0521c,1.4984,corporate_policy_code_of_conduct,high_score_candidate,36,2026-05-09T20:48:43+00:00,C:\Users\hp\Desktop\ESG\CorporatePolicyRetriever\data\dossier_ingestion_0\corporate_policies\code_of_conduct\lvmh\candidates\candidate_036_manifest.json
ea605055a8474de7fd67577f,CorporatePolicyRetriever,corporate_policy,LVMH,lvmh,2024,https://lvmh-com.cdn.prismic.io/lvmh-com/ZnBVnJm069VX10Eo_210324_lvmh_codedeconduite_portuguese.pdf,下载,PDF extrait depuis une page HTML. Page source : https://www.lvmh.cn/ethics-compliance/the-lvmh-code-of-conduct. Titre page : LVMH行为准则 - LVMH. Texte du lien : 下载.,html_pdf_resolver,95.0,auto_download,"[""mots-clés forts politique : ['code of conduct']"", ""mots-clés secondaires : ['compliance']"", ""nom de l'entreprise détecté"", ""URL PDF directe"", ""CDN / asset domain"", ""classe documentaire : standalone_code_of_conduct""]",[],C:\Users\hp\Desktop\ESG\CorporatePolicyRetriever\data\dossier_ingestion_0\corporate_policies\code_of_conduct\lvmh\candidates\candidate_037_score_95_0.pdf,C:\Users\hp\Desktop\ESG\CorporatePolicyRetriever\data\dossier_ingestion_0\corporate_policies\code_of_conduct\lvmh\candidates\candidate_037_manifest.json,47e80e9540a17891247b5edf451b2ffa6783fe5c196c2179c6ee037fee1a0eb4,1.4657,corporate_policy_code_of_conduct,high_score_candidate,37,2026-05-09T20:48:43+00:00,C:\Users\hp\Desktop\ESG\CorporatePolicyRetriever\data\dossier_ingestion_0\corporate_policies\code_of_conduct\lvmh\candidates\candidate_037_manifest.json
27a2f7078af37783ef560052,CorporatePolicyRetriever,corporate_policy,LVMH,lvmh,2024,https://irp.cdn-website.com/2600b7b6/files/uploaded/Charte+éthique.pdf,Charte éthique,Notre charte éthique montre notre engagement permanent dans le maintien et la promotion des standards mondiaux d’intégrité et de confiance pour toutes nos opérations.,ddgs,85.0,auto_download,"[""mots-clés forts politique : ['charte éthique']"", ""mots-clés secondaires : ['intégrité']"", ""URL PDF directe"", ""nom de fichier politique : ['charte-ethique']"", ""classe documentaire : standalone_code_of_conduct""]",[],C:\Users\hp\Desktop\ESG\CorporatePolicyRetriever\data\dossier_ingestion_0\corporate_policies\code_of_conduct\lvmh\candidates\candidate_039_score_85_0.pdf,C:\Users\hp\Desktop\ESG\CorporatePolicyRetriever\data\dossier_ingestion_0\corporate_policies\code_of_conduct\lvmh\candidates\candidate_039_manifest.json,d5f8f76237c76cbfbf5bf6c0f2a694e14617c2ffe9917212c66694a4f52874a2,1.8402,corporate_policy_code_of_conduct,high_score_candidate,39,2026-05-09T20:48:45+00:00,C:\Users\hp\Desktop\ESG\CorporatePolicyRetriever\data\dossier_ingestion_0\corporate_policies\code_of_conduct\lvmh\candidates\candidate_039_manifest.json
96aa412a2076a4ae31edd697,CorporatePolicyRetriever,corporate_policy,TotalEnergies,totalenergies,2024,https://dev-backoffice.totalenergies.com/sites/g/files/nytnzq121/files/atoms/files/total_code_of_conduct_va_0.pdf,Code of,"Our Code of Conduct. Is informed by our five values, including our two core values (Safety and Respect for Each Other) that guide all our actions. Describes the practices to maintain with respect to safety, integrity, respect for human rights and other areas.",ddgs,100.0,auto_download,"[""mots-clés forts politique : ['code of conduct']"", ""mots-clés secondaires : ['integrity']"", ""nom de l'entreprise détecté"", ""domaine officiel détecté : totalenergies.com"", ""URL PDF directe"", ""nom de fichier politique : ['code-of-conduct', 'code_of_conduct']"", ""classe documentaire : standalone_code_of_conduct""]",[],C:\Users\hp\Desktop\ESG\CorporatePolicyRetriever\data\dossier_ingestion_0\corporate_policies\code_of_conduct\totalenergies\candidates\candidate_001_score_100_0.pdf,C:\Users\hp\Desktop\ESG\CorporatePolicyRetriever\data\dossier_ingestion_0\corporate_policies\code_of_conduct\totalenergies\candidates\candidate_001_manifest.json,7c248032a782cb90c847cfecbbfedf25c7965438e759dd08be103c78a2bab216,2.6378,corporate_policy_code_of_conduct,high_score_candidate,1,2026-05-09T20:52:23+00:00,C:\Users\hp\Desktop\ESG\CorporatePolicyRetriever\data\dossier_ingestion_0\corporate_policies\code_of_conduct\totalenergies\candidates\candidate_001_manifest.json
703f8a968dc08aa540649b80,CorporatePolicyRetriever,corporate_policy,TotalEnergies,totalenergies,2024,https://totalenergies.com/sites/g/files/nytnzq121/files/documents/totalenergies_code-of-conduct_2025.pdf,View the Code of Conduct,PDF extrait depuis une page HTML. Page source : https://totalenergies.com/company/identity/ethics. Titre page : Our Ethics Policy | TotalEnergies.com. Texte du lien : View the Code of Conduct.,html_pdf_resolver,100.0,auto_download,"[""mots-clés forts politique : ['code of conduct']"", ""nom de l'entreprise détecté"", ""domaine officiel détecté : totalenergies.com"", ""URL PDF directe"", ""nom de fichier politique : ['code-of-conduct', 'code_of_conduct']"", ""classe documentaire : standalone_code_of_conduct""]",[],C:\Users\hp\Desktop\ESG\CorporatePolicyRetriever\data\dossier_ingestion_0\corporate_policies\code_of_conduct\totalenergies\candidates\candidate_002_score_100_0.pdf,C:\Users\hp\Desktop\ESG\CorporatePolicyRetriever\data\dossier_ingestion_0\corporate_policies\code_of_conduct\totalenergies\candidates\candidate_002_manifest.json,5a7eb9e6b9876af8f50eb012ed0bbefe75225ba021e3664311d35f077cd94fd3,34.9663,corporate_policy_code_of_conduct,high_score_candidate,2,2026-05-09T20:52:31+00:00,C:\Users\hp\Desktop\ESG\CorporatePolicyRetriever\data\dossier_ingestion_0\corporate_policies\code_of_conduct\totalenergies\candidates\candidate_002_manifest.json
977c1a126625aa7199f27d85,CorporatePolicyRetriever,corporate_policy,LVMH,lvmh,2024,https://irp.cdn-website.com/2600b7b6/files/uploaded/Politique+environnementale.pdf,Politique environnementale,Politique environnementale I mai 2023. www.freelance-vision.com. Table des matières.,ddgs,80.0,auto_download,"[""mots-clés forts politique : ['politique environnementale']"", ""année récente détectée : 2023"", ""URL PDF directe"", ""nom de fichier politique : ['politique-environnementale']"", ""classe documentaire : standalone_environmental""]",[],C:\Users\hp\Desktop\ESG\CorporatePolicyRetriever\data\dossier_ingestion_0\corporate_policies\environmental\lvmh\candidates\candidate_001_score_80_0.pdf,C:\Users\hp\Desktop\ESG\CorporatePolicyRetriever\data\dossier_ingestion_0\corporate_policies\environmental\lvmh\candidates\candidate_001_manifest.json,f75e77db6fe9af4b06a4faf0c31807bc95bf84f55afc964c642c2cea2ee54029,0.548,corporate_policy_environmental,high_score_candidate,1,2026-05-09T20:51:03+00:00,C:\Users\hp\Desktop\ESG\CorporatePolicyRetriever\data\dossier_ingestion_0\corporate_policies\environmental\lvmh\candidates\candidate_001_manifest.json
ce31eefb6827278f129b3482,CorporatePolicyRetriever,corporate_policy,LVMH,lvmh,2024,https://www.engie.com/sites/default/files/assets/documents/2023-06/Engie_Politique+environnementale.pdf,POLITIQUE,"La présente politique environnementale est complétée des politiques Climat (atténuation et adaptation), Biodiversité, Eau, Forêt, Économie circulaire qui détaillent les engagements et les objectifs pris spécifiquement dans ces domaines.",ddgs,80.0,auto_download,"[""mots-clés forts politique : ['politique environnementale']"", ""année récente détectée : 2023"", ""URL PDF directe"", ""nom de fichier politique : ['politique-environnementale']"", ""classe documentaire : standalone_environmental""]",[],C:\Users\hp\Desktop\ESG\CorporatePolicyRetriever\data\dossier_ingestion_0\corporate_policies\environmental\lvmh\candidates\candidate_002_score_80_0.pdf,C:\Users\hp\Desktop\ESG\CorporatePolicyRetriever\data\dossier_ingestion_0\corporate_policies\environmental\lvmh\candidates\candidate_002_manifest.json,f9fc9f8d8cc014eb059ca6adebf141b2db9f4365acb839d9f149ce6330e5bdf4,1.1534,corporate_policy_environmental,high_score_candidate,2,2026-05-09T20:51:04+00:00,C:\Users\hp\Desktop\ESG\CorporatePolicyRetriever\data\dossier_ingestion_0\corporate_policies\environmental\lvmh\candidates\candidate_002_manifest.json
76555af71dbbff27b4b20d69,CorporatePolicyRetriever,corporate_policy,Schneider Electric,schneider-electric,2024,https://www.se.com/ww/en/assets/564/document/411149/vigilance-plan-2022.pdf,Vigilance Plan 2022 - Schneider Electric Global,"EnvironmentPollution and specific substances • Environmental policy Waste and circularity • Environmental policy Energy, CO 2 and GHG • Energy policy Business Ethics",ddgs,100.0,auto_download,"[""mots-clés forts politique : ['environmental policy']"", ""mots-clés secondaires : ['ghg', 'waste']"", ""année récente détectée : 2022"", ""nom de l'entreprise détecté"", ""domaine officiel détecté : se.com"", ""URL PDF directe"", ""classe documentaire : standalone_environmental""]",[],C:\Users\hp\Desktop\ESG\CorporatePolicyRetriever\data\dossier_ingestion_0\corporate_policies\environmental\schneider-electric\candidates\candidate_001_score_100_0.pdf,C:\Users\hp\Desktop\ESG\CorporatePolicyRetriever\data\dossier_ingestion_0\corporate_policies\environmental\schneider-electric\candidates\candidate_001_manifest.json,95c772f353ef7609a471e313491e3039c6c161362ba03929944c4ed65dffa5f7,4.8246,corporate_policy_environmental,high_score_candidate,1,2026-05-09T20:56:53+00:00,C:\Users\hp\Desktop\ESG\CorporatePolicyRetriever\data\dossier_ingestion_0\corporate_policies\environmental\schneider-electric\candidates\candidate_001_manifest.json
5ed58e7216f113d859dc0bf6,CorporatePolicyRetriever,corporate_policy,TotalEnergies,totalenergies,2024,https://totalenergies.com/system/files/documents/totalenergies_document-enregistrement-universel-2024_2025_fr.pdf,TotalEnergies_DEU_2024_VF,"TotalEnergies est associée depuis 2005 au ministère des Armées dans le cadre d’une Convention de Soutien à la Politique de Réserve militaire. Cette convention a été renouvelée régulièrement, la dernière datant de mars 2022 pour une nouvelle période de cinq ans (2022-2027).",ddgs,100.0,auto_download,"[""mots-clés secondaires : ['energie']"", ""mots-clés faibles : ['politique']"", ""année récente détectée : 2022"", ""nom de l'entreprise détecté"", ""domaine officiel détecté : totalenergies.com"", ""URL PDF directe"", ""classe documentaire : generic_policy_document""]",[],C:\Users\hp\Desktop\ESG\CorporatePolicyRetriever\data\dossier_ingestion_0\corporate_policies\environmental\totalenergies\candidates\candidate_001_score_100_0.pdf,C:\Users\hp\Desktop\ESG\CorporatePolicyRetriever\data\dossier_ingestion_0\corporate_policies\environmental\totalenergies\candidates\candidate_001_manifest.json,c65ec5c295536fd09cb15ccf7c6172f35215556f5d9b9f74f802a602d22b238d,16.1175,corporate_policy_environmental,high_score_candidate,1,2026-05-09T20:53:59+00:00,C:\Users\hp\Desktop\ESG\CorporatePolicyRetriever\data\dossier_ingestion_0\corporate_policies\environmental\totalenergies\candidates\candidate_001_manifest.json
566c5f0020f1f6ef21e3d052,CorporatePolicyRetriever,corporate_policy,TotalEnergies,totalenergies,2024,https://totalenergies.com/sites/g/files/nytnzq121/files/documents/2022-08/CDP_Climate_Change_2022.pdf,TotalEnergies - Climate Change 2022,"TotalEnergies’ Board of Directors ensures that climate-related issues are incorporated into the Company’s strategy. Since 2008, these major issues for the Company have no longer been treated as one component of environmental risks, but rather on an independent basis.",ddgs,90.0,auto_download,"[""mots-clés secondaires : ['climate change', 'energie']"", ""année récente détectée : 2022"", ""nom de l'entreprise détecté"", ""domaine officiel détecté : totalenergies.com"", ""URL PDF directe"", ""classe documentaire : generic_policy_document""]",[],C:\Users\hp\Desktop\ESG\CorporatePolicyRetriever\data\dossier_ingestion_0\corporate_policies\environmental\totalenergies\candidates\candidate_003_score_90_0.pdf,C:\Users\hp\Desktop\ESG\CorporatePolicyRetriever\data\dossier_ingestion_0\corporate_policies\environmental\totalenergies\candidates\candidate_003_manifest.json,3b45fbf52fd6e8a26f2a413172d8e0ad51058aa97413282e0bd9a362d2614472,0.9619,corporate_policy_environmental,high_score_candidate,3,2026-05-09T20:54:03+00:00,C:\Users\hp\Desktop\ESG\CorporatePolicyRetriever\data\dossier_ingestion_0\corporate_policies\environmental\totalenergies\candidates\candidate_003_manifest.json
373d0fd745929548ea66b858,CorporatePolicyRetriever,corporate_policy,LVMH,lvmh,2024,https://www.gsf.fr/wp-content/uploads/2024/12/Politique_droits_humains.pdf,Politique_droits_humains.indd,Politique des droits humains et conditions de travail. Description de la prise en compte de l’intérêt des principales parties prenantes dans l’élaboration de la politique : Il est demandé aux salariés du Groupe responsables de la bonne exécution de la politique...,ddgs,80.0,auto_download,"[""mots-clés forts politique : ['politique droits humains']"", ""année récente détectée : 2024"", ""URL PDF directe"", ""nom de fichier politique : ['droits-humains']"", ""classe documentaire : standalone_human_rights""]",[],C:\Users\hp\Desktop\ESG\CorporatePolicyRetriever\data\dossier_ingestion_0\corporate_policies\human_rights\lvmh\candidates\candidate_001_score_80_0.pdf,C:\Users\hp\Desktop\ESG\CorporatePolicyRetriever\data\dossier_ingestion_0\corporate_policies\human_rights\lvmh\candidates\candidate_001_manifest.json,6c2f19d8ac52e07776defac8dceb60de4f09feb72d46e978903e33c0cf2ce85a,1.1974,corporate_policy_human_rights,high_score_candidate,1,2026-05-09T20:49:44+00:00,C:\Users\hp\Desktop\ESG\CorporatePolicyRetriever\data\dossier_ingestion_0\corporate_policies\human_rights\lvmh\candidates\candidate_001_manifest.json
a95869f4fb89c93397dd07ae,CorporatePolicyRetriever,corporate_policy,LVMH,lvmh,2024,https://www.cloudybay.com/drupal/sites/default/files/2024-04/LVMHSupplierCodeConduct2022.pdf,LVMH Group - Cloudy Bay,The LVMH Group therefore requires its Suppliers to respect the principles set forth in this Supplier Code of Conduct (“Code”) and to ensure that their own suppliers do the same in the conduct of their activities for the LVMH Group.,ddgs,100.0,auto_download,"[""mots-clés forts politique : ['supplier code of conduct', 'supplier code']"", ""année récente détectée : 2024"", ""nom de l'entreprise détecté"", ""URL PDF directe"", ""nom de fichier politique : ['suppliercode']"", ""classe documentaire : standalone_supplier_code""]",[],C:\Users\hp\Desktop\ESG\CorporatePolicyRetriever\data\dossier_ingestion_0\corporate_policies\supplier_code\lvmh\candidates\candidate_001_score_100_0.pdf,C:\Users\hp\Desktop\ESG\CorporatePolicyRetriever\data\dossier_ingestion_0\corporate_policies\supplier_code\lvmh\candidates\candidate_001_manifest.json,67515243db92f8bdd81ea6a3d876369d407adaf700f16ad0b39e230a60ba990b,0.8619,corporate_policy_supplier_code,high_score_candidate,1,2026-05-09T20:51:30+00:00,C:\Users\hp\Desktop\ESG\CorporatePolicyRetriever\data\dossier_ingestion_0\corporate_policies\supplier_code\lvmh\candidates\candidate_001_manifest.json
ddce6ce70a02608577153346,EarningsCallRetriever,earnings_call,LVMH,lvmh,2024,https://cdn.ainvest.com/agreement/Ainvest-Fintech-Inc-Privacy-Policy.pdf,Privacy Policy,PDF extrait depuis une page HTML. Page source : https://www.ainvest.com/news/hecla-mining-hl-7-nov-24-2024-q3-earnings-call-transcript-24111010a233fd1190c1eae0/. Titre page : Hecla Mining (HL) 7 Nov 24 2024 Q3 Earnings call transcript. Texte du lien : Privacy Policy.,html_pdf_resolver,90.0,auto_download,"[""mots-clés forts earnings call : ['earnings call transcript', 'call transcript']"", ""mots-clés secondaires : ['earnings call']"", ""année trouvée : 2024"", ""URL PDF directe"", ""classe documentaire : earnings_call_transcript""]",[],C:\Users\hp\Desktop\ESG\EarningsCallRetriever\data\dossier_ingestion_0\earnings_calls\lvmh\2024\candidates\candidate_001_score_90_0.pdf,C:\Users\hp\Desktop\ESG\EarningsCallRetriever\data\dossier_ingestion_0\earnings_calls\lvmh\2024\candidates\candidate_001_manifest.json,539e75ccbf37782bb95f6b0d461d50cf615c40798d8a6746f3aeb4915f9e3c8c,0.2563,earnings_call_candidate,high_score_candidate,1,2026-05-09T20:42:07+00:00,C:\Users\hp\Desktop\ESG\EarningsCallRetriever\data\dossier_ingestion_0\earnings_calls\lvmh\2024\candidates\candidate_001_manifest.json
4dc7b5eda9b788df562ae846,EarningsCallRetriever,earnings_call,LVMH,lvmh,2024,https://cdn.ainvest.com/agreement/Ainvest-Fintech-Terms-of-Use.pdf,Terms of Use,PDF extrait depuis une page HTML. Page source : https://www.ainvest.com/news/hecla-mining-hl-7-nov-24-2024-q3-earnings-call-transcript-24111010a233fd1190c1eae0/. Titre page : Hecla Mining (HL) 7 Nov 24 2024 Q3 Earnings call transcript. Texte du lien : Terms of Use.,html_pdf_resolver,90.0,auto_download,"[""mots-clés forts earnings call : ['earnings call transcript', 'call transcript']"", ""mots-clés secondaires : ['earnings call']"", ""année trouvée : 2024"", ""URL PDF directe"", ""classe documentaire : earnings_call_transcript""]",[],C:\Users\hp\Desktop\ESG\EarningsCallRetriever\data\dossier_ingestion_0\earnings_calls\lvmh\2024\candidates\candidate_002_score_90_0.pdf,C:\Users\hp\Desktop\ESG\EarningsCallRetriever\data\dossier_ingestion_0\earnings_calls\lvmh\2024\candidates\candidate_002_manifest.json,9c5c4949b391f334bb5fa48e37f255512d61ccf6308de9b56c1545b4f6cfa3e2,0.0833,earnings_call_candidate,high_score_candidate,2,2026-05-09T20:42:09+00:00,C:\Users\hp\Desktop\ESG\EarningsCallRetriever\data\dossier_ingestion_0\earnings_calls\lvmh\2024\candidates\candidate_002_manifest.json
8884e44a3ba7dc0ee5e647f2,EarningsCallRetriever,earnings_call,LVMH,lvmh,2024,https://cdn.ainvest.com/agreement/AIME-Terms-of-Use.pdf,AIME Terms of Use,PDF extrait depuis une page HTML. Page source : https://www.ainvest.com/news/hecla-mining-hl-7-nov-24-2024-q3-earnings-call-transcript-24111010a233fd1190c1eae0/. Titre page : Hecla Mining (HL) 7 Nov 24 2024 Q3 Earnings call transcript. Texte du lien : AIME Terms of Use.,html_pdf_resolver,90.0,auto_download,"[""mots-clés forts earnings call : ['earnings call transcript', 'call transcript']"", ""mots-clés secondaires : ['earnings call']"", ""année trouvée : 2024"", ""URL PDF directe"", ""classe documentaire : earnings_call_transcript""]",[],C:\Users\hp\Desktop\ESG\EarningsCallRetriever\data\dossier_ingestion_0\earnings_calls\lvmh\2024\candidates\candidate_003_score_90_0.pdf,C:\Users\hp\Desktop\ESG\EarningsCallRetriever\data\dossier_ingestion_0\earnings_calls\lvmh\2024\candidates\candidate_003_manifest.json,f48e5bde5bcb4ea6fbb7433569758ec0c32220e203172bab4ef59830653d562f,0.1135,earnings_call_candidate,high_score_candidate,3,2026-05-09T20:42:11+00:00,C:\Users\hp\Desktop\ESG\EarningsCallRetriever\data\dossier_ingestion_0\earnings_calls\lvmh\2024\candidates\candidate_003_manifest.json
2d231fdc269ffa492833ce54,EarningsCallRetriever,earnings_call,LVMH,lvmh,2024,https://cdn.ainvest.com/agreement/Third-Party-Brokerage-Disclaimer.pdf,Brokerage Disclaimer,PDF extrait depuis une page HTML. Page source : https://www.ainvest.com/news/hecla-mining-hl-7-nov-24-2024-q3-earnings-call-transcript-24111010a233fd1190c1eae0/. Titre page : Hecla Mining (HL) 7 Nov 24 2024 Q3 Earnings call transcript. Texte du lien : Brokerage Disclaimer.,html_pdf_resolver,90.0,auto_download,"[""mots-clés forts earnings call : ['earnings call transcript', 'call transcript']"", ""mots-clés secondaires : ['earnings call']"", ""année trouvée : 2024"", ""URL PDF directe"", ""classe documentaire : earnings_call_transcript""]",[],C:\Users\hp\Desktop\ESG\EarningsCallRetriever\data\dossier_ingestion_0\earnings_calls\lvmh\2024\candidates\candidate_004_score_90_0.pdf,C:\Users\hp\Desktop\ESG\EarningsCallRetriever\data\dossier_ingestion_0\earnings_calls\lvmh\2024\candidates\candidate_004_manifest.json,6b81b26a669c2109aa078cf19b65e68f2c1c036477977ae79e1d8635adac50c3,0.1716,earnings_call_candidate,high_score_candidate,4,2026-05-09T20:42:12+00:00,C:\Users\hp\Desktop\ESG\EarningsCallRetriever\data\dossier_ingestion_0\earnings_calls\lvmh\2024\candidates\candidate_004_manifest.json
ae251ba6c48a08306ac1ad84,EarningsCallRetriever,earnings_call,LVMH,lvmh,2024,https://cdn.ainvest.com/agreement/Ainvest-AI-Risk-Disclosures.pdf,AI Risk Disclosures,PDF extrait depuis une page HTML. Page source : https://www.ainvest.com/news/hecla-mining-hl-7-nov-24-2024-q3-earnings-call-transcript-24111010a233fd1190c1eae0/. Titre page : Hecla Mining (HL) 7 Nov 24 2024 Q3 Earnings call transcript. Texte du lien : AI Risk Disclosures.,html_pdf_resolver,90.0,auto_download,"[""mots-clés forts earnings call : ['earnings call transcript', 'call transcript']"", ""mots-clés secondaires : ['earnings call']"", ""année trouvée : 2024"", ""URL PDF directe"", ""classe documentaire : earnings_call_transcript""]",[],C:\Users\hp\Desktop\ESG\EarningsCallRetriever\data\dossier_ingestion_0\earnings_calls\lvmh\2024\candidates\candidate_005_score_90_0.pdf,C:\Users\hp\Desktop\ESG\EarningsCallRetriever\data\dossier_ingestion_0\earnings_calls\lvmh\2024\candidates\candidate_005_manifest.json,8c0adf253981086eac041a56a8aed211b460d104940e5add6f1138be763b1275,0.1258,earnings_call_candidate,high_score_candidate,5,2026-05-09T20:42:13+00:00,C:\Users\hp\Desktop\ESG\EarningsCallRetriever\data\dossier_ingestion_0\earnings_calls\lvmh\2024\candidates\candidate_005_manifest.json
d178ec429c72ad5db5f3eb99,EarningsCallRetriever,earnings_call,Schneider Electric,schneider-electric,2024,https://cdn.ainvest.com/agreement/Ainvest-Fintech-Inc-Privacy-Policy.pdf,Privacy Policy,"PDF extrait depuis une page HTML. Page source : https://www.ainvest.com/news/antero-resources-ar-q3-earnings-call-transcript-oct-31-2024-24111010bea40314dcbbdedf/. Titre page : Antero Resources (AR) Q3 Earnings call transcript Oct 31, 2024. Texte du lien : Privacy Policy.",html_pdf_resolver,90.0,auto_download,"[""mots-clés forts earnings call : ['earnings call transcript', 'call transcript']"", ""mots-clés secondaires : ['earnings call']"", ""année trouvée : 2024"", ""URL PDF directe"", ""classe documentaire : earnings_call_transcript""]",[],C:\Users\hp\Desktop\ESG\EarningsCallRetriever\data\dossier_ingestion_0\earnings_calls\schneider-electric\2024\candidates\candidate_001_score_90_0.pdf,C:\Users\hp\Desktop\ESG\EarningsCallRetriever\data\dossier_ingestion_0\earnings_calls\schneider-electric\2024\candidates\candidate_001_manifest.json,539e75ccbf37782bb95f6b0d461d50cf615c40798d8a6746f3aeb4915f9e3c8c,0.2563,earnings_call_candidate,high_score_candidate,1,2026-05-09T20:44:15+00:00,C:\Users\hp\Desktop\ESG\EarningsCallRetriever\data\dossier_ingestion_0\earnings_calls\schneider-electric\2024\candidates\candidate_001_manifest.json
f3034c31808ff1a58d73d3c5,EarningsCallRetriever,earnings_call,Schneider Electric,schneider-electric,2024,https://cdn.ainvest.com/agreement/Ainvest-Fintech-Terms-of-Use.pdf,Terms of Use,"PDF extrait depuis une page HTML. Page source : https://www.ainvest.com/news/antero-resources-ar-q3-earnings-call-transcript-oct-31-2024-24111010bea40314dcbbdedf/. Titre page : Antero Resources (AR) Q3 Earnings call transcript Oct 31, 2024. Texte du lien : Terms of Use.",html_pdf_resolver,90.0,auto_download,"[""mots-clés forts earnings call : ['earnings call transcript', 'call transcript']"", ""mots-clés secondaires : ['earnings call']"", ""année trouvée : 2024"", ""URL PDF directe"", ""classe documentaire : earnings_call_transcript""]",[],C:\Users\hp\Desktop\ESG\EarningsCallRetriever\data\dossier_ingestion_0\earnings_calls\schneider-electric\2024\candidates\candidate_002_score_90_0.pdf,C:\Users\hp\Desktop\ESG\EarningsCallRetriever\data\dossier_ingestion_0\earnings_calls\schneider-electric\2024\candidates\candidate_002_manifest.json,9c5c4949b391f334bb5fa48e37f255512d61ccf6308de9b56c1545b4f6cfa3e2,0.0833,earnings_call_candidate,high_score_candidate,2,2026-05-09T20:44:16+00:00,C:\Users\hp\Desktop\ESG\EarningsCallRetriever\data\dossier_ingestion_0\earnings_calls\schneider-electric\2024\candidates\candidate_002_manifest.json
0c15da21b9ce1b0a78182b12,EarningsCallRetriever,earnings_call,Schneider Electric,schneider-electric,2024,https://cdn.ainvest.com/agreement/AIME-Terms-of-Use.pdf,AIME Terms of Use,"PDF extrait depuis une page HTML. Page source : https://www.ainvest.com/news/antero-resources-ar-q3-earnings-call-transcript-oct-31-2024-24111010bea40314dcbbdedf/. Titre page : Antero Resources (AR) Q3 Earnings call transcript Oct 31, 2024. Texte du lien : AIME Terms of Use.",html_pdf_resolver,90.0,auto_download,"[""mots-clés forts earnings call : ['earnings call transcript', 'call transcript']"", ""mots-clés secondaires : ['earnings call']"", ""année trouvée : 2024"", ""URL PDF directe"", ""classe documentaire : earnings_call_transcript""]",[],C:\Users\hp\Desktop\ESG\EarningsCallRetriever\data\dossier_ingestion_0\earnings_calls\schneider-electric\2024\candidates\candidate_003_score_90_0.pdf,C:\Users\hp\Desktop\ESG\EarningsCallRetriever\data\dossier_ingestion_0\earnings_calls\schneider-electric\2024\candidates\candidate_003_manifest.json,f48e5bde5bcb4ea6fbb7433569758ec0c32220e203172bab4ef59830653d562f,0.1135,earnings_call_candidate,high_score_candidate,3,2026-05-09T20:44:17+00:00,C:\Users\hp\Desktop\ESG\EarningsCallRetriever\data\dossier_ingestion_0\earnings_calls\schneider-electric\2024\candidates\candidate_003_manifest.json
715738443746cc2e4835552d,EarningsCallRetriever,earnings_call,Schneider Electric,schneider-electric,2024,https://cdn.ainvest.com/agreement/Third-Party-Brokerage-Disclaimer.pdf,Brokerage Disclaimer,"PDF extrait depuis une page HTML. Page source : https://www.ainvest.com/news/antero-resources-ar-q3-earnings-call-transcript-oct-31-2024-24111010bea40314dcbbdedf/. Titre page : Antero Resources (AR) Q3 Earnings call transcript Oct 31, 2024. Texte du lien : Brokerage Disclaimer.",html_pdf_resolver,90.0,auto_download,"[""mots-clés forts earnings call : ['earnings call transcript', 'call transcript']"", ""mots-clés secondaires : ['earnings call']"", ""année trouvée : 2024"", ""URL PDF directe"", ""classe documentaire : earnings_call_transcript""]",[],C:\Users\hp\Desktop\ESG\EarningsCallRetriever\data\dossier_ingestion_0\earnings_calls\schneider-electric\2024\candidates\candidate_004_score_90_0.pdf,C:\Users\hp\Desktop\ESG\EarningsCallRetriever\data\dossier_ingestion_0\earnings_calls\schneider-electric\2024\candidates\candidate_004_manifest.json,6b81b26a669c2109aa078cf19b65e68f2c1c036477977ae79e1d8635adac50c3,0.1716,earnings_call_candidate,high_score_candidate,4,2026-05-09T20:44:17+00:00,C:\Users\hp\Desktop\ESG\EarningsCallRetriever\data\dossier_ingestion_0\earnings_calls\schneider-electric\2024\candidates\candidate_004_manifest.json
829fe458efc928c2c902a46a,EarningsCallRetriever,earnings_call,Schneider Electric,schneider-electric,2024,https://cdn.ainvest.com/agreement/Ainvest-AI-Risk-Disclosures.pdf,AI Risk Disclosures,"PDF extrait depuis une page HTML. Page source : https://www.ainvest.com/news/antero-resources-ar-q3-earnings-call-transcript-oct-31-2024-24111010bea40314dcbbdedf/. Titre page : Antero Resources (AR) Q3 Earnings call transcript Oct 31, 2024. Texte du lien : AI Risk Disclosures.",html_pdf_resolver,90.0,auto_download,"[""mots-clés forts earnings call : ['earnings call transcript', 'call transcript']"", ""mots-clés secondaires : ['earnings call']"", ""année trouvée : 2024"", ""URL PDF directe"", ""classe documentaire : earnings_call_transcript""]",[],C:\Users\hp\Desktop\ESG\EarningsCallRetriever\data\dossier_ingestion_0\earnings_calls\schneider-electric\2024\candidates\candidate_005_score_90_0.pdf,C:\Users\hp\Desktop\ESG\EarningsCallRetriever\data\dossier_ingestion_0\earnings_calls\schneider-electric\2024\candidates\candidate_005_manifest.json,8c0adf253981086eac041a56a8aed211b460d104940e5add6f1138be763b1275,0.1258,earnings_call_candidate,high_score_candidate,5,2026-05-09T20:44:18+00:00,C:\Users\hp\Desktop\ESG\EarningsCallRetriever\data\dossier_ingestion_0\earnings_calls\schneider-electric\2024\candidates\candidate_005_manifest.json
2aafb8fcdda5996006663915,GovernanceReportRetriever,governance_report,Schneider Electric,schneider-electric,2024,https://www.se.com/ww/en/assets/564/document/511188/Integrated-report-2024.pdf?p_enDocType=Financial+release&p_File_Name=Integrated+report+2024,[PDF] Integrated report 2024 - Schneider Electric,"Corporate governance. Succession plan for Corporate Officers, composition of the Board and its committees, compensation of Corporate Officers",tavily,100.0,auto_download,"[""année trouvée : 2024"", ""mots-clés faibles gouvernance : ['governance']"", ""nom de l'entreprise détecté"", ""domaine officiel détecté : se.com"", ""URL PDF directe"", ""rapport annuel/URD contenant signaux gouvernance : ['integrated report']"", ""classe documentaire : annual_report_with_governance_section""]",[],C:\Users\hp\Desktop\ESG\GovernanceReportRetriever\data\dossier_ingestion_0\governance_reports\schneider-electric\2024\candidates\candidate_001_score_100_0.pdf,C:\Users\hp\Desktop\ESG\GovernanceReportRetriever\data\dossier_ingestion_0\governance_reports\schneider-electric\2024\candidates\candidate_001_manifest.json,5c7265d598ec27abd353fa355dd6830b346c4f564701fea6db373b661af4f349,26.721,governance_report_candidate,high_score_candidate,1,2026-05-09T19:33:00+00:00,C:\Users\hp\Desktop\ESG\GovernanceReportRetriever\data\dossier_ingestion_0\governance_reports\schneider-electric\2024\candidates\candidate_001_manifest.json
5f2dbf591cc734e5c1a3502f,GovernanceReportRetriever,governance_report,TotalEnergies,totalenergies,2024,https://totalenergies.com/sites/g/files/nytnzq121/files/documents/totalenergies_index-gri-2025_2025.pdf,[PDF] GRI Content Index 2024 GRI Standards 2021 - TotalEnergies,"11-21-4 Approach to tax Tax Transparency Report p.17-35 11-21-5 Tax governance, control, and risk management Tax Transparency Report p.7 Tax Transparency Report p.21-22 11-21-6 Stakeholder engagement and management of concerns related to tax Tax Transparency Report p.17-35 11-21-7 Financial assistance received from government Tax Transparency Report p.40 11-21-8 Additional sector disclosure URD 2024 - p.587 URD 2024 - p.613-615 Public policy 11-22-1 Management of material topics URD 2024 -p.33-34 URD 2024 -p.297-306 TotalEnergies website, Advocacy Principles TotalEnergies company’s Advocacy Directive TotalEnergies website, professional associations membership Review 2023 professional associations and chambers of commerce Review of industry associations 38 Assessing the effectiveness of our actions is part of a continuous improvement approach, integrated into our daily processes for updating actions and policies.",tavily,100.0,auto_download,"[""année trouvée : 2024"", ""mots-clés faibles gouvernance : ['governance']"", ""nom de l'entreprise détecté"", ""domaine officiel détecté : totalenergies.com"", ""URL PDF directe"", ""rapport annuel/URD contenant signaux gouvernance : ['urd']"", ""classe documentaire : annual_report_with_governance_section""]",[],C:\Users\hp\Desktop\ESG\GovernanceReportRetriever\data\dossier_ingestion_0\governance_reports\totalenergies\2024\candidates\candidate_001_score_100_0.pdf,C:\Users\hp\Desktop\ESG\GovernanceReportRetriever\data\dossier_ingestion_0\governance_reports\totalenergies\2024\candidates\candidate_001_manifest.json,fb384aeac5d75e35dd79f55f6bb09299a53bddb7536fa2d3ffee72e5df4a0a35,0.5986,governance_report_candidate,high_score_candidate,1,2026-05-09T19:32:24+00:00,C:\Users\hp\Desktop\ESG\GovernanceReportRetriever\data\dossier_ingestion_0\governance_reports\totalenergies\2024\candidates\candidate_001_manifest.json
789753bc550e50fb570ee3c1,HalfYearReportRetriever,half_year_report,LVMH,lvmh,2024,https://www.bnains.org/archives/communiques/LVMH/20240723_Communique_resultats_semestriels_2024_LVMH.pdf,Communiqué LVMH,"LVMH Moët Hennessy Louis Vuitton, leader mondial des produits de haute qualité, réalise au premier semestre 2024 des ventes de 41,7 milliards d’euros.",ddgs,100.0,auto_download,"[""mots-clés forts semestriel : ['résultats semestriels']"", ""période semestrielle détectée : ['premier semestre']"", ""année trouvée : {'2024'}"", ""nom de l'entreprise détecté"", ""URL PDF directe"", ""nom de fichier semestriel : ['semestriel']"", ""classe documentaire : standalone_half_year_report""]",[],C:\Users\hp\Desktop\ESG\HalfYearReportRetriever\data\dossier_ingestion_0\half_year_reports\lvmh\2024\candidates\candidate_002_score_100_0.pdf,C:\Users\hp\Desktop\ESG\HalfYearReportRetriever\data\dossier_ingestion_0\half_year_reports\lvmh\2024\candidates\candidate_002_manifest.json,7daf607d73b9f286302d1cb67ea59beb9e31eb235cd20ad9003b7a6bc4c6b3d8,1.1251,half_year_report_candidate,high_score_candidate,2,2026-05-09T20:41:13+00:00,C:\Users\hp\Desktop\ESG\HalfYearReportRetriever\data\dossier_ingestion_0\half_year_reports\lvmh\2024\candidates\candidate_002_manifest.json
16975f1827b94d7d3788bb61,HalfYearReportRetriever,half_year_report,Schneider Electric,schneider-electric,2024,https://www.clariane.com/sites/default/files/2024-08/etats-financiers-semestriels-30-juin-2024.pdf,RAPPORT FINANCIER,"Rapport financier semestriel 2024. 9. que cet administrateur démissionne si sa participation, dans la mesure où elle aurait franchi le seuil de 10% à la hausse, venait à franchir ce seuil à la baisse.",ddgs,85.0,auto_download,"[""mots-clés forts semestriel : ['rapport financier semestriel']"", ""année trouvée : {'2024'}"", ""URL PDF directe"", ""nom de fichier semestriel : ['semestriel']"", ""classe documentaire : standalone_half_year_report""]",[],C:\Users\hp\Desktop\ESG\HalfYearReportRetriever\data\dossier_ingestion_0\half_year_reports\schneider-electric\2024\candidates\candidate_005_score_85_0.pdf,C:\Users\hp\Desktop\ESG\HalfYearReportRetriever\data\dossier_ingestion_0\half_year_reports\schneider-electric\2024\candidates\candidate_005_manifest.json,43e167d4fa066cf8d70c7face89ecb51059e2a0aee9da30674a12e2ae5676eb4,1.5298,half_year_report_candidate,high_score_candidate,5,2026-05-09T20:44:09+00:00,C:\Users\hp\Desktop\ESG\HalfYearReportRetriever\data\dossier_ingestion_0\half_year_reports\schneider-electric\2024\candidates\candidate_005_manifest.json
44cebb8f260786f91d790fa2,HalfYearReportRetriever,half_year_report,TotalEnergies,totalenergies,2024,https://totalenergies.com/sites/g/files/nytnzq121/files/documents/2024-07/TotalEnergies_rapport_financier_semestriel_2024_fr_pdf.pdf,TotalEnergies_RFS_2024_VF,Le présent rapport financier semestriel a été déposé auprès de l’Autorité des marchés financiers le 26 juillet 2024 conformément au III de l’article L. 451-1-2 du Code monétaire et financier.,ddgs,100.0,auto_download,"[""mots-clés forts semestriel : ['rapport financier semestriel']"", ""année trouvée : {'2024'}"", ""nom de l'entreprise détecté"", ""domaine officiel détecté : totalenergies.com"", ""URL PDF directe"", ""nom de fichier semestriel : ['semestriel']"", ""classe documentaire : standalone_half_year_report""]",[],C:\Users\hp\Desktop\ESG\HalfYearReportRetriever\data\dossier_ingestion_0\half_year_reports\totalenergies\2024\candidates\candidate_001_score_100_0.pdf,C:\Users\hp\Desktop\ESG\HalfYearReportRetriever\data\dossier_ingestion_0\half_year_reports\totalenergies\2024\candidates\candidate_001_manifest.json,592fbaea83ef03f2e9460126279dbe5be8655b7a0599af9ce591efd05053dd7b,1.1745,half_year_report_candidate,high_score_candidate,1,2026-05-09T20:42:31+00:00,C:\Users\hp\Desktop\ESG\HalfYearReportRetriever\data\dossier_ingestion_0\half_year_reports\totalenergies\2024\candidates\candidate_001_manifest.json
c48fae0dca0c6f0368673d2f,HalfYearReportRetriever,half_year_report,TotalEnergies,totalenergies,2024,https://totalenergies.com/sites/g/files/nytnzq121/files/documents/2024-07/TotalEnergies_rapport_financier_semestriel_2024_en_pdf.pdf,TotalEnergies_RFS_2024_VA,"The French language version of this Rapport financier semestriel (half-year financial report) was filed with the French Financial Markets Authority (Autorité des marchés financiers) on July 26, 2024 pursuant to paragraph III of Article L. 451-1-2 of the French Monetary and Financial Code",ddgs,100.0,auto_download,"[""mots-clés forts semestriel : ['half year financial report', 'rapport financier semestriel']"", ""année trouvée : {'2024'}"", ""nom de l'entreprise détecté"", ""domaine officiel détecté : totalenergies.com"", ""URL PDF directe"", ""nom de fichier semestriel : ['semestriel']"", ""classe documentaire : standalone_half_year_report""]",[],C:\Users\hp\Desktop\ESG\HalfYearReportRetriever\data\dossier_ingestion_0\half_year_reports\totalenergies\2024\candidates\candidate_002_score_100_0.pdf,C:\Users\hp\Desktop\ESG\HalfYearReportRetriever\data\dossier_ingestion_0\half_year_reports\totalenergies\2024\candidates\candidate_002_manifest.json,8b498b7ab6bf4b9ae318c9e2979c57eee234c3ff2d22f76b088d7040eece03eb,1.0372,half_year_report_candidate,high_score_candidate,2,2026-05-09T20:42:32+00:00,C:\Users\hp\Desktop\ESG\HalfYearReportRetriever\data\dossier_ingestion_0\half_year_reports\totalenergies\2024\candidates\candidate_002_manifest.json
e81a14b391336db941d7e4ed,InvestorPresentationRetriever,investor_presentation,Schneider Electric,schneider-electric,2024,https://s201.q4cdn.com/793451358/files/doc_presentations/2024/discoverIE-2024-CMD-presentation-11-Sep-2024.pdf,PowerPoint Presentation,"Low customer concentration: top 10 = 25%. Summary. Unique & essential Necessary for market innovation Small part of system cost Long term, repeating revenues. 2024 Capital Markets Day. 4. Our performance drivers.",ddgs,90.0,auto_download,"[""mots-clés forts présentation : ['capital markets day', 'cmd presentation']"", ""année trouvée : 2024"", ""URL PDF directe"", ""nom de fichier présentation : ['cmd']"", ""CDN / asset domain"", ""classe documentaire : investor_presentation""]",[],C:\Users\hp\Desktop\ESG\InvestorPresentationRetriever\data\dossier_ingestion_0\investor_presentations\schneider-electric\2024\candidates\candidate_002_score_90_0.pdf,C:\Users\hp\Desktop\ESG\InvestorPresentationRetriever\data\dossier_ingestion_0\investor_presentations\schneider-electric\2024\candidates\candidate_002_manifest.json,26f06f6aaddf1d510f3bf1b4fe947c4d369b95aa50510153ec9f107a628858e5,7.2499,investor_presentation_candidate,high_score_candidate,2,2026-05-09T20:43:55+00:00,C:\Users\hp\Desktop\ESG\InvestorPresentationRetriever\data\dossier_ingestion_0\investor_presentations\schneider-electric\2024\candidates\candidate_002_manifest.json
901542b5c53445aa2399c798,InvestorPresentationRetriever,investor_presentation,Schneider Electric,schneider-electric,2024,https://www.SE.com/ww/fr/assets/342/document/260774/communique-journee-investisseurs.pdf,Schneider Electric organise une journée investisseurs virtuelle,"Rueil-Malmaison (France), le 30 novembre 2021 – Schneider Electric organise aujourd’hui une Journée Investisseurs virtuelle à 14h00 CET pour ses investisseurs et analystes financiers.",ddgs,90.0,auto_download,"[""mots-clés forts présentation : ['journée investisseurs']"", ""nom de l'entreprise détecté"", ""domaine officiel : se.com"", ""URL PDF directe"", ""classe documentaire : investor_presentation""]",[],C:\Users\hp\Desktop\ESG\InvestorPresentationRetriever\data\dossier_ingestion_0\investor_presentations\schneider-electric\2024\candidates\candidate_004_score_90_0.pdf,C:\Users\hp\Desktop\ESG\InvestorPresentationRetriever\data\dossier_ingestion_0\investor_presentations\schneider-electric\2024\candidates\candidate_004_manifest.json,5e0002469d5015dd95e0c4e2504de393cf962c0767932c6974fe248163a9abf5,0.1536,investor_presentation_candidate,high_score_candidate,4,2026-05-09T20:43:58+00:00,C:\Users\hp\Desktop\ESG\InvestorPresentationRetriever\data\dossier_ingestion_0\investor_presentations\schneider-electric\2024\candidates\candidate_004_manifest.json
fdfd075c8e516b3e734a90ee,InvestorPresentationRetriever,investor_presentation,TotalEnergies,totalenergies,2024,https://totalenergies.com/sites/g/files/nytnzq121/files/documents/totalenergies_journal-actionnaires-75_2024_fr_pdf.pdf,JDA#75 Le journal des actionnaires Automne 2024,"Automne 2024. Plus d’énergies, moins d’émissions, plus de free cash-flow.Chers actionnaires, À l’occasion de la dernière journée Investisseurs à New York, j’ai pu présenter, aux côtés du Comité exécutif, la stratégie et les perspectives de votre Compagnie pour la fin de la décennie.",ddgs,100.0,auto_download,"[""mots-clés forts présentation : ['journée investisseurs']"", ""année trouvée : 2024"", ""nom de l'entreprise détecté"", ""domaine officiel : totalenergies.com"", ""URL PDF directe"", ""classe documentaire : investor_presentation""]",[],C:\Users\hp\Desktop\ESG\InvestorPresentationRetriever\data\dossier_ingestion_0\investor_presentations\totalenergies\2024\candidates\candidate_001_score_100_0.pdf,C:\Users\hp\Desktop\ESG\InvestorPresentationRetriever\data\dossier_ingestion_0\investor_presentations\totalenergies\2024\candidates\candidate_001_manifest.json,c9eaa784b07391fe7b01bd8b40a4aa6cffaa9576db0394421fac2777aebaad6a,5.1848,investor_presentation_candidate,high_score_candidate,1,2026-05-09T20:42:44+00:00,C:\Users\hp\Desktop\ESG\InvestorPresentationRetriever\data\dossier_ingestion_0\investor_presentations\totalenergies\2024\candidates\candidate_001_manifest.json
aa97dc92041f08cd78bb2122,RemunerationReportRetriever,remuneration_report,Schneider Electric,schneider-electric,2024,https://www.se.com/ww/fr/Images/Conseil_d_administration_du_7_novembre_2024%E2%80%93remuneration_d_olivier_Blum_tcm342-496809.pdf,[PDF] Rémunération d'Olivier Blum - Schneider Electric,Olivier Blum dont le mandat de. Directeur Général a débuté le 1er novembre 2024. Une politique de rémunération actualisée pour 2025 avec une,tavily,100.0,auto_download,"[""année trouvée : 2024"", ""mots-clés forts rémunération : ['politique de rémunération', 'politique de remuneration']"", ""nom de l'entreprise détecté"", ""domaine officiel détecté : se.com"", ""URL PDF directe"", ""classe documentaire : standalone_remuneration_report""]",[],C:\Users\hp\Desktop\ESG\RemunerationReportRetriever\data\dossier_ingestion_0\remuneration_reports\schneider-electric\2024\candidates\candidate_001_score_100_0.pdf,C:\Users\hp\Desktop\ESG\RemunerationReportRetriever\data\dossier_ingestion_0\remuneration_reports\schneider-electric\2024\candidates\candidate_001_manifest.json,9fff4f49b1c77aeaac3521438ad34bd802764e3877ec4fd7b3c5a887948ddde0,0.152,remuneration_report_candidate,high_score_candidate,1,2026-05-09T19:47:32+00:00,C:\Users\hp\Desktop\ESG\RemunerationReportRetriever\data\dossier_ingestion_0\remuneration_reports\schneider-electric\2024\candidates\candidate_001_manifest.json
38c19542a8d2d70629f596b8,RemunerationReportRetriever,remuneration_report,Schneider Electric,schneider-electric,2024,https://www.se.com/ww/en/assets/564/document/235887/annual-report-governance-report-compensation-report.pdf,[PDF] 2. Compensation Report - Schneider Electric,"Theoretical gross annual fixed compensation of €1,000,000 for the fiscal year 2020 according to the compensation policy was set by the Board of Directors on",tavily,93.0,auto_download,"[""mots-clés forts rémunération : ['compensation report']"", ""nom de l'entreprise détecté"", ""domaine officiel détecté : se.com"", ""URL PDF directe"", ""nom de fichier compatible rémunération : ['compensationreport']"", ""rapport annuel/URD contenant signaux rémunération : ['annual report']"", ""classe documentaire : standalone_remuneration_report""]","[""année demandée absente, années détectées : [2020]""]",C:\Users\hp\Desktop\ESG\RemunerationReportRetriever\data\dossier_ingestion_0\remuneration_reports\schneider-electric\2024\candidates\candidate_002_score_93_0.pdf,C:\Users\hp\Desktop\ESG\RemunerationReportRetriever\data\dossier_ingestion_0\remuneration_reports\schneider-electric\2024\candidates\candidate_002_manifest.json,a05e0402777fc4dd5bffb0e5365b6161529d8430065adf3736905fda473d3a02,0.417,remuneration_report_candidate,high_score_candidate,2,2026-05-09T19:47:34+00:00,C:\Users\hp\Desktop\ESG\RemunerationReportRetriever\data\dossier_ingestion_0\remuneration_reports\schneider-electric\2024\candidates\candidate_002_manifest.json
3bcea095372028111da476d8,RemunerationReportRetriever,remuneration_report,Schneider Electric,schneider-electric,2024,https://www.se.com/ww/fr/assets/342/document/235887/rapport-annuel-rapport-remunerations.pdf,2. Rapport sur les rémunérations - Schneider Electric,La rémunération fixe annuelle brute théorique de 1 000 000 € au titre de l'exercice 2020 conformément à la politique de rémunération a été fixée,tavily,93.0,auto_download,"[""mots-clés forts rémunération : ['rapport sur les rémunérations', 'rapport sur les remunerations', 'politique de rémunération', 'politique de remuneration']"", ""nom de l'entreprise détecté"", ""domaine officiel détecté : se.com"", ""URL PDF directe"", ""nom de fichier compatible rémunération : ['rapportremuneration']"", ""rapport annuel/URD contenant signaux rémunération : ['rapport annuel']"", ""classe documentaire : remuneration_disclosure""]","[""année demandée absente, années détectées : [2020]""]",C:\Users\hp\Desktop\ESG\RemunerationReportRetriever\data\dossier_ingestion_0\remuneration_reports\schneider-electric\2024\candidates\candidate_003_score_93_0.pdf,C:\Users\hp\Desktop\ESG\RemunerationReportRetriever\data\dossier_ingestion_0\remuneration_reports\schneider-electric\2024\candidates\candidate_003_manifest.json,aa93340c64910d9ae4bbd1f8936f3cda1d0f7f509b7e09420bbe199ee32dbd11,0.5554,remuneration_report_candidate,high_score_candidate,3,2026-05-09T19:47:36+00:00,C:\Users\hp\Desktop\ESG\RemunerationReportRetriever\data\dossier_ingestion_0\remuneration_reports\schneider-electric\2024\candidates\candidate_003_manifest.json
0ab93f9e928e2a977b2686fc,RemunerationReportRetriever,remuneration_report,TotalEnergies,totalenergies,2024,https://totalenergies.com/sites/g/files/nytnzq121/files/documents/2024-05/TotalEnergies_Rapport-special-sur-attributions-gratuites-d-actions_PDF.pdf,[PDF] Total Energies - Rapport spécial sur les attributions gratuites d'actions,"Plans d’attribution gratuite d’actions de performance TotalEnergies Plan 2020 Plan 2021 Plan 2022 Plan 2023(a) Date d’Assemblée générale 01/06/2018 01/06/2018 28/05/2021 26/05/2023 Date du Conseil/date d’attribution 18/03/2020 28/05/2021 16/03/2022 26/05/2023 Cours de clôture à la date d’attribution 21,795 € 38,145 € 45,540 € 55,760 € Cours moyen unitaire d’achat des actions par la Société 57,70 € 59,91 € n/a n/a Nombre total d’actions de performance attribuées, dont : 6 727 352 6 764 548 7 353 271 7 985 203 Mandataires sociaux(b) 72 300(c) 90 250(c) 100 000 110 694 –P.",tavily,100.0,auto_download,"[""année trouvée : 2024"", ""mots-clés divulgation rémunération : ['actions de performance']"", ""nom de l'entreprise détecté"", ""domaine officiel détecté : totalenergies.com"", ""URL PDF directe"", ""classe documentaire : remuneration_disclosure""]",[],C:\Users\hp\Desktop\ESG\RemunerationReportRetriever\data\dossier_ingestion_0\remuneration_reports\totalenergies\2024\candidates\candidate_001_score_100_0.pdf,C:\Users\hp\Desktop\ESG\RemunerationReportRetriever\data\dossier_ingestion_0\remuneration_reports\totalenergies\2024\candidates\candidate_001_manifest.json,ad9a34d297c6b6449538ade2021c61d7e05d530779dc291fc5079cb9e790120d,0.2177,remuneration_report_candidate,high_score_candidate,1,2026-05-09T19:46:58+00:00,C:\Users\hp\Desktop\ESG\RemunerationReportRetriever\data\dossier_ingestion_0\remuneration_reports\totalenergies\2024\candidates\candidate_001_manifest.json
492a9bf8187fb6b1093d6f48,RemunerationReportRetriever,remuneration_report,TotalEnergies,totalenergies,2024,https://totalenergies.com/sites/g/files/nytnzq121/files/documents/totalenergies_sdg-reporting-2024_2025.pdf,[PDF] TotalEnergies SDG REPORTING,"31 SDG 8 Promote sustained, inclusive and sustainable economic growth, full and productive employment and decent work for all 8.2 Achieve higher levels of economic productivity through diversification, technological upgrading and innovation, including through a focus on high-value added and labour-intensive sectors Economic productivity URD 2024, 1.1.3 Our business model, p.12-13 URD 2024, 1.9 Our financial performance, p.49-70 URD 2024, 8.7 Notes to the Consolidated Financial Statements, p.460-568 URD 2024, 11.1 World Economic Forum Core extra-financial metrics > Prosperity, p.649-650 URD 2024, 5.3.3.5 Tilenga and EACOP local content plan, p.406 8.5 By 2030, achieve full and productive employment and decent work for all women and men, including for young people and persons with disabilities, and equal pay for work of equal value Decent work Remuneration Policy URD 2024, 8.4 Compensation for the administration and management bodies, p.494 URD 2024, 5.3.1.3 Working conditions and environment > Attractive and competitive compensation, p.388-389 URD 2024, quality of life at work and the well-being of employees, p.383 Long-term employability Sustainability and Climate 2025 Progress Report, Develop and Support Talent in the Transition, p.74 URD 2024, Developing skills and maintaining employees' long-term employability, p.385 Non-discrimination URD 2024, 1.4 Our approach to sustainable development > Diversity, p.29 URD 2024, 5.3.1 Company workforce, p.371 URD 2024, 5.3.1.3 Working conditions and environment > Equal treatment and opportunities, p.391-392 Human Rights Briefing Paper 2018-2023, Human Rights in the workplace > b.Non-discrimination, p.16-17 Sustainability and Climate 2025 Progress Report, Talent Diversity, a Performance Lever, p.77 Code of Conduct, p.20-21 TotalEnergies website, Challenges identification TotalEnergies website, Indicators TotalEnergies website, Responsible employer Human rights in the workplace URD 2024, 5.3.1.5 Respect for human rights at work, p.396-398 URD 2024, 5.4.3.2 The Company’s Sustainable Procurement program, p.413-415 Human Rights Briefing Paper 2018-2023, Our salient Human Rights issues > Human rights in the workplace, p.13-17 Sustainability and Climate 2025 Progress Report > Upholding Human Rights, p.90-91 Code of Conduct, p.14-15 Respect Human rights at",tavily,100.0,auto_download,"[""année trouvée : 2024"", ""mots-clés faibles rémunération : ['remuneration', 'rémunération', 'remuneration', 'compensation']"", ""nom de l'entreprise détecté"", ""domaine officiel détecté : totalenergies.com"", ""URL PDF directe"", ""rapport annuel/URD contenant signaux rémunération : ['urd']"", ""classe documentaire : annual_report_with_remuneration_section""]",[],C:\Users\hp\Desktop\ESG\RemunerationReportRetriever\data\dossier_ingestion_0\remuneration_reports\totalenergies\2024\candidates\candidate_002_score_100_0.pdf,C:\Users\hp\Desktop\ESG\RemunerationReportRetriever\data\dossier_ingestion_0\remuneration_reports\totalenergies\2024\candidates\candidate_002_manifest.json,2d8daae3c9f81be34bd568c751cc0e45269f45e214c9ad323681b4b1dbc6b295,1.2217,remuneration_report_candidate,high_score_candidate,2,2026-05-09T19:46:58+00:00,C:\Users\hp\Desktop\ESG\RemunerationReportRetriever\data\dossier_ingestion_0\remuneration_reports\totalenergies\2024\candidates\candidate_002_manifest.json
39aa9a6281e6c27b91fcce5c,RemunerationReportRetriever,remuneration_report,TotalEnergies,totalenergies,2024,https://totalenergies.com/sites/g/files/nytnzq121/files/documents/2024-05/AG2024_Resultats-des-votes-par-resolution_FR_PDF.pdf,[PDF] AG 2024 Résultats des votes par résolution - Total Energies,"Patrick Pouyanné, Président-directeur général 1 649 190 820 69,09% 1 645 951 967 1 525 516 589 92,68% 120 435 378 7,32% 2 898 957 Adoptée Résolution 13 : Approbation de la politique de rémunération applicable au Président-directeur général 1 649 190 820 69,09% 1 646 132 198 1 512 588 514 91,89% 133 543 684 8,11% 2 721 848 Adoptée Résolution 14 : Avis sur le rapport Sustainability & Climate - Progress Report 2024 rendant compte des progrès réalisés dans la mise en œuvre de l’ambition de la Société en matière de développement durable et de transition énergétique vers la neutralité carbone et de ses objectifs en la matière à horizon 2030 1 649 190 820 69,09% 1 543 282 253 1 230 261 882 79,72% 313 020 371 20,28% 105 578 897 Adoptée Résolution 15 : Nomination du Cabinet Ernst and Young Audit, Commissaire aux comptes chargé d’une mission de certification des informations en matière de durabilité 1 649 190 820 69,09% 1 615 214 711 1 556 443 808 96,36% 58 770 903 3,64% 33 641 545 Adoptée Résolution 16 : Nomination du Cabinet PricewaterhouseCoopers Audit, Commissaire aux comptes chargé d’une mission de certification des informations en matière de durabilité 1 649 190 820 69,09% 1 615 031 370 1 606 901 181 99,50% 8 130 189 0,50% 33 825 605 Adoptée Voix exprimées Abstention État Adoption Assemblée générale extraordinaire Nombre d’actions représentées Proportion du capital social représenté (%) Nombre total de voix exprimées POUR CONTRE Nombre de voix Nombre de voix % des voix exprimées Nombre de voix % des voix exprimées Résolution 17 : Délégation de compétence consentie au Conseil d’administration, pour une durée de vingt-six mois, à l’effet d’augmenter le capital soit par émission d’actions ordinaires et/ou de valeurs mobilières donnant accès au capital de la Société soit par incorporation de primes, réserves, bénéfices ou autres, avec maintien du droit préférentiel de souscription des",tavily,100.0,auto_download,"[""année trouvée : 2024"", ""mots-clés forts rémunération : ['politique de rémunération', 'politique de remuneration']"", ""nom de l'entreprise détecté"", ""domaine officiel détecté : totalenergies.com"", ""URL PDF directe"", ""classe documentaire : standalone_remuneration_report""]",[],C:\Users\hp\Desktop\ESG\RemunerationReportRetriever\data\dossier_ingestion_0\remuneration_reports\totalenergies\2024\candidates\candidate_003_score_100_0.pdf,C:\Users\hp\Desktop\ESG\RemunerationReportRetriever\data\dossier_ingestion_0\remuneration_reports\totalenergies\2024\candidates\candidate_003_manifest.json,d8135fcc2fb6614634c916dd5b419677d0a9bcc16d3b1142d65338f50c84ea2d,0.1999,remuneration_report_candidate,high_score_candidate,3,2026-05-09T19:46:59+00:00,C:\Users\hp\Desktop\ESG\RemunerationReportRetriever\data\dossier_ingestion_0\remuneration_reports\totalenergies\2024\candidates\candidate_003_manifest.json
4fd4849feb99a130b39b7f07,SBTiRetriever,sbti_commitment,LVMH,lvmh,2024,https://files.sciencebasedtargets.org/production/files/SBT-Commitment-Letter.pdf,SBTi COMMITMENT,"SBTi Commitment Letter.This SBTi commitment letter can be signed by any organization representative, but the commitment application form requires the contact details of a managerial level point of contact in the organization.",ddgs,95.0,auto_download,"[""mots-clés forts SBTi : ['sbti', 'sbti commitment', 'sbti commitment letter']"", ""mots-clés secondaires SBTi : ['sciencebasedtargets.org']"", ""plateforme SBTi officielle : files.sciencebasedtargets.org"", ""URL PDF directe"", ""classe documentaire : sbti_commitment""]",[],C:\Users\hp\Desktop\ESG\SBTiRetriever\data\dossier_ingestion_0\sbti_commitments\lvmh\2024\candidates\candidate_001_score_95_0.pdf,C:\Users\hp\Desktop\ESG\SBTiRetriever\data\dossier_ingestion_0\sbti_commitments\lvmh\2024\candidates\candidate_001_manifest.json,60fc61d0c6771f724b54b76084d83a4900d2a068d1b88b3607fc5d387e4586eb,0.8929,sbti_commitment_candidate,high_score_candidate,1,2026-05-09T20:41:07+00:00,C:\Users\hp\Desktop\ESG\SBTiRetriever\data\dossier_ingestion_0\sbti_commitments\lvmh\2024\candidates\candidate_001_manifest.json
e33d7a473ab035cc01778c4a,SBTiRetriever,sbti_commitment,LVMH,lvmh,2024,https://sciencebasedtargets.org/resources/files/SBTi-criteria.pdf,Corporate Near-Term Criteria,PDF extrait depuis une page HTML. Page source : https://sciencebasedtargets.org/net-zero. Titre page : The Corporate Net-Zero Standard - Science Based Targets Initiative. Texte du lien : Corporate Near-Term Criteria.,html_pdf_resolver,100.0,auto_download,"[""mots-clés forts SBTi : ['science based targets', 'science-based targets', 'sbti']"", ""mots-clés secondaires SBTi : ['sciencebasedtargets.org']"", ""plateforme SBTi officielle : sciencebasedtargets.org"", ""URL PDF directe"", ""nom de fichier SBTi : ['sbti']"", ""classe documentaire : sbti_commitment""]",[],C:\Users\hp\Desktop\ESG\SBTiRetriever\data\dossier_ingestion_0\sbti_commitments\lvmh\2024\candidates\candidate_002_score_100_0.pdf,C:\Users\hp\Desktop\ESG\SBTiRetriever\data\dossier_ingestion_0\sbti_commitments\lvmh\2024\candidates\candidate_002_manifest.json,5224b460bdd5a179676525f3fc6f8fb2a65dc21e86e03d7f672f1dd6b6624724,0.3944,sbti_commitment_candidate,high_score_candidate,2,2026-05-09T20:41:11+00:00,C:\Users\hp\Desktop\ESG\SBTiRetriever\data\dossier_ingestion_0\sbti_commitments\lvmh\2024\candidates\candidate_002_manifest.json
24219770bae8b500bfccf0c8,SBTiRetriever,sbti_commitment,LVMH,lvmh,2024,https://sciencebasedtargets.org/resources/files/SBTi-Net-Zero-Standard-Event-slides.pdf,slides,PDF extrait depuis une page HTML. Page source : https://sciencebasedtargets.org/net-zero. Titre page : The Corporate Net-Zero Standard - Science Based Targets Initiative. Texte du lien : slides.,html_pdf_resolver,100.0,auto_download,"[""mots-clés forts SBTi : ['science based targets', 'science-based targets', 'sbti']"", ""mots-clés secondaires SBTi : ['sciencebasedtargets.org']"", ""plateforme SBTi officielle : sciencebasedtargets.org"", ""URL PDF directe"", ""nom de fichier SBTi : ['sbti']"", ""classe documentaire : sbti_commitment""]",[],C:\Users\hp\Desktop\ESG\SBTiRetriever\data\dossier_ingestion_0\sbti_commitments\lvmh\2024\candidates\candidate_003_score_100_0.pdf,C:\Users\hp\Desktop\ESG\SBTiRetriever\data\dossier_ingestion_0\sbti_commitments\lvmh\2024\candidates\candidate_003_manifest.json,81a65cc24ce63f02d70b20e003567207d1dcbe36b4962a1a86f66917e2f606a4,39.0553,sbti_commitment_candidate,high_score_candidate,3,2026-05-09T20:41:15+00:00,C:\Users\hp\Desktop\ESG\SBTiRetriever\data\dossier_ingestion_0\sbti_commitments\lvmh\2024\candidates\candidate_003_manifest.json
448a6a7f86eb736a1129d9c1,SBTiRetriever,sbti_commitment,LVMH,lvmh,2024,https://sciencebasedtargets.org/resources/files/FAQs-for-SMEs.pdf,SME FAQ,PDF extrait depuis une page HTML. Page source : https://sciencebasedtargets.org/net-zero. Titre page : The Corporate Net-Zero Standard - Science Based Targets Initiative. Texte du lien : SME FAQ.,html_pdf_resolver,95.0,auto_download,"[""mots-clés forts SBTi : ['science based targets', 'science-based targets', 'science based targets initiative']"", ""mots-clés secondaires SBTi : ['sciencebasedtargets.org']"", ""plateforme SBTi officielle : sciencebasedtargets.org"", ""URL PDF directe"", ""classe documentaire : sbti_commitment""]",[],C:\Users\hp\Desktop\ESG\SBTiRetriever\data\dossier_ingestion_0\sbti_commitments\lvmh\2024\candidates\candidate_004_score_95_0.pdf,C:\Users\hp\Desktop\ESG\SBTiRetriever\data\dossier_ingestion_0\sbti_commitments\lvmh\2024\candidates\candidate_004_manifest.json,541c5fb3399b97e20779f0b9bee0e6c5ca3b0f2c07da7dcda3f848bf3699d7a4,0.7979,sbti_commitment_candidate,high_score_candidate,4,2026-05-09T20:41:17+00:00,C:\Users\hp\Desktop\ESG\SBTiRetriever\data\dossier_ingestion_0\sbti_commitments\lvmh\2024\candidates\candidate_004_manifest.json
1d3cd22b44669d7a086ea8a7,SBTiRetriever,sbti_commitment,LVMH,lvmh,2024,https://sciencebasedtargets.org/resources/files/Net-Zero-Standard.pdf,Corporate Net-Zero Standard,PDF extrait depuis une page HTML. Page source : https://sciencebasedtargets.org/net-zero. Titre page : The Corporate Net-Zero Standard - Science Based Targets Initiative. Texte du lien : Corporate Net-Zero Standard.,html_pdf_resolver,95.0,auto_download,"[""mots-clés forts SBTi : ['science based targets', 'science-based targets', 'science based targets initiative']"", ""mots-clés secondaires SBTi : ['sciencebasedtargets.org']"", ""plateforme SBTi officielle : sciencebasedtargets.org"", ""URL PDF directe"", ""classe documentaire : sbti_commitment""]",[],C:\Users\hp\Desktop\ESG\SBTiRetriever\data\dossier_ingestion_0\sbti_commitments\lvmh\2024\candidates\candidate_005_score_95_0.pdf,C:\Users\hp\Desktop\ESG\SBTiRetriever\data\dossier_ingestion_0\sbti_commitments\lvmh\2024\candidates\candidate_005_manifest.json,3edeea9fa73aebeca0a5ebad5016bc7935c4bb6ddcdf3153906e89a27ed2d92f,1.8336,sbti_commitment_candidate,high_score_candidate,5,2026-05-09T20:41:18+00:00,C:\Users\hp\Desktop\ESG\SBTiRetriever\data\dossier_ingestion_0\sbti_commitments\lvmh\2024\candidates\candidate_005_manifest.json
1a5900105a6bda741ef1978e,SBTiRetriever,sbti_commitment,LVMH,lvmh,2024,https://sciencebasedtargets.org/resources/files/Net-Zero-Standard-Criteria.pdf,Corporate Net-Zero Standard Criteria,PDF extrait depuis une page HTML. Page source : https://sciencebasedtargets.org/net-zero. Titre page : The Corporate Net-Zero Standard - Science Based Targets Initiative. Texte du lien : Corporate Net-Zero Standard Criteria.,html_pdf_resolver,95.0,auto_download,"[""mots-clés forts SBTi : ['science based targets', 'science-based targets', 'science based targets initiative']"", ""mots-clés secondaires SBTi : ['sciencebasedtargets.org']"", ""plateforme SBTi officielle : sciencebasedtargets.org"", ""URL PDF directe"", ""classe documentaire : sbti_commitment""]",[],C:\Users\hp\Desktop\ESG\SBTiRetriever\data\dossier_ingestion_0\sbti_commitments\lvmh\2024\candidates\candidate_006_score_95_0.pdf,C:\Users\hp\Desktop\ESG\SBTiRetriever\data\dossier_ingestion_0\sbti_commitments\lvmh\2024\candidates\candidate_006_manifest.json,a809cbd84ea01e4ab02cad9e4fbf65c1fe1420b9157d072948a2a5ca313c54e9,0.3774,sbti_commitment_candidate,high_score_candidate,6,2026-05-09T20:41:19+00:00,C:\Users\hp\Desktop\ESG\SBTiRetriever\data\dossier_ingestion_0\sbti_commitments\lvmh\2024\candidates\candidate_006_manifest.json
da536381ef2c4b957c9c77b4,SBTiRetriever,sbti_commitment,LVMH,lvmh,2024,https://sciencebasedtargets.org/resources/files/Net-Zero-Standard-Criteria-jp.pdf,also available in Japanese,PDF extrait depuis une page HTML. Page source : https://sciencebasedtargets.org/net-zero. Titre page : The Corporate Net-Zero Standard - Science Based Targets Initiative. Texte du lien : also available in Japanese.,html_pdf_resolver,95.0,auto_download,"[""mots-clés forts SBTi : ['science based targets', 'science-based targets', 'science based targets initiative']"", ""mots-clés secondaires SBTi : ['sciencebasedtargets.org']"", ""plateforme SBTi officielle : sciencebasedtargets.org"", ""URL PDF directe"", ""classe documentaire : sbti_commitment""]",[],C:\Users\hp\Desktop\ESG\SBTiRetriever\data\dossier_ingestion_0\sbti_commitments\lvmh\2024\candidates\candidate_007_score_95_0.pdf,C:\Users\hp\Desktop\ESG\SBTiRetriever\data\dossier_ingestion_0\sbti_commitments\lvmh\2024\candidates\candidate_007_manifest.json,87b6b16a52c48e3f3148f3c47f67776984ee50e1eec10395663ff620381ac108,0.6487,sbti_commitment_candidate,high_score_candidate,7,2026-05-09T20:41:21+00:00,C:\Users\hp\Desktop\ESG\SBTiRetriever\data\dossier_ingestion_0\sbti_commitments\lvmh\2024\candidates\candidate_007_manifest.json
840b9829dcbe766ee2958930,SBTiRetriever,sbti_commitment,LVMH,lvmh,2024,https://files.sciencebasedtargets.org/production/files/CNZS-V1.3.1-Method-Appendix.pdf,Corporate Net-Zero Standard V1.3.1 Method Appendix,PDF extrait depuis une page HTML. Page source : https://sciencebasedtargets.org/net-zero. Titre page : The Corporate Net-Zero Standard - Science Based Targets Initiative. Texte du lien : Corporate Net-Zero Standard V1.3.1 Method Appendix.,html_pdf_resolver,95.0,auto_download,"[""mots-clés forts SBTi : ['science based targets', 'science-based targets', 'science based targets initiative']"", ""mots-clés secondaires SBTi : ['sciencebasedtargets.org']"", ""plateforme SBTi officielle : files.sciencebasedtargets.org"", ""URL PDF directe"", ""classe documentaire : sbti_commitment""]",[],C:\Users\hp\Desktop\ESG\SBTiRetriever\data\dossier_ingestion_0\sbti_commitments\lvmh\2024\candidates\candidate_008_score_95_0.pdf,C:\Users\hp\Desktop\ESG\SBTiRetriever\data\dossier_ingestion_0\sbti_commitments\lvmh\2024\candidates\candidate_008_manifest.json,8b5dda203d109ab2d207db2deedda355a58e2ecc10a99d0401f9212346916513,0.5188,sbti_commitment_candidate,high_score_candidate,8,2026-05-09T20:41:21+00:00,C:\Users\hp\Desktop\ESG\SBTiRetriever\data\dossier_ingestion_0\sbti_commitments\lvmh\2024\candidates\candidate_008_manifest.json
7e3861965cde07fc64276a0e,SBTiRetriever,sbti_commitment,LVMH,lvmh,2024,https://sciencebasedtargets.org/resources/files/Getting-Started-Guide.pdf,Getting Started Guide,PDF extrait depuis une page HTML. Page source : https://sciencebasedtargets.org/net-zero. Titre page : The Corporate Net-Zero Standard - Science Based Targets Initiative. Texte du lien : Getting Started Guide.,html_pdf_resolver,95.0,auto_download,"[""mots-clés forts SBTi : ['science based targets', 'science-based targets', 'science based targets initiative']"", ""mots-clés secondaires SBTi : ['sciencebasedtargets.org']"", ""plateforme SBTi officielle : sciencebasedtargets.org"", ""URL PDF directe"", ""classe documentaire : sbti_commitment""]",[],C:\Users\hp\Desktop\ESG\SBTiRetriever\data\dossier_ingestion_0\sbti_commitments\lvmh\2024\candidates\candidate_009_score_95_0.pdf,C:\Users\hp\Desktop\ESG\SBTiRetriever\data\dossier_ingestion_0\sbti_commitments\lvmh\2024\candidates\candidate_009_manifest.json,ce91d3720450444782b07d4b490341b341e03119fa2229a064ca470181a94a55,0.8788,sbti_commitment_candidate,high_score_candidate,9,2026-05-09T20:41:23+00:00,C:\Users\hp\Desktop\ESG\SBTiRetriever\data\dossier_ingestion_0\sbti_commitments\lvmh\2024\candidates\candidate_009_manifest.json
3d4aa1fa793ec6730dcfff68,SBTiRetriever,sbti_commitment,LVMH,lvmh,2024,https://sciencebasedtargets.org/resources/files/Above-and-Beyond-Report-on-BVCM.pdf,Above and Beyond: An SBTi report on the design and implementation of beyond value chain mitigation (BVCM),PDF extrait depuis une page HTML. Page source : https://sciencebasedtargets.org/net-zero. Titre page : The Corporate Net-Zero Standard - Science Based Targets Initiative. Texte du lien : Above and Beyond: An SBTi report on the design and implementation of beyond value chain mitigation (BVCM).,html_pdf_resolver,95.0,auto_download,"[""mots-clés forts SBTi : ['science based targets', 'science-based targets', 'sbti']"", ""mots-clés secondaires SBTi : ['sciencebasedtargets.org']"", ""plateforme SBTi officielle : sciencebasedtargets.org"", ""URL PDF directe"", ""classe documentaire : sbti_commitment""]",[],C:\Users\hp\Desktop\ESG\SBTiRetriever\data\dossier_ingestion_0\sbti_commitments\lvmh\2024\candidates\candidate_010_score_95_0.pdf,C:\Users\hp\Desktop\ESG\SBTiRetriever\data\dossier_ingestion_0\sbti_commitments\lvmh\2024\candidates\candidate_010_manifest.json,b322846a21ab10cee9a7056b598f07afebb87397810f878191c4b7f1621d626b,8.8254,sbti_commitment_candidate,high_score_candidate,10,2026-05-09T20:41:25+00:00,C:\Users\hp\Desktop\ESG\SBTiRetriever\data\dossier_ingestion_0\sbti_commitments\lvmh\2024\candidates\candidate_010_manifest.json
53f6f3c71e13cb66622c75f9,SBTiRetriever,sbti_commitment,LVMH,lvmh,2024,https://sciencebasedtargets.org/resources/files/Raising-the-Bar-Report-on-BVCM.pdf,Raising the Bar: An SBTi report on accelerating corporate adoption of BVCM,PDF extrait depuis une page HTML. Page source : https://sciencebasedtargets.org/net-zero. Titre page : The Corporate Net-Zero Standard - Science Based Targets Initiative. Texte du lien : Raising the Bar: An SBTi report on accelerating corporate adoption of BVCM.,html_pdf_resolver,95.0,auto_download,"[""mots-clés forts SBTi : ['science based targets', 'science-based targets', 'sbti']"", ""mots-clés secondaires SBTi : ['sciencebasedtargets.org']"", ""plateforme SBTi officielle : sciencebasedtargets.org"", ""URL PDF directe"", ""classe documentaire : sbti_commitment""]",[],C:\Users\hp\Desktop\ESG\SBTiRetriever\data\dossier_ingestion_0\sbti_commitments\lvmh\2024\candidates\candidate_011_score_95_0.pdf,C:\Users\hp\Desktop\ESG\SBTiRetriever\data\dossier_ingestion_0\sbti_commitments\lvmh\2024\candidates\candidate_011_manifest.json,d7a00ea0de641481d93704cc0863f9a184c523ac7aab53459fd91696745050b6,4.6932,sbti_commitment_candidate,high_score_candidate,11,2026-05-09T20:41:27+00:00,C:\Users\hp\Desktop\ESG\SBTiRetriever\data\dossier_ingestion_0\sbti_commitments\lvmh\2024\candidates\candidate_011_manifest.json
4a8d1465a871dd721ca79b39,SBTiRetriever,sbti_commitment,LVMH,lvmh,2024,https://sciencebasedtargets.org/resources/files/Pathway-to-Net-Zero.pdf,Pathways to Net-Zero,PDF extrait depuis une page HTML. Page source : https://sciencebasedtargets.org/net-zero. Titre page : The Corporate Net-Zero Standard - Science Based Targets Initiative. Texte du lien : Pathways to Net-Zero.,html_pdf_resolver,95.0,auto_download,"[""mots-clés forts SBTi : ['science based targets', 'science-based targets', 'science based targets initiative']"", ""mots-clés secondaires SBTi : ['sciencebasedtargets.org']"", ""plateforme SBTi officielle : sciencebasedtargets.org"", ""URL PDF directe"", ""classe documentaire : sbti_commitment""]",[],C:\Users\hp\Desktop\ESG\SBTiRetriever\data\dossier_ingestion_0\sbti_commitments\lvmh\2024\candidates\candidate_012_score_95_0.pdf,C:\Users\hp\Desktop\ESG\SBTiRetriever\data\dossier_ingestion_0\sbti_commitments\lvmh\2024\candidates\candidate_012_manifest.json,9f36260d666604e27c0193792f964971a1315bcc570554a9450737fe9ebd57f2,0.5251,sbti_commitment_candidate,high_score_candidate,12,2026-05-09T20:41:29+00:00,C:\Users\hp\Desktop\ESG\SBTiRetriever\data\dossier_ingestion_0\sbti_commitments\lvmh\2024\candidates\candidate_012_manifest.json
b5519f5ec93a08c958ee5b44,SBTiRetriever,sbti_commitment,LVMH,lvmh,2024,https://files.sciencebasedtargets.org/production/files/SBTi-Glossary-French.pdf,French translation (V1.2),PDF extrait depuis une page HTML. Page source : https://sciencebasedtargets.org/resources. Titre page : Resources - Science Based Targets Initiative. Texte du lien : French translation (V1.2).,html_pdf_resolver,100.0,auto_download,"[""mots-clés forts SBTi : ['science based targets', 'science-based targets', 'sbti']"", ""mots-clés secondaires SBTi : ['sciencebasedtargets.org']"", ""plateforme SBTi officielle : files.sciencebasedtargets.org"", ""URL PDF directe"", ""nom de fichier SBTi : ['sbti']"", ""classe documentaire : sbti_commitment""]",[],C:\Users\hp\Desktop\ESG\SBTiRetriever\data\dossier_ingestion_0\sbti_commitments\lvmh\2024\candidates\candidate_013_score_100_0.pdf,C:\Users\hp\Desktop\ESG\SBTiRetriever\data\dossier_ingestion_0\sbti_commitments\lvmh\2024\candidates\candidate_013_manifest.json,cf1d997ce2a550681aeca48f3b6dab73d8b27c01d6c274ef816c2fc9337ffe87,2.0874,sbti_commitment_candidate,high_score_candidate,13,2026-05-09T20:41:30+00:00,C:\Users\hp\Desktop\ESG\SBTiRetriever\data\dossier_ingestion_0\sbti_commitments\lvmh\2024\candidates\candidate_013_manifest.json
25009e3129b7e3ce2f9d7ed0,SBTiRetriever,sbti_commitment,LVMH,lvmh,2024,https://files.sciencebasedtargets.org/production/files/SBTi-Glossary-Portuguese.pdf,Portuguese translation (V1.2),PDF extrait depuis une page HTML. Page source : https://sciencebasedtargets.org/resources. Titre page : Resources - Science Based Targets Initiative. Texte du lien : Portuguese translation (V1.2).,html_pdf_resolver,100.0,auto_download,"[""mots-clés forts SBTi : ['science based targets', 'science-based targets', 'sbti']"", ""mots-clés secondaires SBTi : ['sciencebasedtargets.org']"", ""plateforme SBTi officielle : files.sciencebasedtargets.org"", ""URL PDF directe"", ""nom de fichier SBTi : ['sbti']"", ""classe documentaire : sbti_commitment""]",[],C:\Users\hp\Desktop\ESG\SBTiRetriever\data\dossier_ingestion_0\sbti_commitments\lvmh\2024\candidates\candidate_014_score_100_0.pdf,C:\Users\hp\Desktop\ESG\SBTiRetriever\data\dossier_ingestion_0\sbti_commitments\lvmh\2024\candidates\candidate_014_manifest.json,e7218f17c221feb42087694438a872c582bce88224105701bf12995e21ac5bac,2.106,sbti_commitment_candidate,high_score_candidate,14,2026-05-09T20:41:31+00:00,C:\Users\hp\Desktop\ESG\SBTiRetriever\data\dossier_ingestion_0\sbti_commitments\lvmh\2024\candidates\candidate_014_manifest.json
95697e89e55ef8b3cb2d9469,SBTiRetriever,sbti_commitment,LVMH,lvmh,2024,https://sciencebasedtargets.org/resources/files/Legacy-SBTi-Criteria.pdf,View the previous version (5.1) here,PDF extrait depuis une page HTML. Page source : https://sciencebasedtargets.org/resources. Titre page : Resources - Science Based Targets Initiative. Texte du lien : View the previous version (5.1) here.,html_pdf_resolver,100.0,auto_download,"[""mots-clés forts SBTi : ['science based targets', 'science-based targets', 'sbti']"", ""mots-clés secondaires SBTi : ['sciencebasedtargets.org']"", ""plateforme SBTi officielle : sciencebasedtargets.org"", ""URL PDF directe"", ""nom de fichier SBTi : ['sbti']"", ""classe documentaire : sbti_commitment""]",[],C:\Users\hp\Desktop\ESG\SBTiRetriever\data\dossier_ingestion_0\sbti_commitments\lvmh\2024\candidates\candidate_015_score_100_0.pdf,C:\Users\hp\Desktop\ESG\SBTiRetriever\data\dossier_ingestion_0\sbti_commitments\lvmh\2024\candidates\candidate_015_manifest.json,e743a8f39b0fe98ae537a538b44a39f772f9430534fd41bec5a70b50348685ab,1.0791,sbti_commitment_candidate,high_score_candidate,15,2026-05-09T20:41:33+00:00,C:\Users\hp\Desktop\ESG\SBTiRetriever\data\dossier_ingestion_0\sbti_commitments\lvmh\2024\candidates\candidate_015_manifest.json
f5a942d12f025975738740b2,SBTiRetriever,sbti_commitment,LVMH,lvmh,2024,https://sciencebasedtargets.org/resources/files/SBTi-Corporate-Net-Zero-Standard-V1.2-CN.pdf,Chinese translation (v1.2),PDF extrait depuis une page HTML. Page source : https://sciencebasedtargets.org/resources. Titre page : Resources - Science Based Targets Initiative. Texte du lien : Chinese translation (v1.2).,html_pdf_resolver,100.0,auto_download,"[""mots-clés forts SBTi : ['science based targets', 'science-based targets', 'sbti']"", ""mots-clés secondaires SBTi : ['sciencebasedtargets.org']"", ""plateforme SBTi officielle : sciencebasedtargets.org"", ""URL PDF directe"", ""nom de fichier SBTi : ['sbti']"", ""classe documentaire : sbti_commitment""]",[],C:\Users\hp\Desktop\ESG\SBTiRetriever\data\dossier_ingestion_0\sbti_commitments\lvmh\2024\candidates\candidate_016_score_100_0.pdf,C:\Users\hp\Desktop\ESG\SBTiRetriever\data\dossier_ingestion_0\sbti_commitments\lvmh\2024\candidates\candidate_016_manifest.json,b03cebab11bf714fe0d1fdaac91a5f2bf4317389f06b8c27f53b6327f0495d99,2.2323,sbti_commitment_candidate,high_score_candidate,16,2026-05-09T20:41:34+00:00,C:\Users\hp\Desktop\ESG\SBTiRetriever\data\dossier_ingestion_0\sbti_commitments\lvmh\2024\candidates\candidate_016_manifest.json
35c5ec706bc6f849e02826b8,SBTiRetriever,sbti_commitment,LVMH,lvmh,2024,https://sciencebasedtargets.org/resources/files/SBTi-Corporate-Net-Zero-Standard-KR.pdf,Korean Translation (v1.0),PDF extrait depuis une page HTML. Page source : https://sciencebasedtargets.org/resources. Titre page : Resources - Science Based Targets Initiative. Texte du lien : Korean Translation (v1.0).,html_pdf_resolver,100.0,auto_download,"[""mots-clés forts SBTi : ['science based targets', 'science-based targets', 'sbti']"", ""mots-clés secondaires SBTi : ['sciencebasedtargets.org']"", ""plateforme SBTi officielle : sciencebasedtargets.org"", ""URL PDF directe"", ""nom de fichier SBTi : ['sbti']"", ""classe documentaire : sbti_commitment""]",[],C:\Users\hp\Desktop\ESG\SBTiRetriever\data\dossier_ingestion_0\sbti_commitments\lvmh\2024\candidates\candidate_017_score_100_0.pdf,C:\Users\hp\Desktop\ESG\SBTiRetriever\data\dossier_ingestion_0\sbti_commitments\lvmh\2024\candidates\candidate_017_manifest.json,1ec38e1550cabcef2fa46624f789ce5503098fada7acf55d0208f214f5ab1c74,2.5096,sbti_commitment_candidate,high_score_candidate,17,2026-05-09T20:41:36+00:00,C:\Users\hp\Desktop\ESG\SBTiRetriever\data\dossier_ingestion_0\sbti_commitments\lvmh\2024\candidates\candidate_017_manifest.json
11126a9420ef2c5f7574c969,SBTiRetriever,sbti_commitment,LVMH,lvmh,2024,https://sciencebasedtargets.org/resources/files/Financial-Sector-Science-Based-Targets-Guidance.pdf,View the previous version (V1.2) here,PDF extrait depuis une page HTML. Page source : https://sciencebasedtargets.org/resources. Titre page : Resources - Science Based Targets Initiative. Texte du lien : View the previous version (V1.2) here.,html_pdf_resolver,100.0,auto_download,"[""mots-clés forts SBTi : ['science based targets', 'science-based targets', 'science based targets initiative']"", ""mots-clés secondaires SBTi : ['sciencebasedtargets.org']"", ""plateforme SBTi officielle : sciencebasedtargets.org"", ""URL PDF directe"", ""nom de fichier SBTi : ['science-based-targets']"", ""classe documentaire : sbti_commitment""]",[],C:\Users\hp\Desktop\ESG\SBTiRetriever\data\dossier_ingestion_0\sbti_commitments\lvmh\2024\candidates\candidate_018_score_100_0.pdf,C:\Users\hp\Desktop\ESG\SBTiRetriever\data\dossier_ingestion_0\sbti_commitments\lvmh\2024\candidates\candidate_018_manifest.json,ada723f63fd95afc284ab42f21b59f3d6d7885e16aa360ee480bda221c8b6771,6.0846,sbti_commitment_candidate,high_score_candidate,18,2026-05-09T20:41:39+00:00,C:\Users\hp\Desktop\ESG\SBTiRetriever\data\dossier_ingestion_0\sbti_commitments\lvmh\2024\candidates\candidate_018_manifest.json
4f56d070d33592199943c2db,SBTiRetriever,sbti_commitment,LVMH,lvmh,2024,https://sciencebasedtargets.org/resources/files/SBTi-SEG-CN.pdf,Chinese translation,PDF extrait depuis une page HTML. Page source : https://sciencebasedtargets.org/resources. Titre page : Resources - Science Based Targets Initiative. Texte du lien : Chinese translation.,html_pdf_resolver,100.0,auto_download,"[""mots-clés forts SBTi : ['science based targets', 'science-based targets', 'sbti']"", ""mots-clés secondaires SBTi : ['sciencebasedtargets.org']"", ""plateforme SBTi officielle : sciencebasedtargets.org"", ""URL PDF directe"", ""nom de fichier SBTi : ['sbti']"", ""classe documentaire : sbti_commitment""]",[],C:\Users\hp\Desktop\ESG\SBTiRetriever\data\dossier_ingestion_0\sbti_commitments\lvmh\2024\candidates\candidate_019_score_100_0.pdf,C:\Users\hp\Desktop\ESG\SBTiRetriever\data\dossier_ingestion_0\sbti_commitments\lvmh\2024\candidates\candidate_019_manifest.json,3cc00dd7f31db7f369b6b158838b5424a90206554d95d9f1d64fe1c2ff98d80c,1.8352,sbti_commitment_candidate,high_score_candidate,19,2026-05-09T20:41:41+00:00,C:\Users\hp\Desktop\ESG\SBTiRetriever\data\dossier_ingestion_0\sbti_commitments\lvmh\2024\candidates\candidate_019_manifest.json
1778b3434b1f752b7db00d72,SBTiRetriever,sbti_commitment,LVMH,lvmh,2024,https://sciencebasedtargets.org/resources/files/SBTi-SEG-KR.pdf,Korean translation,PDF extrait depuis une page HTML. Page source : https://sciencebasedtargets.org/resources. Titre page : Resources - Science Based Targets Initiative. Texte du lien : Korean translation.,html_pdf_resolver,100.0,auto_download,"[""mots-clés forts SBTi : ['science based targets', 'science-based targets', 'sbti']"", ""mots-clés secondaires SBTi : ['sciencebasedtargets.org']"", ""plateforme SBTi officielle : sciencebasedtargets.org"", ""URL PDF directe"", ""nom de fichier SBTi : ['sbti']"", ""classe documentaire : sbti_commitment""]",[],C:\Users\hp\Desktop\ESG\SBTiRetriever\data\dossier_ingestion_0\sbti_commitments\lvmh\2024\candidates\candidate_020_score_100_0.pdf,C:\Users\hp\Desktop\ESG\SBTiRetriever\data\dossier_ingestion_0\sbti_commitments\lvmh\2024\candidates\candidate_020_manifest.json,f0cc7827ade4f371b01b13012afd322d70ce442f4c392781a79a8756c7c46bea,6.1987,sbti_commitment_candidate,high_score_candidate,20,2026-05-09T20:41:44+00:00,C:\Users\hp\Desktop\ESG\SBTiRetriever\data\dossier_ingestion_0\sbti_commitments\lvmh\2024\candidates\candidate_020_manifest.json
1b55ce3007b128e38efb684f,SBTiRetriever,sbti_commitment,LVMH,lvmh,2024,https://files.sciencebasedtargets.org/production/files/Getting-Started-Guide-Portuguese.pdf,Portuguese translation (v1.2),PDF extrait depuis une page HTML. Page source : https://sciencebasedtargets.org/resources. Titre page : Resources - Science Based Targets Initiative. Texte du lien : Portuguese translation (v1.2).,html_pdf_resolver,95.0,auto_download,"[""mots-clés forts SBTi : ['science based targets', 'science-based targets', 'science based targets initiative']"", ""mots-clés secondaires SBTi : ['sciencebasedtargets.org']"", ""plateforme SBTi officielle : files.sciencebasedtargets.org"", ""URL PDF directe"", ""classe documentaire : sbti_commitment""]",[],C:\Users\hp\Desktop\ESG\SBTiRetriever\data\dossier_ingestion_0\sbti_commitments\lvmh\2024\candidates\candidate_021_score_95_0.pdf,C:\Users\hp\Desktop\ESG\SBTiRetriever\data\dossier_ingestion_0\sbti_commitments\lvmh\2024\candidates\candidate_021_manifest.json,33bb28232418e0ef1642de4cd28678b1b050f3ae9cb8418f65b74f19f5e4c864,0.5542,sbti_commitment_candidate,high_score_candidate,21,2026-05-09T20:41:45+00:00,C:\Users\hp\Desktop\ESG\SBTiRetriever\data\dossier_ingestion_0\sbti_commitments\lvmh\2024\candidates\candidate_021_manifest.json
856a18d7a85dbaac8113ba45,SBTiRetriever,sbti_commitment,LVMH,lvmh,2024,https://sciencebasedtargets.org/resources/files/Corporate-Near-term-Criteria-V5.1-KR.pdf,Korean translation (version 5.1),PDF extrait depuis une page HTML. Page source : https://sciencebasedtargets.org/resources. Titre page : Resources - Science Based Targets Initiative. Texte du lien : Korean translation (version 5.1).,html_pdf_resolver,95.0,auto_download,"[""mots-clés forts SBTi : ['science based targets', 'science-based targets', 'science based targets initiative']"", ""mots-clés secondaires SBTi : ['sciencebasedtargets.org']"", ""plateforme SBTi officielle : sciencebasedtargets.org"", ""URL PDF directe"", ""classe documentaire : sbti_commitment""]",[],C:\Users\hp\Desktop\ESG\SBTiRetriever\data\dossier_ingestion_0\sbti_commitments\lvmh\2024\candidates\candidate_022_score_95_0.pdf,C:\Users\hp\Desktop\ESG\SBTiRetriever\data\dossier_ingestion_0\sbti_commitments\lvmh\2024\candidates\candidate_022_manifest.json,0c72c0d2b39dfc9cc10e677853ae8bd74ad92b4cd23a9dd77741d14a3f7da01b,1.0175,sbti_commitment_candidate,high_score_candidate,22,2026-05-09T20:41:46+00:00,C:\Users\hp\Desktop\ESG\SBTiRetriever\data\dossier_ingestion_0\sbti_commitments\lvmh\2024\candidates\candidate_022_manifest.json
f89a468453ae1eb4f4f58a7a,SBTiRetriever,sbti_commitment,LVMH,lvmh,2024,https://sciencebasedtargets.org/resources/files/Legacy-Net-Zero-Standard-Criteria-V1.0.pdf,View the previous version (1.0) here.,PDF extrait depuis une page HTML. Page source : https://sciencebasedtargets.org/resources. Titre page : Resources - Science Based Targets Initiative. Texte du lien : View the previous version (1.0) here..,html_pdf_resolver,95.0,auto_download,"[""mots-clés forts SBTi : ['science based targets', 'science-based targets', 'science based targets initiative']"", ""mots-clés secondaires SBTi : ['sciencebasedtargets.org']"", ""plateforme SBTi officielle : sciencebasedtargets.org"", ""URL PDF directe"", ""classe documentaire : sbti_commitment""]",[],C:\Users\hp\Desktop\ESG\SBTiRetriever\data\dossier_ingestion_0\sbti_commitments\lvmh\2024\candidates\candidate_023_score_95_0.pdf,C:\Users\hp\Desktop\ESG\SBTiRetriever\data\dossier_ingestion_0\sbti_commitments\lvmh\2024\candidates\candidate_023_manifest.json,d539858a2b97e2e86a6d62ceaee7328d84460b72b935c7bfcc1694b1e54e6a10,0.4711,sbti_commitment_candidate,high_score_candidate,23,2026-05-09T20:41:48+00:00,C:\Users\hp\Desktop\ESG\SBTiRetriever\data\dossier_ingestion_0\sbti_commitments\lvmh\2024\candidates\candidate_023_manifest.json
b3574587e2179e868667963d,SBTiRetriever,sbti_commitment,LVMH,lvmh,2024,https://sciencebasedtargets.org/resources/files/Legacy_Net-Zero-Standard_v1.1.pdf,View previous version (1.1) here.,PDF extrait depuis une page HTML. Page source : https://sciencebasedtargets.org/resources. Titre page : Resources - Science Based Targets Initiative. Texte du lien : View previous version (1.1) here..,html_pdf_resolver,95.0,auto_download,"[""mots-clés forts SBTi : ['science based targets', 'science-based targets', 'science based targets initiative']"", ""mots-clés secondaires SBTi : ['sciencebasedtargets.org']"", ""plateforme SBTi officielle : sciencebasedtargets.org"", ""URL PDF directe"", ""classe documentaire : sbti_commitment""]",[],C:\Users\hp\Desktop\ESG\SBTiRetriever\data\dossier_ingestion_0\sbti_commitments\lvmh\2024\candidates\candidate_024_score_95_0.pdf,C:\Users\hp\Desktop\ESG\SBTiRetriever\data\dossier_ingestion_0\sbti_commitments\lvmh\2024\candidates\candidate_024_manifest.json,42a29a967c1b6c0695e33ab5f1526812650e85d9bc3a12509dd44e43e97a8457,2.3157,sbti_commitment_candidate,high_score_candidate,24,2026-05-09T20:41:49+00:00,C:\Users\hp\Desktop\ESG\SBTiRetriever\data\dossier_ingestion_0\sbti_commitments\lvmh\2024\candidates\candidate_024_manifest.json
3c02f5709f9b6b4c8275fb0a,SBTiRetriever,sbti_commitment,LVMH,lvmh,2024,https://sciencebasedtargets.org/resources/files/Legacy-Net-Zero-Standard-V1.0.pdf,View the previous version (1.0) here.,PDF extrait depuis une page HTML. Page source : https://sciencebasedtargets.org/resources. Titre page : Resources - Science Based Targets Initiative. Texte du lien : View the previous version (1.0) here..,html_pdf_resolver,95.0,auto_download,"[""mots-clés forts SBTi : ['science based targets', 'science-based targets', 'science based targets initiative']"", ""mots-clés secondaires SBTi : ['sciencebasedtargets.org']"", ""plateforme SBTi officielle : sciencebasedtargets.org"", ""URL PDF directe"", ""classe documentaire : sbti_commitment""]",[],C:\Users\hp\Desktop\ESG\SBTiRetriever\data\dossier_ingestion_0\sbti_commitments\lvmh\2024\candidates\candidate_025_score_95_0.pdf,C:\Users\hp\Desktop\ESG\SBTiRetriever\data\dossier_ingestion_0\sbti_commitments\lvmh\2024\candidates\candidate_025_manifest.json,be00dec2028e6e6f85973a289e9e5621e6543eb26d9aff578c6553ee46ce5fa7,1.7128,sbti_commitment_candidate,high_score_candidate,25,2026-05-09T20:41:50+00:00,C:\Users\hp\Desktop\ESG\SBTiRetriever\data\dossier_ingestion_0\sbti_commitments\lvmh\2024\candidates\candidate_025_manifest.json
781b2c30dc369f5170825d30,SBTiRetriever,sbti_commitment,LVMH,lvmh,2024,https://sciencebasedtargets.org/resources/files/Buildings_Guidance_July_2024_Chinese.pdf,Mandarin Chinese translation,PDF extrait depuis une page HTML. Page source : https://sciencebasedtargets.org/resources. Titre page : Resources - Science Based Targets Initiative. Texte du lien : Mandarin Chinese translation.,html_pdf_resolver,95.0,auto_download,"[""mots-clés forts SBTi : ['science based targets', 'science-based targets', 'science based targets initiative']"", ""mots-clés secondaires SBTi : ['sciencebasedtargets.org']"", ""plateforme SBTi officielle : sciencebasedtargets.org"", ""URL PDF directe"", ""classe documentaire : sbti_commitment""]",[],C:\Users\hp\Desktop\ESG\SBTiRetriever\data\dossier_ingestion_0\sbti_commitments\lvmh\2024\candidates\candidate_026_score_95_0.pdf,C:\Users\hp\Desktop\ESG\SBTiRetriever\data\dossier_ingestion_0\sbti_commitments\lvmh\2024\candidates\candidate_026_manifest.json,048987d13ce989072355bb30d69acf3afb94c62abc738378c40487b02ba9832b,1.9676,sbti_commitment_candidate,high_score_candidate,26,2026-05-09T20:41:51+00:00,C:\Users\hp\Desktop\ESG\SBTiRetriever\data\dossier_ingestion_0\sbti_commitments\lvmh\2024\candidates\candidate_026_manifest.json
bfb6aab435ed8ecf985e0662,SBTiRetriever,sbti_commitment,LVMH,lvmh,2024,https://sciencebasedtargets.org/resources/files/Buildings_Guidance_July_2024_Portuguese.pdf,Portuguese translation,PDF extrait depuis une page HTML. Page source : https://sciencebasedtargets.org/resources. Titre page : Resources - Science Based Targets Initiative. Texte du lien : Portuguese translation.,html_pdf_resolver,95.0,auto_download,"[""mots-clés forts SBTi : ['science based targets', 'science-based targets', 'science based targets initiative']"", ""mots-clés secondaires SBTi : ['sciencebasedtargets.org']"", ""plateforme SBTi officielle : sciencebasedtargets.org"", ""URL PDF directe"", ""classe documentaire : sbti_commitment""]",[],C:\Users\hp\Desktop\ESG\SBTiRetriever\data\dossier_ingestion_0\sbti_commitments\lvmh\2024\candidates\candidate_027_score_95_0.pdf,C:\Users\hp\Desktop\ESG\SBTiRetriever\data\dossier_ingestion_0\sbti_commitments\lvmh\2024\candidates\candidate_027_manifest.json,41868edca2a7c74ff2aa4357854389072aaba8098edf6038c00eed85f2dac3ab,1.9066,sbti_commitment_candidate,high_score_candidate,27,2026-05-09T20:41:53+00:00,C:\Users\hp\Desktop\ESG\SBTiRetriever\data\dossier_ingestion_0\sbti_commitments\lvmh\2024\candidates\candidate_027_manifest.json
3cbadc652bea7e56cf9c9f4a,SBTiRetriever,sbti_commitment,LVMH,lvmh,2024,https://sciencebasedtargets.org/resources/files/Buildings_Guidance_July_2024_Spanish.pdf,Spanish translation,PDF extrait depuis une page HTML. Page source : https://sciencebasedtargets.org/resources. Titre page : Resources - Science Based Targets Initiative. Texte du lien : Spanish translation.,html_pdf_resolver,95.0,auto_download,"[""mots-clés forts SBTi : ['science based targets', 'science-based targets', 'science based targets initiative']"", ""mots-clés secondaires SBTi : ['sciencebasedtargets.org']"", ""plateforme SBTi officielle : sciencebasedtargets.org"", ""URL PDF directe"", ""classe documentaire : sbti_commitment""]",[],C:\Users\hp\Desktop\ESG\SBTiRetriever\data\dossier_ingestion_0\sbti_commitments\lvmh\2024\candidates\candidate_028_score_95_0.pdf,C:\Users\hp\Desktop\ESG\SBTiRetriever\data\dossier_ingestion_0\sbti_commitments\lvmh\2024\candidates\candidate_028_manifest.json,5819eeb14ff947c794b4614972fa70e4094d550b67dcc2aec64842d6728275b4,1.9052,sbti_commitment_candidate,high_score_candidate,28,2026-05-09T20:41:54+00:00,C:\Users\hp\Desktop\ESG\SBTiRetriever\data\dossier_ingestion_0\sbti_commitments\lvmh\2024\candidates\candidate_028_manifest.json
d35bec74316c908231434e97,SBTiRetriever,sbti_commitment,LVMH,lvmh,2024,https://sciencebasedtargets.org/resources/files/Financial-Institutions-Near-Term-Criteria.pdf,Financial Institutions’ Near-Term Criteria V2,PDF extrait depuis une page HTML. Page source : https://sciencebasedtargets.org/resources. Titre page : Resources - Science Based Targets Initiative. Texte du lien : Financial Institutions’ Near-Term Criteria V2.,html_pdf_resolver,95.0,auto_download,"[""mots-clés forts SBTi : ['science based targets', 'science-based targets', 'science based targets initiative']"", ""mots-clés secondaires SBTi : ['sciencebasedtargets.org']"", ""plateforme SBTi officielle : sciencebasedtargets.org"", ""URL PDF directe"", ""classe documentaire : sbti_commitment""]",[],C:\Users\hp\Desktop\ESG\SBTiRetriever\data\dossier_ingestion_0\sbti_commitments\lvmh\2024\candidates\candidate_029_score_95_0.pdf,C:\Users\hp\Desktop\ESG\SBTiRetriever\data\dossier_ingestion_0\sbti_commitments\lvmh\2024\candidates\candidate_029_manifest.json,401cf1249fc87c7789d1c4f5fcdb6fb3862b3b55729fe7b40b11204e43d13908,0.8752,sbti_commitment_candidate,high_score_candidate,29,2026-05-09T20:41:56+00:00,C:\Users\hp\Desktop\ESG\SBTiRetriever\data\dossier_ingestion_0\sbti_commitments\lvmh\2024\candidates\candidate_029_manifest.json
b5733247a9659b2c83c764b3,SBTiRetriever,sbti_commitment,LVMH,lvmh,2024,https://sciencebasedtargets.org/resources/files/FINT-Criteria-V2-ARABIC.pdf,Arabic translation,PDF extrait depuis une page HTML. Page source : https://sciencebasedtargets.org/resources. Titre page : Resources - Science Based Targets Initiative. Texte du lien : Arabic translation.,html_pdf_resolver,95.0,auto_download,"[""mots-clés forts SBTi : ['science based targets', 'science-based targets', 'science based targets initiative']"", ""mots-clés secondaires SBTi : ['sciencebasedtargets.org']"", ""plateforme SBTi officielle : sciencebasedtargets.org"", ""URL PDF directe"", ""classe documentaire : sbti_commitment""]",[],C:\Users\hp\Desktop\ESG\SBTiRetriever\data\dossier_ingestion_0\sbti_commitments\lvmh\2024\candidates\candidate_030_score_95_0.pdf,C:\Users\hp\Desktop\ESG\SBTiRetriever\data\dossier_ingestion_0\sbti_commitments\lvmh\2024\candidates\candidate_030_manifest.json,ae4cc724e5928e2269f70df6790fa381c6252c8addf98483bc4923839f254ca2,1.2274,sbti_commitment_candidate,high_score_candidate,30,2026-05-09T20:41:57+00:00,C:\Users\hp\Desktop\ESG\SBTiRetriever\data\dossier_ingestion_0\sbti_commitments\lvmh\2024\candidates\candidate_030_manifest.json
cb14ced54929018e8ab5ae07,SBTiRetriever,sbti_commitment,LVMH,lvmh,2024,https://sciencebasedtargets.org/resources/files/FINT-Criteria-V2-CHINESE.pdf,Chinese translation,PDF extrait depuis une page HTML. Page source : https://sciencebasedtargets.org/resources. Titre page : Resources - Science Based Targets Initiative. Texte du lien : Chinese translation.,html_pdf_resolver,95.0,auto_download,"[""mots-clés forts SBTi : ['science based targets', 'science-based targets', 'science based targets initiative']"", ""mots-clés secondaires SBTi : ['sciencebasedtargets.org']"", ""plateforme SBTi officielle : sciencebasedtargets.org"", ""URL PDF directe"", ""classe documentaire : sbti_commitment""]",[],C:\Users\hp\Desktop\ESG\SBTiRetriever\data\dossier_ingestion_0\sbti_commitments\lvmh\2024\candidates\candidate_031_score_95_0.pdf,C:\Users\hp\Desktop\ESG\SBTiRetriever\data\dossier_ingestion_0\sbti_commitments\lvmh\2024\candidates\candidate_031_manifest.json,628d15ee00a209f7fcb8269c481600d1958e5734b085aaf53ec0931dd3ee8770,0.8647,sbti_commitment_candidate,high_score_candidate,31,2026-05-09T20:41:58+00:00,C:\Users\hp\Desktop\ESG\SBTiRetriever\data\dossier_ingestion_0\sbti_commitments\lvmh\2024\candidates\candidate_031_manifest.json
daf9488ac9672b7bf978742e,SBTiRetriever,sbti_commitment,LVMH,lvmh,2024,https://sciencebasedtargets.org/resources/files/FINT-Criteria-V2-FRENCH.pdf,French translation,PDF extrait depuis une page HTML. Page source : https://sciencebasedtargets.org/resources. Titre page : Resources - Science Based Targets Initiative. Texte du lien : French translation.,html_pdf_resolver,95.0,auto_download,"[""mots-clés forts SBTi : ['science based targets', 'science-based targets', 'science based targets initiative']"", ""mots-clés secondaires SBTi : ['sciencebasedtargets.org']"", ""plateforme SBTi officielle : sciencebasedtargets.org"", ""URL PDF directe"", ""classe documentaire : sbti_commitment""]",[],C:\Users\hp\Desktop\ESG\SBTiRetriever\data\dossier_ingestion_0\sbti_commitments\lvmh\2024\candidates\candidate_032_score_95_0.pdf,C:\Users\hp\Desktop\ESG\SBTiRetriever\data\dossier_ingestion_0\sbti_commitments\lvmh\2024\candidates\candidate_032_manifest.json,47dbbb28fdc43b5dcbd65f8d74b60db4a6847b70b6510106596c671e7ff65a57,0.8704,sbti_commitment_candidate,high_score_candidate,32,2026-05-09T20:41:59+00:00,C:\Users\hp\Desktop\ESG\SBTiRetriever\data\dossier_ingestion_0\sbti_commitments\lvmh\2024\candidates\candidate_032_manifest.json
c58844dbc55e94b40f8a9694,SBTiRetriever,sbti_commitment,LVMH,lvmh,2024,https://sciencebasedtargets.org/resources/files/FINT-Criteria-V2-PORTUGUESE.pdf,Portuguese translation,PDF extrait depuis une page HTML. Page source : https://sciencebasedtargets.org/resources. Titre page : Resources - Science Based Targets Initiative. Texte du lien : Portuguese translation.,html_pdf_resolver,95.0,auto_download,"[""mots-clés forts SBTi : ['science based targets', 'science-based targets', 'science based targets initiative']"", ""mots-clés secondaires SBTi : ['sciencebasedtargets.org']"", ""plateforme SBTi officielle : sciencebasedtargets.org"", ""URL PDF directe"", ""classe documentaire : sbti_commitment""]",[],C:\Users\hp\Desktop\ESG\SBTiRetriever\data\dossier_ingestion_0\sbti_commitments\lvmh\2024\candidates\candidate_033_score_95_0.pdf,C:\Users\hp\Desktop\ESG\SBTiRetriever\data\dossier_ingestion_0\sbti_commitments\lvmh\2024\candidates\candidate_033_manifest.json,d4a8c259208b51d47e33b1f0e71d5ff3dd358f9243867df960a25bf4fc7dc404,0.7411,sbti_commitment_candidate,high_score_candidate,33,2026-05-09T20:42:01+00:00,C:\Users\hp\Desktop\ESG\SBTiRetriever\data\dossier_ingestion_0\sbti_commitments\lvmh\2024\candidates\candidate_033_manifest.json
711a3df7d3192dc9aa02836d,SBTiRetriever,sbti_commitment,LVMH,lvmh,2024,https://sciencebasedtargets.org/resources/files/FINT-Criteria-V2-JAPANESE.pdf,Japanese translation,PDF extrait depuis une page HTML. Page source : https://sciencebasedtargets.org/resources. Titre page : Resources - Science Based Targets Initiative. Texte du lien : Japanese translation.,html_pdf_resolver,95.0,auto_download,"[""mots-clés forts SBTi : ['science based targets', 'science-based targets', 'science based targets initiative']"", ""mots-clés secondaires SBTi : ['sciencebasedtargets.org']"", ""plateforme SBTi officielle : sciencebasedtargets.org"", ""URL PDF directe"", ""classe documentaire : sbti_commitment""]",[],C:\Users\hp\Desktop\ESG\SBTiRetriever\data\dossier_ingestion_0\sbti_commitments\lvmh\2024\candidates\candidate_034_score_95_0.pdf,C:\Users\hp\Desktop\ESG\SBTiRetriever\data\dossier_ingestion_0\sbti_commitments\lvmh\2024\candidates\candidate_034_manifest.json,42b0bd7ee3fd830bed5fd24e143a6c8587efa1d77ed4b82bf8f936da2ee2d844,0.8682,sbti_commitment_candidate,high_score_candidate,34,2026-05-09T20:42:02+00:00,C:\Users\hp\Desktop\ESG\SBTiRetriever\data\dossier_ingestion_0\sbti_commitments\lvmh\2024\candidates\candidate_034_manifest.json
8ac1dd8915e0c134a006694c,SBTiRetriever,sbti_commitment,LVMH,lvmh,2024,https://sciencebasedtargets.org/resources/files/FINT-Criteria-V2-SPANISH.pdf,Spanish translation,PDF extrait depuis une page HTML. Page source : https://sciencebasedtargets.org/resources. Titre page : Resources - Science Based Targets Initiative. Texte du lien : Spanish translation.,html_pdf_resolver,95.0,auto_download,"[""mots-clés forts SBTi : ['science based targets', 'science-based targets', 'science based targets initiative']"", ""mots-clés secondaires SBTi : ['sciencebasedtargets.org']"", ""plateforme SBTi officielle : sciencebasedtargets.org"", ""URL PDF directe"", ""classe documentaire : sbti_commitment""]",[],C:\Users\hp\Desktop\ESG\SBTiRetriever\data\dossier_ingestion_0\sbti_commitments\lvmh\2024\candidates\candidate_035_score_95_0.pdf,C:\Users\hp\Desktop\ESG\SBTiRetriever\data\dossier_ingestion_0\sbti_commitments\lvmh\2024\candidates\candidate_035_manifest.json,5c1d0a69c48242987440a94388f172f5ae221c6a1b35b61dea92853f7cf94239,0.8715,sbti_commitment_candidate,high_score_candidate,35,2026-05-09T20:42:04+00:00,C:\Users\hp\Desktop\ESG\SBTiRetriever\data\dossier_ingestion_0\sbti_commitments\lvmh\2024\candidates\candidate_035_manifest.json
cb935166242a7cf8833ce591,SBTiRetriever,sbti_commitment,LVMH,lvmh,2024,https://sciencebasedtargets.org/resources/files/Land-Transport-Guidance.pdf,Land Transport Guidance,PDF extrait depuis une page HTML. Page source : https://sciencebasedtargets.org/resources. Titre page : Resources - Science Based Targets Initiative. Texte du lien : Land Transport Guidance.,html_pdf_resolver,95.0,auto_download,"[""mots-clés forts SBTi : ['science based targets', 'science-based targets', 'science based targets initiative']"", ""mots-clés secondaires SBTi : ['sciencebasedtargets.org']"", ""plateforme SBTi officielle : sciencebasedtargets.org"", ""URL PDF directe"", ""classe documentaire : sbti_commitment""]",[],C:\Users\hp\Desktop\ESG\SBTiRetriever\data\dossier_ingestion_0\sbti_commitments\lvmh\2024\candidates\candidate_036_score_95_0.pdf,C:\Users\hp\Desktop\ESG\SBTiRetriever\data\dossier_ingestion_0\sbti_commitments\lvmh\2024\candidates\candidate_036_manifest.json,efd21914f860b85541543b05b9e79318f1a18f0b776dd578fa9e6cc70d9a24f2,5.4377,sbti_commitment_candidate,high_score_candidate,36,2026-05-09T20:42:06+00:00,C:\Users\hp\Desktop\ESG\SBTiRetriever\data\dossier_ingestion_0\sbti_commitments\lvmh\2024\candidates\candidate_036_manifest.json
00a8edb0015bba3e198ce84c,SBTiRetriever,sbti_commitment,LVMH,lvmh,2024,https://sciencebasedtargets.org/resources/files/Supplier-Engagement-Guidance.pdf,Supplier Engagement Guidance,PDF extrait depuis une page HTML. Page source : https://sciencebasedtargets.org/resources. Titre page : Resources - Science Based Targets Initiative. Texte du lien : Supplier Engagement Guidance.,html_pdf_resolver,95.0,auto_download,"[""mots-clés forts SBTi : ['science based targets', 'science-based targets', 'science based targets initiative']"", ""mots-clés secondaires SBTi : ['sciencebasedtargets.org']"", ""plateforme SBTi officielle : sciencebasedtargets.org"", ""URL PDF directe"", ""classe documentaire : sbti_commitment""]",[],C:\Users\hp\Desktop\ESG\SBTiRetriever\data\dossier_ingestion_0\sbti_commitments\lvmh\2024\candidates\candidate_037_score_95_0.pdf,C:\Users\hp\Desktop\ESG\SBTiRetriever\data\dossier_ingestion_0\sbti_commitments\lvmh\2024\candidates\candidate_037_manifest.json,2e67a9172bcfc91a8b00282de61fa9c73674b99bbe6587871a534032c5ea608d,7.9589,sbti_commitment_candidate,high_score_candidate,37,2026-05-09T20:42:08+00:00,C:\Users\hp\Desktop\ESG\SBTiRetriever\data\dossier_ingestion_0\sbti_commitments\lvmh\2024\candidates\candidate_037_manifest.json
78b4c4fd5e644058f6c39917,SBTiRetriever,sbti_commitment,LVMH,lvmh,2024,https://sciencebasedtargets.org/resources/files/Supplier-Engagement-Executive-Summary.pdf,Executive summary,PDF extrait depuis une page HTML. Page source : https://sciencebasedtargets.org/resources. Titre page : Resources - Science Based Targets Initiative. Texte du lien : Executive summary.,html_pdf_resolver,95.0,auto_download,"[""mots-clés forts SBTi : ['science based targets', 'science-based targets', 'science based targets initiative']"", ""mots-clés secondaires SBTi : ['sciencebasedtargets.org']"", ""plateforme SBTi officielle : sciencebasedtargets.org"", ""URL PDF directe"", ""classe documentaire : sbti_commitment""]",[],C:\Users\hp\Desktop\ESG\SBTiRetriever\data\dossier_ingestion_0\sbti_commitments\lvmh\2024\candidates\candidate_038_score_95_0.pdf,C:\Users\hp\Desktop\ESG\SBTiRetriever\data\dossier_ingestion_0\sbti_commitments\lvmh\2024\candidates\candidate_038_manifest.json,59f65ec8b9e7dbcc2ec937681691c4a08c05535f87e0b44acf9a80ba3a806d71,2.1156,sbti_commitment_candidate,high_score_candidate,38,2026-05-09T20:42:10+00:00,C:\Users\hp\Desktop\ESG\SBTiRetriever\data\dossier_ingestion_0\sbti_commitments\lvmh\2024\candidates\candidate_038_manifest.json
10419bcc536fa2a4f6aa81cd,SBTiRetriever,sbti_commitment,LVMH,lvmh,2024,https://sciencebasedtargets.org/resources/files/Supplier-Engagement-Speaker-Script.pdf,Speaker script,PDF extrait depuis une page HTML. Page source : https://sciencebasedtargets.org/resources. Titre page : Resources - Science Based Targets Initiative. Texte du lien : Speaker script.,html_pdf_resolver,95.0,auto_download,"[""mots-clés forts SBTi : ['science based targets', 'science-based targets', 'science based targets initiative']"", ""mots-clés secondaires SBTi : ['sciencebasedtargets.org']"", ""plateforme SBTi officielle : sciencebasedtargets.org"", ""URL PDF directe"", ""classe documentaire : sbti_commitment""]",[],C:\Users\hp\Desktop\ESG\SBTiRetriever\data\dossier_ingestion_0\sbti_commitments\lvmh\2024\candidates\candidate_039_score_95_0.pdf,C:\Users\hp\Desktop\ESG\SBTiRetriever\data\dossier_ingestion_0\sbti_commitments\lvmh\2024\candidates\candidate_039_manifest.json,7a40a136722ac019eff6cd05262353d27eb882030edcf596a942a59438416b65,0.7092,sbti_commitment_candidate,high_score_candidate,39,2026-05-09T20:42:12+00:00,C:\Users\hp\Desktop\ESG\SBTiRetriever\data\dossier_ingestion_0\sbti_commitments\lvmh\2024\candidates\candidate_039_manifest.json
393fdc8361c1aecc374b23af,SBTiRetriever,sbti_commitment,LVMH,lvmh,2024,https://sciencebasedtargets.org/resources/files/Executive-Summary-Above-and-Beyond-Report-on-BVCM.pdf,Executive Summary - Above and Beyond: An SBTi report on the design and implementation of BVCM,PDF extrait depuis une page HTML. Page source : https://sciencebasedtargets.org/resources. Titre page : Resources - Science Based Targets Initiative. Texte du lien : Executive Summary - Above and Beyond: An SBTi report on the design and implementation of BVCM.,html_pdf_resolver,95.0,auto_download,"[""mots-clés forts SBTi : ['science based targets', 'science-based targets', 'sbti']"", ""mots-clés secondaires SBTi : ['sciencebasedtargets.org']"", ""plateforme SBTi officielle : sciencebasedtargets.org"", ""URL PDF directe"", ""classe documentaire : sbti_commitment""]",[],C:\Users\hp\Desktop\ESG\SBTiRetriever\data\dossier_ingestion_0\sbti_commitments\lvmh\2024\candidates\candidate_040_score_95_0.pdf,C:\Users\hp\Desktop\ESG\SBTiRetriever\data\dossier_ingestion_0\sbti_commitments\lvmh\2024\candidates\candidate_040_manifest.json,5ba15ce2cb40bef389ec7703ac19af7bc7747bac6f13eaeca0e3da430992a71a,1.4882,sbti_commitment_candidate,high_score_candidate,40,2026-05-09T20:42:13+00:00,C:\Users\hp\Desktop\ESG\SBTiRetriever\data\dossier_ingestion_0\sbti_commitments\lvmh\2024\candidates\candidate_040_manifest.json
c5d5f768dc521ffb22a400b6,SBTiRetriever,sbti_commitment,LVMH,lvmh,2024,https://sciencebasedtargets.org/resources/files/Arabic_BVCM-Above-and-Beyond-Report-Executive-Summary.pdf,[Arabic translation] Executive Summary - Above and Beyond Report,PDF extrait depuis une page HTML. Page source : https://sciencebasedtargets.org/resources. Titre page : Resources - Science Based Targets Initiative. Texte du lien : [Arabic translation] Executive Summary - Above and Beyond Report.,html_pdf_resolver,95.0,auto_download,"[""mots-clés forts SBTi : ['science based targets', 'science-based targets', 'science based targets initiative']"", ""mots-clés secondaires SBTi : ['sciencebasedtargets.org']"", ""plateforme SBTi officielle : sciencebasedtargets.org"", ""URL PDF directe"", ""classe documentaire : sbti_commitment""]",[],C:\Users\hp\Desktop\ESG\SBTiRetriever\data\dossier_ingestion_0\sbti_commitments\lvmh\2024\candidates\candidate_041_score_95_0.pdf,C:\Users\hp\Desktop\ESG\SBTiRetriever\data\dossier_ingestion_0\sbti_commitments\lvmh\2024\candidates\candidate_041_manifest.json,31d9d9f548de430ee0fb6ab69789c98f8af913535c20833cc1923059cfdaef77,3.3153,sbti_commitment_candidate,high_score_candidate,41,2026-05-09T20:42:15+00:00,C:\Users\hp\Desktop\ESG\SBTiRetriever\data\dossier_ingestion_0\sbti_commitments\lvmh\2024\candidates\candidate_041_manifest.json
00073bd130d8b7848f046692,SBTiRetriever,sbti_commitment,LVMH,lvmh,2024,http://sciencebasedtargets.org/resources/files/Chinese_BVCM-Above-and-Beyond-Report-Executive-Summary.pdf,[Chinese translation] Executive Summary - Above and Beyond Report,PDF extrait depuis une page HTML. Page source : https://sciencebasedtargets.org/resources. Titre page : Resources - Science Based Targets Initiative. Texte du lien : [Chinese translation] Executive Summary - Above and Beyond Report.,html_pdf_resolver,95.0,auto_download,"[""mots-clés forts SBTi : ['science based targets', 'science-based targets', 'science based targets initiative']"", ""mots-clés secondaires SBTi : ['sciencebasedtargets.org']"", ""plateforme SBTi officielle : sciencebasedtargets.org"", ""URL PDF directe"", ""classe documentaire : sbti_commitment""]",[],C:\Users\hp\Desktop\ESG\SBTiRetriever\data\dossier_ingestion_0\sbti_commitments\lvmh\2024\candidates\candidate_042_score_95_0.pdf,C:\Users\hp\Desktop\ESG\SBTiRetriever\data\dossier_ingestion_0\sbti_commitments\lvmh\2024\candidates\candidate_042_manifest.json,3050d1a6365a5a6e15fd560b3deca7c3591542d0beec19af1d87f9559b7a373c,4.8597,sbti_commitment_candidate,high_score_candidate,42,2026-05-09T20:42:16+00:00,C:\Users\hp\Desktop\ESG\SBTiRetriever\data\dossier_ingestion_0\sbti_commitments\lvmh\2024\candidates\candidate_042_manifest.json
c93a67b426d26beb1c789adb,SBTiRetriever,sbti_commitment,LVMH,lvmh,2024,https://sciencebasedtargets.org/resources/files/French_BVCM-Above-and-Beyond-Report-Executive-Summary.pdf,[French translation] Executive Summary - Above and Beyond Report,PDF extrait depuis une page HTML. Page source : https://sciencebasedtargets.org/resources. Titre page : Resources - Science Based Targets Initiative. Texte du lien : [French translation] Executive Summary - Above and Beyond Report.,html_pdf_resolver,95.0,auto_download,"[""mots-clés forts SBTi : ['science based targets', 'science-based targets', 'science based targets initiative']"", ""mots-clés secondaires SBTi : ['sciencebasedtargets.org']"", ""plateforme SBTi officielle : sciencebasedtargets.org"", ""URL PDF directe"", ""classe documentaire : sbti_commitment""]",[],C:\Users\hp\Desktop\ESG\SBTiRetriever\data\dossier_ingestion_0\sbti_commitments\lvmh\2024\candidates\candidate_043_score_95_0.pdf,C:\Users\hp\Desktop\ESG\SBTiRetriever\data\dossier_ingestion_0\sbti_commitments\lvmh\2024\candidates\candidate_043_manifest.json,7c81f409f095956491c8d20ff6c507b3b348c748ba683e19e9016cf9f982900e,1.4126,sbti_commitment_candidate,high_score_candidate,43,2026-05-09T20:42:17+00:00,C:\Users\hp\Desktop\ESG\SBTiRetriever\data\dossier_ingestion_0\sbti_commitments\lvmh\2024\candidates\candidate_043_manifest.json
9b31c7b16f860deaca043484,SBTiRetriever,sbti_commitment,LVMH,lvmh,2024,https://sciencebasedtargets.org/resources/files/Japanese_BVCM-Above-and-Beyond-Report-Executive-Summary.pdf,[Japanese translation] Executive Summary - Above and Beyond Report,PDF extrait depuis une page HTML. Page source : https://sciencebasedtargets.org/resources. Titre page : Resources - Science Based Targets Initiative. Texte du lien : [Japanese translation] Executive Summary - Above and Beyond Report.,html_pdf_resolver,95.0,auto_download,"[""mots-clés forts SBTi : ['science based targets', 'science-based targets', 'science based targets initiative']"", ""mots-clés secondaires SBTi : ['sciencebasedtargets.org']"", ""plateforme SBTi officielle : sciencebasedtargets.org"", ""URL PDF directe"", ""classe documentaire : sbti_commitment""]",[],C:\Users\hp\Desktop\ESG\SBTiRetriever\data\dossier_ingestion_0\sbti_commitments\lvmh\2024\candidates\candidate_044_score_95_0.pdf,C:\Users\hp\Desktop\ESG\SBTiRetriever\data\dossier_ingestion_0\sbti_commitments\lvmh\2024\candidates\candidate_044_manifest.json,3f5be5a2ac3a8e2ff3b9e5f6a9a36791dc483072d9423b645735ec9e5fc0817d,4.8989,sbti_commitment_candidate,high_score_candidate,44,2026-05-09T20:42:19+00:00,C:\Users\hp\Desktop\ESG\SBTiRetriever\data\dossier_ingestion_0\sbti_commitments\lvmh\2024\candidates\candidate_044_manifest.json
64b501217a954b8e8b181ea1,SBTiRetriever,sbti_commitment,LVMH,lvmh,2024,https://sciencebasedtargets.org/resources/files/Portuguese_BVCM-Above-and-Beyond-Report-Executive-Summary.pdf,[Portuguese translation] Executive Summary - Above and Beyond Report,PDF extrait depuis une page HTML. Page source : https://sciencebasedtargets.org/resources. Titre page : Resources - Science Based Targets Initiative. Texte du lien : [Portuguese translation] Executive Summary - Above and Beyond Report.,html_pdf_resolver,95.0,auto_download,"[""mots-clés forts SBTi : ['science based targets', 'science-based targets', 'science based targets initiative']"", ""mots-clés secondaires SBTi : ['sciencebasedtargets.org']"", ""plateforme SBTi officielle : sciencebasedtargets.org"", ""URL PDF directe"", ""classe documentaire : sbti_commitment""]",[],C:\Users\hp\Desktop\ESG\SBTiRetriever\data\dossier_ingestion_0\sbti_commitments\lvmh\2024\candidates\candidate_045_score_95_0.pdf,C:\Users\hp\Desktop\ESG\SBTiRetriever\data\dossier_ingestion_0\sbti_commitments\lvmh\2024\candidates\candidate_045_manifest.json,8a844c017d076a72de12dd969533dd5a5331eff1ca98ffad8b439711c578b540,1.4099,sbti_commitment_candidate,high_score_candidate,45,2026-05-09T20:42:20+00:00,C:\Users\hp\Desktop\ESG\SBTiRetriever\data\dossier_ingestion_0\sbti_commitments\lvmh\2024\candidates\candidate_045_manifest.json
5b40c3f2f9176f5a4422e5cd,SBTiRetriever,sbti_commitment,LVMH,lvmh,2024,https://sciencebasedtargets.org/resources/files/Spanish_BVCM-Above-and-Beyond-Report-Executive-Summary.pdf,[Spanish translation] Executive Summary - Above and Beyond Report,PDF extrait depuis une page HTML. Page source : https://sciencebasedtargets.org/resources. Titre page : Resources - Science Based Targets Initiative. Texte du lien : [Spanish translation] Executive Summary - Above and Beyond Report.,html_pdf_resolver,95.0,auto_download,"[""mots-clés forts SBTi : ['science based targets', 'science-based targets', 'science based targets initiative']"", ""mots-clés secondaires SBTi : ['sciencebasedtargets.org']"", ""plateforme SBTi officielle : sciencebasedtargets.org"", ""URL PDF directe"", ""classe documentaire : sbti_commitment""]",[],C:\Users\hp\Desktop\ESG\SBTiRetriever\data\dossier_ingestion_0\sbti_commitments\lvmh\2024\candidates\candidate_046_score_95_0.pdf,C:\Users\hp\Desktop\ESG\SBTiRetriever\data\dossier_ingestion_0\sbti_commitments\lvmh\2024\candidates\candidate_046_manifest.json,b2fb92c196a275d9eb8769a897b9b574d178856c13818c57301c3abc33ca9f08,1.4085,sbti_commitment_candidate,high_score_candidate,46,2026-05-09T20:42:22+00:00,C:\Users\hp\Desktop\ESG\SBTiRetriever\data\dossier_ingestion_0\sbti_commitments\lvmh\2024\candidates\candidate_046_manifest.json
207898190074fbd6de2bb5ef,SBTiRetriever,sbti_commitment,LVMH,lvmh,2024,https://www.wkcgroup.com/wp-content/uploads/2023/02/Science-Based-Targets-Initiative-SBTi-Net-Zero-Standard.pdf,SBTI CORPORATE,"Sbti corporate net-zero standard. Version 1.0.The SBTi’s Corporate Net-Zero Standard (also referred to as the Net-Zero Standard) provides guidance, criteria, and recommendations to support corporates in setting net-zero targets through the SBTi.",ddgs,80.0,auto_download,"[""mots-clés forts SBTi : ['science based targets', 'science-based targets', 'sbti']"", ""année trouvée : 2024"", ""URL PDF directe"", ""nom de fichier SBTi : ['sbti', 'science-based-targets']"", ""classe documentaire : sbti_commitment""]",[],C:\Users\hp\Desktop\ESG\SBTiRetriever\data\dossier_ingestion_0\sbti_commitments\lvmh\2024\candidates\candidate_047_score_80_0.pdf,C:\Users\hp\Desktop\ESG\SBTiRetriever\data\dossier_ingestion_0\sbti_commitments\lvmh\2024\candidates\candidate_047_manifest.json,be00dec2028e6e6f85973a289e9e5621e6543eb26d9aff578c6553ee46ce5fa7,1.7128,sbti_commitment_candidate,high_score_candidate,47,2026-05-09T20:42:23+00:00,C:\Users\hp\Desktop\ESG\SBTiRetriever\data\dossier_ingestion_0\sbti_commitments\lvmh\2024\candidates\candidate_047_manifest.json
55d26ca100526fbdee2e439d,SBTiRetriever,sbti_commitment,Schneider Electric,schneider-electric,2024,https://resource.indegene.com/indegene/pdf/policies/sbti-commitment-letter.pdf,SBT-Commitment-Letter_Jul_13_2023.pdf,"SBTi COMMITMENT LETTER. Version 1.2. April 2023.online, submitting your commitment letter to commitments@sciencebasedtargets.org, and passing as. well as on our partner websites at We Mean Business.",ddgs,100.0,auto_download,"[""mots-clés forts SBTi : ['sbti', 'sbti commitment', 'sbti commitment letter']"", ""mots-clés secondaires SBTi : ['sciencebasedtargets.org']"", ""année trouvée : 2024"", ""URL PDF directe"", ""nom de fichier SBTi : ['sbti', 'sbti-commitment']"", ""classe documentaire : sbti_commitment""]",[],C:\Users\hp\Desktop\ESG\SBTiRetriever\data\dossier_ingestion_0\sbti_commitments\schneider-electric\2024\candidates\candidate_001_score_100_0.pdf,C:\Users\hp\Desktop\ESG\SBTiRetriever\data\dossier_ingestion_0\sbti_commitments\schneider-electric\2024\candidates\candidate_001_manifest.json,4020c6f831bf1ea8f07305115a1554044684bfa027ed2521e1a5a6e59c9bbb4e,0.6298,sbti_commitment_candidate,high_score_candidate,1,2026-05-09T20:44:04+00:00,C:\Users\hp\Desktop\ESG\SBTiRetriever\data\dossier_ingestion_0\sbti_commitments\schneider-electric\2024\candidates\candidate_001_manifest.json
6d7ddc4e455be2b6287863f9,SBTiRetriever,sbti_commitment,Schneider Electric,schneider-electric,2024,https://files.sciencebasedtargets.org/production/files/SBT-Commitment-Letter.pdf,SBTi COMMITMENT,"SBTi Commitment Letter.This SBTi commitment letter can be signed by any organization representative, but the commitment application form requires the contact details of a managerial level point of contact in the organization.",ddgs,95.0,auto_download,"[""mots-clés forts SBTi : ['sbti', 'sbti commitment', 'sbti commitment letter']"", ""mots-clés secondaires SBTi : ['sciencebasedtargets.org']"", ""plateforme SBTi officielle : files.sciencebasedtargets.org"", ""URL PDF directe"", ""classe documentaire : sbti_commitment""]",[],C:\Users\hp\Desktop\ESG\SBTiRetriever\data\dossier_ingestion_0\sbti_commitments\schneider-electric\2024\candidates\candidate_002_score_95_0.pdf,C:\Users\hp\Desktop\ESG\SBTiRetriever\data\dossier_ingestion_0\sbti_commitments\schneider-electric\2024\candidates\candidate_002_manifest.json,60fc61d0c6771f724b54b76084d83a4900d2a068d1b88b3607fc5d387e4586eb,0.8929,sbti_commitment_candidate,high_score_candidate,2,2026-05-09T20:44:07+00:00,C:\Users\hp\Desktop\ESG\SBTiRetriever\data\dossier_ingestion_0\sbti_commitments\schneider-electric\2024\candidates\candidate_002_manifest.json
c6b0a47107298f70392f9d9a,SBTiRetriever,sbti_commitment,Schneider Electric,schneider-electric,2024,https://sciencebasedtargets.org/resources/files/SBTi-Criteria-Assessment-Indicators.pdf,SBTi Criteria Assessment Indicators,PDF extrait depuis une page HTML. Page source : https://sciencebasedtargets.org/target-dashboard. Titre page : Target dashboard - Science Based Targets Initiative. Texte du lien : SBTi Criteria Assessment Indicators.,html_pdf_resolver,100.0,auto_download,"[""mots-clés forts SBTi : ['science based targets', 'science-based targets', 'sbti']"", ""mots-clés secondaires SBTi : ['sciencebasedtargets.org']"", ""plateforme SBTi officielle : sciencebasedtargets.org"", ""URL PDF directe"", ""nom de fichier SBTi : ['sbti']"", ""classe documentaire : sbti_commitment""]",[],C:\Users\hp\Desktop\ESG\SBTiRetriever\data\dossier_ingestion_0\sbti_commitments\schneider-electric\2024\candidates\candidate_003_score_100_0.pdf,C:\Users\hp\Desktop\ESG\SBTiRetriever\data\dossier_ingestion_0\sbti_commitments\schneider-electric\2024\candidates\candidate_003_manifest.json,af3e861ccd5b9bce07cc6e078a5d820c898fbf5cc680c6700edd1f0117245785,3.4952,sbti_commitment_candidate,high_score_candidate,3,2026-05-09T20:44:10+00:00,C:\Users\hp\Desktop\ESG\SBTiRetriever\data\dossier_ingestion_0\sbti_commitments\schneider-electric\2024\candidates\candidate_003_manifest.json
9887ce41722311e977594168,SBTiRetriever,sbti_commitment,Schneider Electric,schneider-electric,2024,https://files.sciencebasedtargets.org/production/files/Net-Zero-Standard.pdf,Corporate Net-Zero Standard,PDF extrait depuis une page HTML. Page source : https://sciencebasedtargets.org/target-dashboard. Titre page : Target dashboard - Science Based Targets Initiative. Texte du lien : Corporate Net-Zero Standard.,html_pdf_resolver,95.0,auto_download,"[""mots-clés forts SBTi : ['science based targets', 'science-based targets', 'science based targets initiative']"", ""mots-clés secondaires SBTi : ['sciencebasedtargets.org']"", ""plateforme SBTi officielle : files.sciencebasedtargets.org"", ""URL PDF directe"", ""classe documentaire : sbti_commitment""]",[],C:\Users\hp\Desktop\ESG\SBTiRetriever\data\dossier_ingestion_0\sbti_commitments\schneider-electric\2024\candidates\candidate_004_score_95_0.pdf,C:\Users\hp\Desktop\ESG\SBTiRetriever\data\dossier_ingestion_0\sbti_commitments\schneider-electric\2024\candidates\candidate_004_manifest.json,3edeea9fa73aebeca0a5ebad5016bc7935c4bb6ddcdf3153906e89a27ed2d92f,1.8336,sbti_commitment_candidate,high_score_candidate,4,2026-05-09T20:44:11+00:00,C:\Users\hp\Desktop\ESG\SBTiRetriever\data\dossier_ingestion_0\sbti_commitments\schneider-electric\2024\candidates\candidate_004_manifest.json
9f2ad4cfb332f911950d9421,SBTiRetriever,sbti_commitment,Schneider Electric,schneider-electric,2024,https://sciencebasedtargets.org/resources/files/SBTi-criteria.pdf,Corporate Near-Term Criteria,PDF extrait depuis une page HTML. Page source : https://sciencebasedtargets.org/net-zero. Titre page : The Corporate Net-Zero Standard - Science Based Targets Initiative. Texte du lien : Corporate Near-Term Criteria.,html_pdf_resolver,100.0,auto_download,"[""mots-clés forts SBTi : ['science based targets', 'science-based targets', 'sbti']"", ""mots-clés secondaires SBTi : ['sciencebasedtargets.org']"", ""plateforme SBTi officielle : sciencebasedtargets.org"", ""URL PDF directe"", ""nom de fichier SBTi : ['sbti']"", ""classe documentaire : sbti_commitment""]",[],C:\Users\hp\Desktop\ESG\SBTiRetriever\data\dossier_ingestion_0\sbti_commitments\schneider-electric\2024\candidates\candidate_005_score_100_0.pdf,C:\Users\hp\Desktop\ESG\SBTiRetriever\data\dossier_ingestion_0\sbti_commitments\schneider-electric\2024\candidates\candidate_005_manifest.json,5224b460bdd5a179676525f3fc6f8fb2a65dc21e86e03d7f672f1dd6b6624724,0.3944,sbti_commitment_candidate,high_score_candidate,5,2026-05-09T20:44:14+00:00,C:\Users\hp\Desktop\ESG\SBTiRetriever\data\dossier_ingestion_0\sbti_commitments\schneider-electric\2024\candidates\candidate_005_manifest.json
c067161872db731478beb924,SBTiRetriever,sbti_commitment,Schneider Electric,schneider-electric,2024,https://sciencebasedtargets.org/resources/files/SBTi-Net-Zero-Standard-Event-slides.pdf,slides,PDF extrait depuis une page HTML. Page source : https://sciencebasedtargets.org/net-zero. Titre page : The Corporate Net-Zero Standard - Science Based Targets Initiative. Texte du lien : slides.,html_pdf_resolver,100.0,auto_download,"[""mots-clés forts SBTi : ['science based targets', 'science-based targets', 'sbti']"", ""mots-clés secondaires SBTi : ['sciencebasedtargets.org']"", ""plateforme SBTi officielle : sciencebasedtargets.org"", ""URL PDF directe"", ""nom de fichier SBTi : ['sbti']"", ""classe documentaire : sbti_commitment""]",[],C:\Users\hp\Desktop\ESG\SBTiRetriever\data\dossier_ingestion_0\sbti_commitments\schneider-electric\2024\candidates\candidate_006_score_100_0.pdf,C:\Users\hp\Desktop\ESG\SBTiRetriever\data\dossier_ingestion_0\sbti_commitments\schneider-electric\2024\candidates\candidate_006_manifest.json,81a65cc24ce63f02d70b20e003567207d1dcbe36b4962a1a86f66917e2f606a4,39.0553,sbti_commitment_candidate,high_score_candidate,6,2026-05-09T20:44:18+00:00,C:\Users\hp\Desktop\ESG\SBTiRetriever\data\dossier_ingestion_0\sbti_commitments\schneider-electric\2024\candidates\candidate_006_manifest.json
061ed9a39a34453180a846cc,SBTiRetriever,sbti_commitment,Schneider Electric,schneider-electric,2024,https://sciencebasedtargets.org/resources/files/FAQs-for-SMEs.pdf,SME FAQ,PDF extrait depuis une page HTML. Page source : https://sciencebasedtargets.org/net-zero. Titre page : The Corporate Net-Zero Standard - Science Based Targets Initiative. Texte du lien : SME FAQ.,html_pdf_resolver,95.0,auto_download,"[""mots-clés forts SBTi : ['science based targets', 'science-based targets', 'science based targets initiative']"", ""mots-clés secondaires SBTi : ['sciencebasedtargets.org']"", ""plateforme SBTi officielle : sciencebasedtargets.org"", ""URL PDF directe"", ""classe documentaire : sbti_commitment""]",[],C:\Users\hp\Desktop\ESG\SBTiRetriever\data\dossier_ingestion_0\sbti_commitments\schneider-electric\2024\candidates\candidate_007_score_95_0.pdf,C:\Users\hp\Desktop\ESG\SBTiRetriever\data\dossier_ingestion_0\sbti_commitments\schneider-electric\2024\candidates\candidate_007_manifest.json,541c5fb3399b97e20779f0b9bee0e6c5ca3b0f2c07da7dcda3f848bf3699d7a4,0.7979,sbti_commitment_candidate,high_score_candidate,7,2026-05-09T20:44:19+00:00,C:\Users\hp\Desktop\ESG\SBTiRetriever\data\dossier_ingestion_0\sbti_commitments\schneider-electric\2024\candidates\candidate_007_manifest.json
1bfec73d1a85a6bfb684fe1f,SBTiRetriever,sbti_commitment,Schneider Electric,schneider-electric,2024,https://sciencebasedtargets.org/resources/files/Net-Zero-Standard.pdf,Corporate Net-Zero Standard,PDF extrait depuis une page HTML. Page source : https://sciencebasedtargets.org/net-zero. Titre page : The Corporate Net-Zero Standard - Science Based Targets Initiative. Texte du lien : Corporate Net-Zero Standard.,html_pdf_resolver,95.0,auto_download,"[""mots-clés forts SBTi : ['science based targets', 'science-based targets', 'science based targets initiative']"", ""mots-clés secondaires SBTi : ['sciencebasedtargets.org']"", ""plateforme SBTi officielle : sciencebasedtargets.org"", ""URL PDF directe"", ""classe documentaire : sbti_commitment""]",[],C:\Users\hp\Desktop\ESG\SBTiRetriever\data\dossier_ingestion_0\sbti_commitments\schneider-electric\2024\candidates\candidate_008_score_95_0.pdf,C:\Users\hp\Desktop\ESG\SBTiRetriever\data\dossier_ingestion_0\sbti_commitments\schneider-electric\2024\candidates\candidate_008_manifest.json,3edeea9fa73aebeca0a5ebad5016bc7935c4bb6ddcdf3153906e89a27ed2d92f,1.8336,sbti_commitment_candidate,high_score_candidate,8,2026-05-09T20:44:20+00:00,C:\Users\hp\Desktop\ESG\SBTiRetriever\data\dossier_ingestion_0\sbti_commitments\schneider-electric\2024\candidates\candidate_008_manifest.json
a53f9e23984fe377e6315df2,SBTiRetriever,sbti_commitment,Schneider Electric,schneider-electric,2024,https://sciencebasedtargets.org/resources/files/Net-Zero-Standard-Criteria.pdf,Corporate Net-Zero Standard Criteria,PDF extrait depuis une page HTML. Page source : https://sciencebasedtargets.org/net-zero. Titre page : The Corporate Net-Zero Standard - Science Based Targets Initiative. Texte du lien : Corporate Net-Zero Standard Criteria.,html_pdf_resolver,95.0,auto_download,"[""mots-clés forts SBTi : ['science based targets', 'science-based targets', 'science based targets initiative']"", ""mots-clés secondaires SBTi : ['sciencebasedtargets.org']"", ""plateforme SBTi officielle : sciencebasedtargets.org"", ""URL PDF directe"", ""classe documentaire : sbti_commitment""]",[],C:\Users\hp\Desktop\ESG\SBTiRetriever\data\dossier_ingestion_0\sbti_commitments\schneider-electric\2024\candidates\candidate_009_score_95_0.pdf,C:\Users\hp\Desktop\ESG\SBTiRetriever\data\dossier_ingestion_0\sbti_commitments\schneider-electric\2024\candidates\candidate_009_manifest.json,a809cbd84ea01e4ab02cad9e4fbf65c1fe1420b9157d072948a2a5ca313c54e9,0.3774,sbti_commitment_candidate,high_score_candidate,9,2026-05-09T20:44:22+00:00,C:\Users\hp\Desktop\ESG\SBTiRetriever\data\dossier_ingestion_0\sbti_commitments\schneider-electric\2024\candidates\candidate_009_manifest.json
51374993f5fd02c838ba27cc,SBTiRetriever,sbti_commitment,Schneider Electric,schneider-electric,2024,https://sciencebasedtargets.org/resources/files/Net-Zero-Standard-Criteria-jp.pdf,also available in Japanese,PDF extrait depuis une page HTML. Page source : https://sciencebasedtargets.org/net-zero. Titre page : The Corporate Net-Zero Standard - Science Based Targets Initiative. Texte du lien : also available in Japanese.,html_pdf_resolver,95.0,auto_download,"[""mots-clés forts SBTi : ['science based targets', 'science-based targets', 'science based targets initiative']"", ""mots-clés secondaires SBTi : ['sciencebasedtargets.org']"", ""plateforme SBTi officielle : sciencebasedtargets.org"", ""URL PDF directe"", ""classe documentaire : sbti_commitment""]",[],C:\Users\hp\Desktop\ESG\SBTiRetriever\data\dossier_ingestion_0\sbti_commitments\schneider-electric\2024\candidates\candidate_010_score_95_0.pdf,C:\Users\hp\Desktop\ESG\SBTiRetriever\data\dossier_ingestion_0\sbti_commitments\schneider-electric\2024\candidates\candidate_010_manifest.json,87b6b16a52c48e3f3148f3c47f67776984ee50e1eec10395663ff620381ac108,0.6487,sbti_commitment_candidate,high_score_candidate,10,2026-05-09T20:44:23+00:00,C:\Users\hp\Desktop\ESG\SBTiRetriever\data\dossier_ingestion_0\sbti_commitments\schneider-electric\2024\candidates\candidate_010_manifest.json
e61260f399e34448d447a326,SBTiRetriever,sbti_commitment,Schneider Electric,schneider-electric,2024,https://files.sciencebasedtargets.org/production/files/CNZS-V1.3.1-Method-Appendix.pdf,Corporate Net-Zero Standard V1.3.1 Method Appendix,PDF extrait depuis une page HTML. Page source : https://sciencebasedtargets.org/net-zero. Titre page : The Corporate Net-Zero Standard - Science Based Targets Initiative. Texte du lien : Corporate Net-Zero Standard V1.3.1 Method Appendix.,html_pdf_resolver,95.0,auto_download,"[""mots-clés forts SBTi : ['science based targets', 'science-based targets', 'science based targets initiative']"", ""mots-clés secondaires SBTi : ['sciencebasedtargets.org']"", ""plateforme SBTi officielle : files.sciencebasedtargets.org"", ""URL PDF directe"", ""classe documentaire : sbti_commitment""]",[],C:\Users\hp\Desktop\ESG\SBTiRetriever\data\dossier_ingestion_0\sbti_commitments\schneider-electric\2024\candidates\candidate_011_score_95_0.pdf,C:\Users\hp\Desktop\ESG\SBTiRetriever\data\dossier_ingestion_0\sbti_commitments\schneider-electric\2024\candidates\candidate_011_manifest.json,8b5dda203d109ab2d207db2deedda355a58e2ecc10a99d0401f9212346916513,0.5188,sbti_commitment_candidate,high_score_candidate,11,2026-05-09T20:44:24+00:00,C:\Users\hp\Desktop\ESG\SBTiRetriever\data\dossier_ingestion_0\sbti_commitments\schneider-electric\2024\candidates\candidate_011_manifest.json
7bc2bc18254cc429f8df08f0,SBTiRetriever,sbti_commitment,Schneider Electric,schneider-electric,2024,https://sciencebasedtargets.org/resources/files/Getting-Started-Guide.pdf,Getting Started Guide,PDF extrait depuis une page HTML. Page source : https://sciencebasedtargets.org/net-zero. Titre page : The Corporate Net-Zero Standard - Science Based Targets Initiative. Texte du lien : Getting Started Guide.,html_pdf_resolver,95.0,auto_download,"[""mots-clés forts SBTi : ['science based targets', 'science-based targets', 'science based targets initiative']"", ""mots-clés secondaires SBTi : ['sciencebasedtargets.org']"", ""plateforme SBTi officielle : sciencebasedtargets.org"", ""URL PDF directe"", ""classe documentaire : sbti_commitment""]",[],C:\Users\hp\Desktop\ESG\SBTiRetriever\data\dossier_ingestion_0\sbti_commitments\schneider-electric\2024\candidates\candidate_012_score_95_0.pdf,C:\Users\hp\Desktop\ESG\SBTiRetriever\data\dossier_ingestion_0\sbti_commitments\schneider-electric\2024\candidates\candidate_012_manifest.json,ce91d3720450444782b07d4b490341b341e03119fa2229a064ca470181a94a55,0.8788,sbti_commitment_candidate,high_score_candidate,12,2026-05-09T20:44:25+00:00,C:\Users\hp\Desktop\ESG\SBTiRetriever\data\dossier_ingestion_0\sbti_commitments\schneider-electric\2024\candidates\candidate_012_manifest.json
106b2a4d7f3a408c8f42b55a,SBTiRetriever,sbti_commitment,Schneider Electric,schneider-electric,2024,https://sciencebasedtargets.org/resources/files/Above-and-Beyond-Report-on-BVCM.pdf,Above and Beyond: An SBTi report on the design and implementation of beyond value chain mitigation (BVCM),PDF extrait depuis une page HTML. Page source : https://sciencebasedtargets.org/net-zero. Titre page : The Corporate Net-Zero Standard - Science Based Targets Initiative. Texte du lien : Above and Beyond: An SBTi report on the design and implementation of beyond value chain mitigation (BVCM).,html_pdf_resolver,95.0,auto_download,"[""mots-clés forts SBTi : ['science based targets', 'science-based targets', 'sbti']"", ""mots-clés secondaires SBTi : ['sciencebasedtargets.org']"", ""plateforme SBTi officielle : sciencebasedtargets.org"", ""URL PDF directe"", ""classe documentaire : sbti_commitment""]",[],C:\Users\hp\Desktop\ESG\SBTiRetriever\data\dossier_ingestion_0\sbti_commitments\schneider-electric\2024\candidates\candidate_013_score_95_0.pdf,C:\Users\hp\Desktop\ESG\SBTiRetriever\data\dossier_ingestion_0\sbti_commitments\schneider-electric\2024\candidates\candidate_013_manifest.json,b322846a21ab10cee9a7056b598f07afebb87397810f878191c4b7f1621d626b,8.8254,sbti_commitment_candidate,high_score_candidate,13,2026-05-09T20:44:28+00:00,C:\Users\hp\Desktop\ESG\SBTiRetriever\data\dossier_ingestion_0\sbti_commitments\schneider-electric\2024\candidates\candidate_013_manifest.json
4467aaf5a08f8b9b00460759,SBTiRetriever,sbti_commitment,Schneider Electric,schneider-electric,2024,https://sciencebasedtargets.org/resources/files/Raising-the-Bar-Report-on-BVCM.pdf,Raising the Bar: An SBTi report on accelerating corporate adoption of BVCM,PDF extrait depuis une page HTML. Page source : https://sciencebasedtargets.org/net-zero. Titre page : The Corporate Net-Zero Standard - Science Based Targets Initiative. Texte du lien : Raising the Bar: An SBTi report on accelerating corporate adoption of BVCM.,html_pdf_resolver,95.0,auto_download,"[""mots-clés forts SBTi : ['science based targets', 'science-based targets', 'sbti']"", ""mots-clés secondaires SBTi : ['sciencebasedtargets.org']"", ""plateforme SBTi officielle : sciencebasedtargets.org"", ""URL PDF directe"", ""classe documentaire : sbti_commitment""]",[],C:\Users\hp\Desktop\ESG\SBTiRetriever\data\dossier_ingestion_0\sbti_commitments\schneider-electric\2024\candidates\candidate_014_score_95_0.pdf,C:\Users\hp\Desktop\ESG\SBTiRetriever\data\dossier_ingestion_0\sbti_commitments\schneider-electric\2024\candidates\candidate_014_manifest.json,d7a00ea0de641481d93704cc0863f9a184c523ac7aab53459fd91696745050b6,4.6932,sbti_commitment_candidate,high_score_candidate,14,2026-05-09T20:44:30+00:00,C:\Users\hp\Desktop\ESG\SBTiRetriever\data\dossier_ingestion_0\sbti_commitments\schneider-electric\2024\candidates\candidate_014_manifest.json
0dbe333ae520bd22d873138d,SBTiRetriever,sbti_commitment,Schneider Electric,schneider-electric,2024,https://sciencebasedtargets.org/resources/files/Pathway-to-Net-Zero.pdf,Pathways to Net-Zero,PDF extrait depuis une page HTML. Page source : https://sciencebasedtargets.org/net-zero. Titre page : The Corporate Net-Zero Standard - Science Based Targets Initiative. Texte du lien : Pathways to Net-Zero.,html_pdf_resolver,95.0,auto_download,"[""mots-clés forts SBTi : ['science based targets', 'science-based targets', 'science based targets initiative']"", ""mots-clés secondaires SBTi : ['sciencebasedtargets.org']"", ""plateforme SBTi officielle : sciencebasedtargets.org"", ""URL PDF directe"", ""classe documentaire : sbti_commitment""]",[],C:\Users\hp\Desktop\ESG\SBTiRetriever\data\dossier_ingestion_0\sbti_commitments\schneider-electric\2024\candidates\candidate_015_score_95_0.pdf,C:\Users\hp\Desktop\ESG\SBTiRetriever\data\dossier_ingestion_0\sbti_commitments\schneider-electric\2024\candidates\candidate_015_manifest.json,9f36260d666604e27c0193792f964971a1315bcc570554a9450737fe9ebd57f2,0.5251,sbti_commitment_candidate,high_score_candidate,15,2026-05-09T20:44:31+00:00,C:\Users\hp\Desktop\ESG\SBTiRetriever\data\dossier_ingestion_0\sbti_commitments\schneider-electric\2024\candidates\candidate_015_manifest.json
b7223d65353b2d5a5555835e,SBTiRetriever,sbti_commitment,Schneider Electric,schneider-electric,2024,https://media.xdconnects.com/Downloads/ESG/SBTi-Progress-Report-2024.pdf,SBTi Progress Report 2024,"In September 2023, we submitted our targets to SBTi for validation and in May 2024, our targets were approved for scope 1, 2 and 3 near-term targets for 2030, absolute long-term targets and a Net-zero target for 2050. All our targets are within the 1,5C limit to global warming.",ddgs,80.0,auto_download,"[""mots-clés forts SBTi : ['sbti']"", ""année trouvée : 2024"", ""URL PDF directe"", ""nom de fichier SBTi : ['sbti']"", ""classe documentaire : sbti_commitment""]",[],C:\Users\hp\Desktop\ESG\SBTiRetriever\data\dossier_ingestion_0\sbti_commitments\schneider-electric\2024\candidates\candidate_016_score_80_0.pdf,C:\Users\hp\Desktop\ESG\SBTiRetriever\data\dossier_ingestion_0\sbti_commitments\schneider-electric\2024\candidates\candidate_016_manifest.json,6f802135ddac335a2bc0565b5afb5ed1e03953690fed909a21fcbe27cb66ea21,0.6501,sbti_commitment_candidate,high_score_candidate,16,2026-05-09T20:44:33+00:00,C:\Users\hp\Desktop\ESG\SBTiRetriever\data\dossier_ingestion_0\sbti_commitments\schneider-electric\2024\candidates\candidate_016_manifest.json
da33213218372757fecddf57,SBTiRetriever,sbti_commitment,TotalEnergies,totalenergies,2024,https://files.sciencebasedtargets.org/production/files/SBT-Commitment-Letter.pdf,SBTi COMMITMENT,Step 1. Register online and submit the commitment letter. Signing this commitment letter indicates that your organization will work to set a science-based emission reduction target aligned with the SBTi’s target-setting criteria.,ddgs,95.0,auto_download,"[""mots-clés forts SBTi : ['sbti', 'sbti commitment']"", ""mots-clés secondaires SBTi : ['sciencebasedtargets.org']"", ""plateforme SBTi officielle : files.sciencebasedtargets.org"", ""URL PDF directe"", ""classe documentaire : sbti_commitment""]",[],C:\Users\hp\Desktop\ESG\SBTiRetriever\data\dossier_ingestion_0\sbti_commitments\totalenergies\2024\candidates\candidate_001_score_95_0.pdf,C:\Users\hp\Desktop\ESG\SBTiRetriever\data\dossier_ingestion_0\sbti_commitments\totalenergies\2024\candidates\candidate_001_manifest.json,60fc61d0c6771f724b54b76084d83a4900d2a068d1b88b3607fc5d387e4586eb,0.8929,sbti_commitment_candidate,high_score_candidate,1,2026-05-09T20:43:06+00:00,C:\Users\hp\Desktop\ESG\SBTiRetriever\data\dossier_ingestion_0\sbti_commitments\totalenergies\2024\candidates\candidate_001_manifest.json
e070fae5deb28d6531d6a783,SBTiRetriever,sbti_commitment,TotalEnergies,totalenergies,2024,https://sciencebasedtargets.org/resources/files/SBTi-criteria.pdf,Corporate Near-Term Criteria,PDF extrait depuis une page HTML. Page source : https://sciencebasedtargets.org/net-zero. Titre page : The Corporate Net-Zero Standard - Science Based Targets Initiative. Texte du lien : Corporate Near-Term Criteria.,html_pdf_resolver,100.0,auto_download,"[""mots-clés forts SBTi : ['science based targets', 'science-based targets', 'sbti']"", ""mots-clés secondaires SBTi : ['sciencebasedtargets.org']"", ""plateforme SBTi officielle : sciencebasedtargets.org"", ""URL PDF directe"", ""nom de fichier SBTi : ['sbti']"", ""classe documentaire : sbti_commitment""]",[],C:\Users\hp\Desktop\ESG\SBTiRetriever\data\dossier_ingestion_0\sbti_commitments\totalenergies\2024\candidates\candidate_002_score_100_0.pdf,C:\Users\hp\Desktop\ESG\SBTiRetriever\data\dossier_ingestion_0\sbti_commitments\totalenergies\2024\candidates\candidate_002_manifest.json,5224b460bdd5a179676525f3fc6f8fb2a65dc21e86e03d7f672f1dd6b6624724,0.3944,sbti_commitment_candidate,high_score_candidate,2,2026-05-09T20:43:08+00:00,C:\Users\hp\Desktop\ESG\SBTiRetriever\data\dossier_ingestion_0\sbti_commitments\totalenergies\2024\candidates\candidate_002_manifest.json
0b966f2368fa41cd50854535,SBTiRetriever,sbti_commitment,TotalEnergies,totalenergies,2024,https://sciencebasedtargets.org/resources/files/SBTi-Net-Zero-Standard-Event-slides.pdf,slides,PDF extrait depuis une page HTML. Page source : https://sciencebasedtargets.org/net-zero. Titre page : The Corporate Net-Zero Standard - Science Based Targets Initiative. Texte du lien : slides.,html_pdf_resolver,100.0,auto_download,"[""mots-clés forts SBTi : ['science based targets', 'science-based targets', 'sbti']"", ""mots-clés secondaires SBTi : ['sciencebasedtargets.org']"", ""plateforme SBTi officielle : sciencebasedtargets.org"", ""URL PDF directe"", ""nom de fichier SBTi : ['sbti']"", ""classe documentaire : sbti_commitment""]",[],C:\Users\hp\Desktop\ESG\SBTiRetriever\data\dossier_ingestion_0\sbti_commitments\totalenergies\2024\candidates\candidate_003_score_100_0.pdf,C:\Users\hp\Desktop\ESG\SBTiRetriever\data\dossier_ingestion_0\sbti_commitments\totalenergies\2024\candidates\candidate_003_manifest.json,81a65cc24ce63f02d70b20e003567207d1dcbe36b4962a1a86f66917e2f606a4,39.0553,sbti_commitment_candidate,high_score_candidate,3,2026-05-09T20:43:22+00:00,C:\Users\hp\Desktop\ESG\SBTiRetriever\data\dossier_ingestion_0\sbti_commitments\totalenergies\2024\candidates\candidate_003_manifest.json
afad2247b2ff8f23353bef6b,SBTiRetriever,sbti_commitment,TotalEnergies,totalenergies,2024,https://sciencebasedtargets.org/resources/files/FAQs-for-SMEs.pdf,SME FAQ,PDF extrait depuis une page HTML. Page source : https://sciencebasedtargets.org/net-zero. Titre page : The Corporate Net-Zero Standard - Science Based Targets Initiative. Texte du lien : SME FAQ.,html_pdf_resolver,95.0,auto_download,"[""mots-clés forts SBTi : ['science based targets', 'science-based targets', 'science based targets initiative']"", ""mots-clés secondaires SBTi : ['sciencebasedtargets.org']"", ""plateforme SBTi officielle : sciencebasedtargets.org"", ""URL PDF directe"", ""classe documentaire : sbti_commitment""]",[],C:\Users\hp\Desktop\ESG\SBTiRetriever\data\dossier_ingestion_0\sbti_commitments\totalenergies\2024\candidates\candidate_004_score_95_0.pdf,C:\Users\hp\Desktop\ESG\SBTiRetriever\data\dossier_ingestion_0\sbti_commitments\totalenergies\2024\candidates\candidate_004_manifest.json,541c5fb3399b97e20779f0b9bee0e6c5ca3b0f2c07da7dcda3f848bf3699d7a4,0.7979,sbti_commitment_candidate,high_score_candidate,4,2026-05-09T20:43:23+00:00,C:\Users\hp\Desktop\ESG\SBTiRetriever\data\dossier_ingestion_0\sbti_commitments\totalenergies\2024\candidates\candidate_004_manifest.json
b68ac07cd33f651af49d23e3,SBTiRetriever,sbti_commitment,TotalEnergies,totalenergies,2024,https://sciencebasedtargets.org/resources/files/Net-Zero-Standard.pdf,Corporate Net-Zero Standard,PDF extrait depuis une page HTML. Page source : https://sciencebasedtargets.org/net-zero. Titre page : The Corporate Net-Zero Standard - Science Based Targets Initiative. Texte du lien : Corporate Net-Zero Standard.,html_pdf_resolver,95.0,auto_download,"[""mots-clés forts SBTi : ['science based targets', 'science-based targets', 'science based targets initiative']"", ""mots-clés secondaires SBTi : ['sciencebasedtargets.org']"", ""plateforme SBTi officielle : sciencebasedtargets.org"", ""URL PDF directe"", ""classe documentaire : sbti_commitment""]",[],C:\Users\hp\Desktop\ESG\SBTiRetriever\data\dossier_ingestion_0\sbti_commitments\totalenergies\2024\candidates\candidate_005_score_95_0.pdf,C:\Users\hp\Desktop\ESG\SBTiRetriever\data\dossier_ingestion_0\sbti_commitments\totalenergies\2024\candidates\candidate_005_manifest.json,3edeea9fa73aebeca0a5ebad5016bc7935c4bb6ddcdf3153906e89a27ed2d92f,1.8336,sbti_commitment_candidate,high_score_candidate,5,2026-05-09T20:43:24+00:00,C:\Users\hp\Desktop\ESG\SBTiRetriever\data\dossier_ingestion_0\sbti_commitments\totalenergies\2024\candidates\candidate_005_manifest.json
feb3ff8d6435f60369bea229,SBTiRetriever,sbti_commitment,TotalEnergies,totalenergies,2024,https://sciencebasedtargets.org/resources/files/Net-Zero-Standard-Criteria.pdf,Corporate Net-Zero Standard Criteria,PDF extrait depuis une page HTML. Page source : https://sciencebasedtargets.org/net-zero. Titre page : The Corporate Net-Zero Standard - Science Based Targets Initiative. Texte du lien : Corporate Net-Zero Standard Criteria.,html_pdf_resolver,95.0,auto_download,"[""mots-clés forts SBTi : ['science based targets', 'science-based targets', 'science based targets initiative']"", ""mots-clés secondaires SBTi : ['sciencebasedtargets.org']"", ""plateforme SBTi officielle : sciencebasedtargets.org"", ""URL PDF directe"", ""classe documentaire : sbti_commitment""]",[],C:\Users\hp\Desktop\ESG\SBTiRetriever\data\dossier_ingestion_0\sbti_commitments\totalenergies\2024\candidates\candidate_006_score_95_0.pdf,C:\Users\hp\Desktop\ESG\SBTiRetriever\data\dossier_ingestion_0\sbti_commitments\totalenergies\2024\candidates\candidate_006_manifest.json,a809cbd84ea01e4ab02cad9e4fbf65c1fe1420b9157d072948a2a5ca313c54e9,0.3774,sbti_commitment_candidate,high_score_candidate,6,2026-05-09T20:43:25+00:00,C:\Users\hp\Desktop\ESG\SBTiRetriever\data\dossier_ingestion_0\sbti_commitments\totalenergies\2024\candidates\candidate_006_manifest.json
c503a575ab8a40be993acd45,SBTiRetriever,sbti_commitment,TotalEnergies,totalenergies,2024,https://sciencebasedtargets.org/resources/files/Net-Zero-Standard-Criteria-jp.pdf,also available in Japanese,PDF extrait depuis une page HTML. Page source : https://sciencebasedtargets.org/net-zero. Titre page : The Corporate Net-Zero Standard - Science Based Targets Initiative. Texte du lien : also available in Japanese.,html_pdf_resolver,95.0,auto_download,"[""mots-clés forts SBTi : ['science based targets', 'science-based targets', 'science based targets initiative']"", ""mots-clés secondaires SBTi : ['sciencebasedtargets.org']"", ""plateforme SBTi officielle : sciencebasedtargets.org"", ""URL PDF directe"", ""classe documentaire : sbti_commitment""]",[],C:\Users\hp\Desktop\ESG\SBTiRetriever\data\dossier_ingestion_0\sbti_commitments\totalenergies\2024\candidates\candidate_007_score_95_0.pdf,C:\Users\hp\Desktop\ESG\SBTiRetriever\data\dossier_ingestion_0\sbti_commitments\totalenergies\2024\candidates\candidate_007_manifest.json,87b6b16a52c48e3f3148f3c47f67776984ee50e1eec10395663ff620381ac108,0.6487,sbti_commitment_candidate,high_score_candidate,7,2026-05-09T20:43:26+00:00,C:\Users\hp\Desktop\ESG\SBTiRetriever\data\dossier_ingestion_0\sbti_commitments\totalenergies\2024\candidates\candidate_007_manifest.json
7970dc144c75da8550bed966,SBTiRetriever,sbti_commitment,TotalEnergies,totalenergies,2024,https://files.sciencebasedtargets.org/production/files/CNZS-V1.3.1-Method-Appendix.pdf,Corporate Net-Zero Standard V1.3.1 Method Appendix,PDF extrait depuis une page HTML. Page source : https://sciencebasedtargets.org/net-zero. Titre page : The Corporate Net-Zero Standard - Science Based Targets Initiative. Texte du lien : Corporate Net-Zero Standard V1.3.1 Method Appendix.,html_pdf_resolver,95.0,auto_download,"[""mots-clés forts SBTi : ['science based targets', 'science-based targets', 'science based targets initiative']"", ""mots-clés secondaires SBTi : ['sciencebasedtargets.org']"", ""plateforme SBTi officielle : files.sciencebasedtargets.org"", ""URL PDF directe"", ""classe documentaire : sbti_commitment""]",[],C:\Users\hp\Desktop\ESG\SBTiRetriever\data\dossier_ingestion_0\sbti_commitments\totalenergies\2024\candidates\candidate_008_score_95_0.pdf,C:\Users\hp\Desktop\ESG\SBTiRetriever\data\dossier_ingestion_0\sbti_commitments\totalenergies\2024\candidates\candidate_008_manifest.json,8b5dda203d109ab2d207db2deedda355a58e2ecc10a99d0401f9212346916513,0.5188,sbti_commitment_candidate,high_score_candidate,8,2026-05-09T20:43:26+00:00,C:\Users\hp\Desktop\ESG\SBTiRetriever\data\dossier_ingestion_0\sbti_commitments\totalenergies\2024\candidates\candidate_008_manifest.json
39ea398a86b9603bf805d2f9,SBTiRetriever,sbti_commitment,TotalEnergies,totalenergies,2024,https://sciencebasedtargets.org/resources/files/Getting-Started-Guide.pdf,Getting Started Guide,PDF extrait depuis une page HTML. Page source : https://sciencebasedtargets.org/net-zero. Titre page : The Corporate Net-Zero Standard - Science Based Targets Initiative. Texte du lien : Getting Started Guide.,html_pdf_resolver,95.0,auto_download,"[""mots-clés forts SBTi : ['science based targets', 'science-based targets', 'science based targets initiative']"", ""mots-clés secondaires SBTi : ['sciencebasedtargets.org']"", ""plateforme SBTi officielle : sciencebasedtargets.org"", ""URL PDF directe"", ""classe documentaire : sbti_commitment""]",[],C:\Users\hp\Desktop\ESG\SBTiRetriever\data\dossier_ingestion_0\sbti_commitments\totalenergies\2024\candidates\candidate_009_score_95_0.pdf,C:\Users\hp\Desktop\ESG\SBTiRetriever\data\dossier_ingestion_0\sbti_commitments\totalenergies\2024\candidates\candidate_009_manifest.json,ce91d3720450444782b07d4b490341b341e03119fa2229a064ca470181a94a55,0.8788,sbti_commitment_candidate,high_score_candidate,9,2026-05-09T20:43:27+00:00,C:\Users\hp\Desktop\ESG\SBTiRetriever\data\dossier_ingestion_0\sbti_commitments\totalenergies\2024\candidates\candidate_009_manifest.json
3a87eab1beb0c13c289efbe1,SBTiRetriever,sbti_commitment,TotalEnergies,totalenergies,2024,https://sciencebasedtargets.org/resources/files/Above-and-Beyond-Report-on-BVCM.pdf,Above and Beyond: An SBTi report on the design and implementation of beyond value chain mitigation (BVCM),PDF extrait depuis une page HTML. Page source : https://sciencebasedtargets.org/net-zero. Titre page : The Corporate Net-Zero Standard - Science Based Targets Initiative. Texte du lien : Above and Beyond: An SBTi report on the design and implementation of beyond value chain mitigation (BVCM).,html_pdf_resolver,95.0,auto_download,"[""mots-clés forts SBTi : ['science based targets', 'science-based targets', 'sbti']"", ""mots-clés secondaires SBTi : ['sciencebasedtargets.org']"", ""plateforme SBTi officielle : sciencebasedtargets.org"", ""URL PDF directe"", ""classe documentaire : sbti_commitment""]",[],C:\Users\hp\Desktop\ESG\SBTiRetriever\data\dossier_ingestion_0\sbti_commitments\totalenergies\2024\candidates\candidate_010_score_95_0.pdf,C:\Users\hp\Desktop\ESG\SBTiRetriever\data\dossier_ingestion_0\sbti_commitments\totalenergies\2024\candidates\candidate_010_manifest.json,b322846a21ab10cee9a7056b598f07afebb87397810f878191c4b7f1621d626b,8.8254,sbti_commitment_candidate,high_score_candidate,10,2026-05-09T20:43:28+00:00,C:\Users\hp\Desktop\ESG\SBTiRetriever\data\dossier_ingestion_0\sbti_commitments\totalenergies\2024\candidates\candidate_010_manifest.json
ec177f9400985a7d1449f804,SBTiRetriever,sbti_commitment,TotalEnergies,totalenergies,2024,https://sciencebasedtargets.org/resources/files/Raising-the-Bar-Report-on-BVCM.pdf,Raising the Bar: An SBTi report on accelerating corporate adoption of BVCM,PDF extrait depuis une page HTML. Page source : https://sciencebasedtargets.org/net-zero. Titre page : The Corporate Net-Zero Standard - Science Based Targets Initiative. Texte du lien : Raising the Bar: An SBTi report on accelerating corporate adoption of BVCM.,html_pdf_resolver,95.0,auto_download,"[""mots-clés forts SBTi : ['science based targets', 'science-based targets', 'sbti']"", ""mots-clés secondaires SBTi : ['sciencebasedtargets.org']"", ""plateforme SBTi officielle : sciencebasedtargets.org"", ""URL PDF directe"", ""classe documentaire : sbti_commitment""]",[],C:\Users\hp\Desktop\ESG\SBTiRetriever\data\dossier_ingestion_0\sbti_commitments\totalenergies\2024\candidates\candidate_011_score_95_0.pdf,C:\Users\hp\Desktop\ESG\SBTiRetriever\data\dossier_ingestion_0\sbti_commitments\totalenergies\2024\candidates\candidate_011_manifest.json,d7a00ea0de641481d93704cc0863f9a184c523ac7aab53459fd91696745050b6,4.6932,sbti_commitment_candidate,high_score_candidate,11,2026-05-09T20:43:30+00:00,C:\Users\hp\Desktop\ESG\SBTiRetriever\data\dossier_ingestion_0\sbti_commitments\totalenergies\2024\candidates\candidate_011_manifest.json
3c4a4f7cd5c1aeb5a4cc1e49,SBTiRetriever,sbti_commitment,TotalEnergies,totalenergies,2024,https://sciencebasedtargets.org/resources/files/Pathway-to-Net-Zero.pdf,Pathways to Net-Zero,PDF extrait depuis une page HTML. Page source : https://sciencebasedtargets.org/net-zero. Titre page : The Corporate Net-Zero Standard - Science Based Targets Initiative. Texte du lien : Pathways to Net-Zero.,html_pdf_resolver,95.0,auto_download,"[""mots-clés forts SBTi : ['science based targets', 'science-based targets', 'science based targets initiative']"", ""mots-clés secondaires SBTi : ['sciencebasedtargets.org']"", ""plateforme SBTi officielle : sciencebasedtargets.org"", ""URL PDF directe"", ""classe documentaire : sbti_commitment""]",[],C:\Users\hp\Desktop\ESG\SBTiRetriever\data\dossier_ingestion_0\sbti_commitments\totalenergies\2024\candidates\candidate_012_score_95_0.pdf,C:\Users\hp\Desktop\ESG\SBTiRetriever\data\dossier_ingestion_0\sbti_commitments\totalenergies\2024\candidates\candidate_012_manifest.json,9f36260d666604e27c0193792f964971a1315bcc570554a9450737fe9ebd57f2,0.5251,sbti_commitment_candidate,high_score_candidate,12,2026-05-09T20:43:31+00:00,C:\Users\hp\Desktop\ESG\SBTiRetriever\data\dossier_ingestion_0\sbti_commitments\totalenergies\2024\candidates\candidate_012_manifest.json
adc5a0e05e4c6707a7fbfd14,SBTiRetriever,sbti_commitment,TotalEnergies,totalenergies,2024,https://sciencebasedtargets.org/resources/files/SBTi-Criteria-Assessment-Indicators.pdf,SBTi Criteria Assessment Indicators,PDF extrait depuis une page HTML. Page source : https://sciencebasedtargets.org/sectors/steel. Titre page : Steel - Science Based Targets Initiative. Texte du lien : SBTi Criteria Assessment Indicators.,html_pdf_resolver,100.0,auto_download,"[""mots-clés forts SBTi : ['science based targets', 'science-based targets', 'sbti']"", ""mots-clés secondaires SBTi : ['sciencebasedtargets.org']"", ""plateforme SBTi officielle : sciencebasedtargets.org"", ""URL PDF directe"", ""nom de fichier SBTi : ['sbti']"", ""classe documentaire : sbti_commitment""]",[],C:\Users\hp\Desktop\ESG\SBTiRetriever\data\dossier_ingestion_0\sbti_commitments\totalenergies\2024\candidates\candidate_013_score_100_0.pdf,C:\Users\hp\Desktop\ESG\SBTiRetriever\data\dossier_ingestion_0\sbti_commitments\totalenergies\2024\candidates\candidate_013_manifest.json,af3e861ccd5b9bce07cc6e078a5d820c898fbf5cc680c6700edd1f0117245785,3.4952,sbti_commitment_candidate,high_score_candidate,13,2026-05-09T20:43:32+00:00,C:\Users\hp\Desktop\ESG\SBTiRetriever\data\dossier_ingestion_0\sbti_commitments\totalenergies\2024\candidates\candidate_013_manifest.json
13b04e02588ee1e5083116c4,SBTiRetriever,sbti_commitment,TotalEnergies,totalenergies,2024,https://sciencebasedtargets.org/resources/files/SBTi-Steel-Guidance-in-Brief.pdf,The Steel Guidance in Brief,PDF extrait depuis une page HTML. Page source : https://sciencebasedtargets.org/sectors/steel. Titre page : Steel - Science Based Targets Initiative. Texte du lien : The Steel Guidance in Brief.,html_pdf_resolver,100.0,auto_download,"[""mots-clés forts SBTi : ['science based targets', 'science-based targets', 'sbti']"", ""mots-clés secondaires SBTi : ['sciencebasedtargets.org']"", ""plateforme SBTi officielle : sciencebasedtargets.org"", ""URL PDF directe"", ""nom de fichier SBTi : ['sbti']"", ""classe documentaire : sbti_commitment""]",[],C:\Users\hp\Desktop\ESG\SBTiRetriever\data\dossier_ingestion_0\sbti_commitments\totalenergies\2024\candidates\candidate_014_score_100_0.pdf,C:\Users\hp\Desktop\ESG\SBTiRetriever\data\dossier_ingestion_0\sbti_commitments\totalenergies\2024\candidates\candidate_014_manifest.json,ad1e291ef60f417ed054d620ecf71ef1df20c388285b5b945e0eb4e6788da435,0.7934,sbti_commitment_candidate,high_score_candidate,14,2026-05-09T20:43:34+00:00,C:\Users\hp\Desktop\ESG\SBTiRetriever\data\dossier_ingestion_0\sbti_commitments\totalenergies\2024\candidates\candidate_014_manifest.json
1d083f526b52fe8c6128a76e,SBTiRetriever,sbti_commitment,TotalEnergies,totalenergies,2024,https://sciencebasedtargets.org/resources/files/Steel-Public-Consultation-Results.pdf,public consultation,PDF extrait depuis une page HTML. Page source : https://sciencebasedtargets.org/sectors/steel. Titre page : Steel - Science Based Targets Initiative. Texte du lien : public consultation.,html_pdf_resolver,95.0,auto_download,"[""mots-clés forts SBTi : ['science based targets', 'science-based targets', 'science based targets initiative']"", ""mots-clés secondaires SBTi : ['sciencebasedtargets.org']"", ""plateforme SBTi officielle : sciencebasedtargets.org"", ""URL PDF directe"", ""classe documentaire : sbti_commitment""]",[],C:\Users\hp\Desktop\ESG\SBTiRetriever\data\dossier_ingestion_0\sbti_commitments\totalenergies\2024\candidates\candidate_015_score_95_0.pdf,C:\Users\hp\Desktop\ESG\SBTiRetriever\data\dossier_ingestion_0\sbti_commitments\totalenergies\2024\candidates\candidate_015_manifest.json,b82f478e47be536cfb594ec0d2106f8c64554be91b9c8705ca390c6e88e9e599,8.815,sbti_commitment_candidate,high_score_candidate,15,2026-05-09T20:43:36+00:00,C:\Users\hp\Desktop\ESG\SBTiRetriever\data\dossier_ingestion_0\sbti_commitments\totalenergies\2024\candidates\candidate_015_manifest.json
fed04beb785ef8e458309f0b,VigilancePlanRetriever,vigilance_plan,Schneider Electric,schneider-electric,2024,https://www.SE.com/ww/fr/assets/342/document/466150/plan-de-vigilance-2023.pdf,Plan de vigilance 2023,Plan de vigilance 2023. 5. ème. édition. Mai 2024. Table des matières.3.1 Empreinte carbone de Schneider Electric 3.2 Chaîne de valeur et canaux d’accès au marché 3.3 Devoir de vigilance - scope.,ddgs,100.0,auto_download,"[""année trouvée : 2024"", ""mots-clés forts vigilance : ['plan de vigilance', 'devoir de vigilance']"", ""nom de l'entreprise détecté"", ""domaine officiel détecté : se.com"", ""URL PDF directe"", ""nom de fichier compatible vigilance : ['plandevigilance', 'vigilance']"", ""classe documentaire : standalone_vigilance_plan""]",[],C:\Users\hp\Desktop\ESG\VigilancePlanRetriever\data\dossier_ingestion_0\vigilance_plans\schneider-electric\2024\candidates\candidate_001_score_100_0.pdf,C:\Users\hp\Desktop\ESG\VigilancePlanRetriever\data\dossier_ingestion_0\vigilance_plans\schneider-electric\2024\candidates\candidate_001_manifest.json,db86f699776ee068551a1ee263dafdc1943a869b983fa7e8120238504cdb8a02,3.3289,vigilance_plan_candidate,high_score_candidate,1,2026-05-09T20:28:18+00:00,C:\Users\hp\Desktop\ESG\VigilancePlanRetriever\data\dossier_ingestion_0\vigilance_plans\schneider-electric\2024\candidates\candidate_001_manifest.json
01ded9182203906c0dee77f6,VigilancePlanRetriever,vigilance_plan,Schneider Electric,schneider-electric,2024,https://www.se.com/ww/fr/assets/342/document/466150/plan-de-vigilance-2023.pdf?p_enDocType=Duty+of+Vigilance+plan&p_File_Name=Schneider+Vigilance+Plan+2023,PDF Plan de vigilance 2023 - Schneider Electric Global,"Plan de vigilance - 2023 - Introduction 1.1 Objectif, mission et ambition de Schneider Electric pour exercer une influence 5 1.2 Politiques 7 1.3 Devoir de vigilance 8 - Gouvernance et parties prenantes 2.1 Gouvernance globale 10 2.2 Comité Devoir de Vigilance 11 2.2.1 Composition 11",ddgs,85.0,auto_download,"[""mots-clés forts vigilance : ['plan de vigilance', 'devoir de vigilance', 'duty of vigilance plan', 'vigilance plan']"", ""nom de l'entreprise détecté"", ""domaine officiel détecté : se.com"", ""URL PDF directe"", ""nom de fichier compatible vigilance : ['plandevigilance', 'vigilanceplan', 'vigilance']"", ""classe documentaire : standalone_vigilance_plan""]","[""année demandée absente, années détectées : [2023]""]",C:\Users\hp\Desktop\ESG\VigilancePlanRetriever\data\dossier_ingestion_0\vigilance_plans\schneider-electric\2024\candidates\candidate_002_score_85_0.pdf,C:\Users\hp\Desktop\ESG\VigilancePlanRetriever\data\dossier_ingestion_0\vigilance_plans\schneider-electric\2024\candidates\candidate_002_manifest.json,db86f699776ee068551a1ee263dafdc1943a869b983fa7e8120238504cdb8a02,3.3289,vigilance_plan_candidate,high_score_candidate,2,2026-05-09T20:28:20+00:00,C:\Users\hp\Desktop\ESG\VigilancePlanRetriever\data\dossier_ingestion_0\vigilance_plans\schneider-electric\2024\candidates\candidate_002_manifest.json
63cb1bbab84bae3c83542a40,VigilancePlanRetriever,vigilance_plan,TotalEnergies,totalenergies,2024,https://www.voluntaryprinciples.org/wp-content/uploads/2025/04/TotalEnergies-2024-Annual-Report.pdf,VPSHR 2024,This repor t describes TotalEnergies’ (the “Company”) overall commitment and 2024 implementation of the Voluntary Principles on Security and Human Rights (“VPSHR” or “VPs”).,ddgs,81.0,auto_download,"[""année trouvée : 2024"", ""mots-clés faibles vigilance : ['human rights']"", ""nom de l'entreprise détecté"", ""URL PDF directe"", ""rapport annuel/URD contenant signaux vigilance : ['annual report']"", ""classe documentaire : annual_report_with_vigilance_section""]","[""domaine non officiel : voluntaryprinciples.org""]",C:\Users\hp\Desktop\ESG\VigilancePlanRetriever\data\dossier_ingestion_0\vigilance_plans\totalenergies\2024\candidates\candidate_001_score_81_0.pdf,C:\Users\hp\Desktop\ESG\VigilancePlanRetriever\data\dossier_ingestion_0\vigilance_plans\totalenergies\2024\candidates\candidate_001_manifest.json,c221f3684732fcb29102ce1830671fd49fe2e53fde24b3bbd976a7b54b10bea7,2.1385,vigilance_plan_candidate,high_score_candidate,1,2026-05-09T20:59:29+00:00,C:\Users\hp\Desktop\ESG\VigilancePlanRetriever\data\dossier_ingestion_0\vigilance_plans\totalenergies\2024\candidates\candidate_001_manifest.json
